Date,date_time,SEP,Unscheduled,PC,MP1,MP2,FF1,FF2,FF3,FF4,FF5,FF6,ED1,ED2,ED3,ED4,ED5,ED6,ED7,ED8,OIS1Y,OIS2Y,UST3M,UST6M,UST2Y,UST5Y,UST10Y,UST30Y,TIPS5Y,TIPS10Y,TIPS30Y,SP500,SPFUT,DXY,EURUSD,USDJPY
1994-02-04,1994-02-04 11:05:00,0,0,0,0.1633333333333334,-0.05478037037037044,0.14,0.10001,0.08,0.0,0.0,0.0,0.13,0.15,0.14,0.15,0.13,0.13,0.13,0.13,,,0.149000168,,0.142000198,0.111999989,0.073999882,0.015999794,,,,,,0.86530442035029,,
1994-03-22,1994-03-22 14:20:00,0,0,0,0.0,-0.08857142857142858,0.0,-0.04,-0.04,0.0,0.0,0.0,-0.05,-0.05,-0.03,-0.04,-0.05,-0.05,-0.05,-0.05,,,-0.020999908,,-0.052000046,-0.072999954,-0.065999985,-0.051000118,,,,,,0.22727272727273,,
1994-04-18,1994-04-18 10:06:00,0,1,0,0.150025,-0.005030357142857119,0.06001,0.08,0.09,0.12,0.0,0.0,0.08,0.09,0.08,0.11,0.07,0.08,0.08,0.07,,,0.144999981,,0.125,0.111000061,0.084000111,0.032000065,,,,,,0.315822718180858,,
1994-05-17,1994-05-17 14:26:00,0,0,0,0.1107142857142857,-0.05137142857142857,0.05,0.05,-0.02,0.05,-0.05,0.0,-0.04,-0.06,-0.07,-0.07,-0.11,-0.1,-0.11,-0.11,,,0.036000252,,-0.06000042,-0.090999603,-0.100000381,-0.087999821,,,,,,0.225491248792019,,
1994-07-06,1994-07-06 14:18:00,0,0,0,-0.0496,0.05290666666666666,-0.04,0.0,0.0,0.0,0.0,0.0,-0.015,-0.01,-0.005,-0.01,0.01,0.01,0.0,0.0,,,-0.010000229,,0.004000187,0.013000011,0.018000126,0.017999649,,,,,,-0.0558222619180497,,
1994-08-16,1994-08-16 13:18:00,0,0,0,0.124,0.0,0.06,0.09,0.0,0.0,0.0,0.0,0.08,0.03,0.01,0.01,0.01,0.0,0.0,0.0,,,0.083000183,,0.044000149,-0.011000156,-0.035999775,-0.021999836,,,,,,0.533707865168533,,
1994-09-27,1994-09-27 14:18:00,0,0,0,-0.09,-0.01000000000000001,-0.02,-0.09,-0.05,-0.03,0.0,0.0,-0.03,-0.025,-0.01,-0.005,0.0,0.01,0.0,0.0,,,-0.062000275,,-0.009000301,0.021000385,0.020999908,0.036000252,,,,,,-0.233485193621865,,
1994-11-15,1994-11-15 14:20:00,0,0,0,0.12,0.007272727272727307,0.06,0.08,0.05,0.08,0.08,0.08,0.04,0.03,0.02,0.035,0.0,0.01,0.01,0.01,,,0.072999954,,0.039999962,0.008000374,-0.010000229,-0.015000343,,,,,,0.295959021058628,,
1994-12-20,1994-12-20 14:17:00,0,0,0,-0.2254545454545455,-0.0435016835016835,-0.08,-0.14,-0.05,-0.05,-0.05,-0.05,-0.07,-0.005,0.015,0.04,0.0,0.01,0.0,0.0,,,-0.078000069,,-0.009000301,-0.004000187,0.008999825,0.015000343,,,,,,-0.0557537912578182,,
1995-02-01,1995-02-01 14:15:00,0,0,0,0.0725925925925926,0.05,0.07,0.02,0.05,0.045,0.0,0.0,0.06,0.07,0.07,0.06,0.05,0.07,0.09,0.06,,,0.046999931,,0.06400013,0.049000263,0.031000137,0.015999794,,,,,,-0.0625711035267426,,
1995-03-28,1995-03-28 14:15:00,0,0,0,0.0,0.0,0.0,0.0,0.0,0.01,0.01,0.05,0.01,0.02,0.03,0.02,0.02,0.02,0.02,0.04,,,0.01099968,,0.008999825,0.011000156,0.016000271,0.008999825,,,,,,-0.00603136308805241,,
1995-05-23,1995-05-23 14:15:00,0,0,0,0.0,0.0,0.0,0.02,0.0,0.0,-0.01,0.0,-0.01,-0.02,-0.005,-0.01,-0.01,0.0,-0.01,-0.02,,,-0.005000114,,0.0,0.002999783,0.002000332,0.001999855,,,,,,0.0,,
1995-07-06,1995-07-06 14:15:00,0,0,0,-0.0868,-0.1322666666666667,-0.07,-0.1,-0.14,-0.145,0.0,0.0,-0.2,-0.27,-0.265,-0.25,-0.25,-0.22,-0.17999,-0.2,,,-0.145999908,,-0.190000057,-0.169000149,-0.134000301,-0.083000183,,,,,,-0.0183710961420705,,
1995-08-22,1995-08-22 14:15:00,0,0,0,0.03444444444444444,0.01,0.01,0.03,0.01,0.01,0.02,0.0,0.055,0.04,0.06,0.04,0.05,0.03,0.03,0.04,,,0.009999752,,0.035000324,0.036000252,0.026000023,0.037000179,,,,,,-0.0347342827370628,,
1995-09-26,1995-09-26 14:15:00,0,0,0,0.02,0.03999999999999999,0.0,0.02,0.03,0.04,0.025,0.0,0.07,0.07,0.07,0.05,0.04,0.05,0.05,0.04,,,0.084000111,,0.039000034,0.044999599,0.032000065,0.013000011,,,,,,0.0117813383600437,,
1995-11-15,1995-11-15 14:15:00,0,0,0,0.06,-0.04333333333333333,0.03,0.02,0.03,0.02,0.04,0.0,0.04,0.025,0.02,0.025,0.02,0.02,0.02,0.03,,,0.016000271,,0.03000021,0.022000313,0.015999794,0.00399971,,,,,,0.095670892131067,,
1995-12-19,1995-12-19 14:15:00,0,0,0,-0.0775,-0.07,-0.03,-0.08,-0.07,-0.04,-0.09,-0.11,-0.045,-0.04,-0.04,-0.04,-0.05,-0.05,-0.03,-0.04,,,-0.020999908,,-0.016999722,-0.022000313,-0.007999897,-0.014999866,,,,,,0.0940955069395416,,
1996-01-31,1996-01-31 14:15:00,0,0,0,-0.0300000000000011,-0.0100000000000051,-0.0025,-0.0300000000000011,-0.0100000000000051,-0.0100000000000051,-0.0049999999999954,-0.0349999999999965,-0.0250000000000056,-0.0300000000000011,-0.0400000000000062,-0.0400000000000062,-0.0400000000000062,-0.039999999999992,-0.0300000000000011,-0.0499999999999971,,,-0.008,-0.0339999999999998,-0.00399999999999955,-0.0255,-0.0280000000000004,-0.0110000000000001,,,,0.0498796554345158,,0.0458032749341649,,0.0
1996-03-26,1996-03-26 11:39:00,0,0,0,0.019999999999996,-0.01099999999997579,0.0,0.019999999999996,0.0100000000000051,0.0,0.0100000000000051,0.0,0.0150000000000147,0.019999999999996,0.0299999999999869,0.0300000000000011,0.0349999999999965,0.0300000000000011,0.0200000000000102,0.0100000000000051,,,0.00900000000000034,0.0170000000000003,0.00599999999999933,0.0,0.0229999999999996,0.00999999999999978,,,,0.127706060652692,,0.0115687181860309,,0.0328993749118868
1996-05-21,1996-05-21 14:15:00,0,0,0,0.01549999999998574,0.00941071428570574,0.0049999999999954,-0.0025,0.0099999999999909,0.019999999999996,0.0200000000000102,0.019999999999996,0.0,0.0100000000000051,0.0100000000000051,0.0300000000000011,0.0300000000000011,0.0400000000000062,0.0300000000000011,0.0300000000000011,,,0.0170000000000003,0.0179999999999997,0.0100000000000006,0.0210000000000007,0.0220000000000002,0.0,,,,-0.200103757503894,,0.0225504566467426,,0.10274612366897
1996-07-03,1996-07-03 14:15:00,0,0,0,-0.06089285714286467,-0.002012987012990792,-0.0550000000000068,-0.0400000000000062,-0.035,-0.025,-0.03,0.0,-0.0500000000000113,-0.0249999999999914,-0.0150000000000005,-0.0100000000000051,-0.0099999999999909,-0.019999999999996,-0.019999999999996,-0.0249999999999914,,,0.0,-0.0330000000000003,0.00600000000000022,-0.0409999999999994,-0.0260000000000006,-0.0219999999999993,,,,0.149046845423516,,-0.0911161731207269,,0.0181110205560047
1996-08-20,1996-08-20 14:15:00,0,0,0,-0.02818181818183256,0.0,-0.0100000000000051,-0.0099999999999909,0.0,0.0100000000000051,0.0100000000000051,0.0,-0.0299999999999869,0.0,0.0100000000000051,0.0099999999999909,0.0,0.0100000000000051,0.0100000000000051,0.0,,,0.0129999999999999,-0.0169999999999994,0.00900000000000034,-0.0100000000000006,0.0150000000000005,-0.0110000000000001,,,,-0.13651979537034,,-0.0807102502017841,,-0.0737803190998916
1996-09-24,1996-09-24 14:15:00,0,0,0,-0.129999999999995,-0.1123529411764815,-0.0249999999999914,-0.129999999999995,-0.120000000000004,-0.120000000000004,-0.0699999999999931,-0.0499999999999971,-0.100000000000008,-0.0799999999999983,-0.0899999999999892,-0.0849999999999937,-0.0900000000000034,-0.0900000000000034,-0.0799999999999983,-0.0850000000000079,,,-0.0259999999999998,-0.0954999999999994,-0.0104999999999995,-0.125,-0.0600000000000005,-0.118,,,,0.299063516433949,,-0.0571951498512893,,-0.136549840691844
1996-11-13,1996-11-13 14:15:00,0,0,0,0.0,0.0,0.0,0.0,0.0,-0.0099999999999909,0.0,-0.019999999999996,-0.0100000000000051,-0.0150000000000005,-0.019999999999996,-0.0250000000000056,-0.0300000000000011,-0.0099999999999909,-0.0100000000000051,-0.019999999999996,,,-0.0209999999999999,-0.00849999999999973,-0.0190000000000001,-0.0100000000000006,-0.0149999999999996,-0.0110000000000001,,,,0.243922492942688,,0.138664201525295,,0.314183123877912
1996-12-17,1996-12-17 14:15:00,0,0,0,0.0,0.0,0.0,0.0099999999999909,0.0,0.0100000000000051,0.0,0.0100000000000051,-0.0150000000000147,-0.0100000000000051,-0.0100000000000051,0.0499999999999971,0.0499999999999971,0.0600000000000022,-0.0100000000000051,0.0499999999999971,,,0.00899999999999945,0.0,0.00300000000000011,0.000500000000000611,0.0149999999999996,-0.00999999999999978,,,,-0.0751993818472775,,-0.0113007119448422,,0.013171181454977
1997-02-05,1997-02-05 14:15:00,0,0,0,-0.03043478260870247,-0.0099999999999909,-0.0250000000000056,-0.0099999999999909,-0.0099999999999909,0.0,0.0,0.019999999999996,-0.0200000000000102,0.0050000000000096,0.0100000000000051,0.0300000000000011,0.0200000000000102,0.019999999999996,0.0100000000000051,0.019999999999996,,,-0.0100000000000006,0.0110000000000001,0.0,0.0220000000000002,0.0175,0.0229999999999996,,,,-0.2981605013139293,,-0.0107215610592804,,0.0647668393782369
1997-03-25,1997-03-25 14:15:00,0,0,0,0.0499999999999971,0.02181818181816454,0.0150000000000005,0.0499999999999971,0.039999999999992,0.0499999999999971,0.0300000000000011,0.0400000000000062,0.0400000000000062,0.0600000000000022,0.0600000000000022,0.0550000000000068,0.0600000000000022,0.0699999999999931,0.0499999999999971,0.0499999999999971,,,-0.0110000000000001,0.0099999999999997,0.0434999999999998,0.0529999999999999,0.0439999999999995,0.0380000000000002,,,,-0.4547999320630818,,-0.0418497593638753,,-0.129230272191258
1997-05-20,1997-05-20 14:15:00,0,0,0,-0.08454545454545764,-0.06899686520375416,-0.0300000000000011,-0.0850000000000079,-0.0699999999999931,-0.0799999999999983,-0.0799999999999983,-0.0600000000000022,-0.0650000000000119,-0.0524999999999948,-0.0450000000000017,-0.0450000000000017,-0.0400000000000062,-0.0499999999999971,-0.0400000000000062,-0.039999999999992,,,-0.0830000000000001,-0.0970000000000004,-0.0350000000000001,-0.0220000000000002,-0.0039999999999995,0.0019999999999997,,,,0.5232830901370187,,-0.4991503823279512,,-0.8771929824561403
1997-07-02,1997-07-02 14:15:00,0,0,0,-0.02137931034482331,0.00801724137932708,-0.019999999999996,-0.0099999999999909,-0.0200000000000102,-0.019999999999996,0.0,-0.1099999999999994,-0.0099999999999909,-0.0024999999999977,-0.0049999999999954,0.0,-0.0099999999999909,-0.0100000000000051,-0.0100000000000051,-0.0099999999999909,,,-0.0110000000000001,-0.0110000000000001,-0.016,0.0,-0.008,-0.0070000000000005,,,,0.1733703190013946,,-0.0417536534446681,,0.0262306548920181
1997-08-19,1997-08-19 14:15:00,0,0,0,0.0,0.0,0.0,-0.0100000000000051,0.0,0.0,0.0100000000000051,0.0,-0.0024999999999977,0.0049999999999954,0.0125000000000028,0.0125000000000028,-0.0049999999999954,0.019999999999996,0.0,0.0200000000000102,,,0.0,0.0099999999999997,-0.0169999999999994,0.0114999999999998,0.0170000000000003,0.0169999999999994,,,,-0.3779919852702273,,-0.0400200100050087,,-0.0084602368866371
1997-09-30,1997-09-30 14:15:00,0,0,0,-0.0150000000000005,-0.006666666666651166,-0.0035,-0.0150000000000005,-0.0099999999999909,-0.019999999999996,-0.019999999999996,-0.019999999999996,0.0,-0.0050000000000096,0.0,0.0,0.0100000000000051,0.0099999999999909,0.0100000000000051,0.019999999999996,,,0.0,-0.032,0.0,0.0,0.008,0.0099999999999997,,,,-0.2074884466660398,-0.3241280954233113,0.0308864408524669,,0.1744186046511575
1997-11-12,1997-11-12 14:15:00,0,0,0,-0.05000000000000183,-0.02933333333334419,-0.0300000000000011,-0.0400000000000062,-0.0300000000000011,-0.019999999999996,-0.0299999999999869,0.0,-0.0324999999999988,-0.0300000000000011,-0.0299999999999869,-0.0375000000000085,-0.039999999999992,-0.0300000000000011,-0.0400000000000062,-0.0300000000000011,,,-0.0410000000000003,-0.0430000000000001,-0.0509999999999992,-0.0185000000000004,-0.0209999999999999,-0.016,,,,-0.4999673934308533,-0.4599567099567099,-0.1460158531497711,,0.2457781653849221
1997-12-16,1997-12-16 14:15:00,0,0,0,0.0,0.0,0.0,0.0,0.0,0.0,-0.019999999999996,0.0100000000000051,0.0049999999999954,-0.0074999999999931,0.0174999999999982,0.0150000000000005,0.0100000000000051,0.0,0.0,0.0300000000000011,,,-0.0110000000000001,-0.0110000000000001,-0.0170000000000003,0.0069999999999996,-0.0039999999999995,-0.0020000000000006,,,,-0.1010111421474163,-0.1029866117404737,-0.0100897992130008,,-0.0496752006113636
1998-02-04,1998-02-04 14:12:00,0,0,0,0.03500000000000129,0.0099999999999909,0.0300000000000011,0.0300000000000011,0.0099999999999909,0.0099999999999909,0.0100000000000051,0.0200000000000102,0.0100000000000051,0.0150000000000005,0.0174999999999982,0.0200000000000102,0.0099999999999909,0.0150000000000005,0.0149999999999863,0.0300000000000011,,,0.0,0.0109999999999992,0.0084999999999997,0.0069999999999996,0.0,0.0,,,,-0.2628837855265093,-0.3209084176746482,-0.0604716790969585,,-0.1050505050505013
1998-03-31,1998-03-31 14:15:00,0,0,0,-0.0049999999999954,-0.01791666666668713,-0.005,-0.0049999999999954,-0.0100000000000051,0.0010000000000047,0.0,-0.0100000000000051,0.0025000000000119,-0.0024999999999977,0.0050000000000096,0.0,-0.0100000000000051,0.0,0.0,0.0099999999999909,,,0.0,-0.0110000000000001,0.0,0.0069999999999996,0.0040000000000004,0.0039999999999995,,,,-0.0375287117252322,0.0447727781508842,-0.0590958337437233,,-0.1723750281046377
1998-05-19,1998-05-19 14:15:00,0,0,0,-0.0387500000000013,-0.01937499999999583,-0.0150000000000005,-0.0300000000000011,-0.019999999999996,-0.0100000000000051,0.0,-0.0200000000000102,-0.0275000000000034,-0.0100000000000051,-0.0099999999999909,-0.0149999999999863,-0.0099999999999909,0.0,-0.0099999999999909,-0.0100000000000051,,,-0.0209999999999999,-0.0099999999999997,-0.0084999999999997,-0.0039999999999995,-0.0019999999999997,0.0,,,,-0.1330468630606188,-0.2461400760796598,-0.099790440075835,0.2444987775061056,-0.0439335139488923
1998-07-01,1998-07-01 14:15:00,0,0,0,-0.005166666666666667,-0.040538461538452,-0.005,-0.019999999999996,0.0,0.01,-0.0400000000000062,-0.01,-0.0250000000000056,-0.0300000000000011,-0.0400000000000062,-0.0449999999999874,-0.0699999999999931,-0.059999999999988,,,,,-0.0030000000000001,-0.024,-0.0499999999999998,-0.0440000000000004,-0.0199999999999995,-0.008,,,,1.119971802440854,0.5437146585471945,0.0394438418302004,-0.1466410044908849,-0.0578410816282354
1998-08-18,1998-08-18 14:15:00,0,0,0,0.01192307692309981,0.0099999999999909,0.0050000000000096,0.0,0.0099999999999909,0.019999999999996,0.0,0.0,0.0074999999999931,0.0050000000000096,0.0150000000000005,0.0250000000000056,0.0,0.0200000000000102,0.0150000000000005,0.0,,,-0.0210000000000007,-0.0110000000000001,0.0,0.0,-0.0019999999999997,0.0019999999999997,,,,0.1685608829118782,0.272975432211101,0.0684261974584627,0.0,0.0482825217271496
1998-09-29,1998-09-29 14:15:00,0,0,0,0.0549999999999926,0.06653846153847628,0.0050000000000096,0.0549999999999926,0.0600000000000022,0.0699999999999931,0.0400000000000062,0.0200000000000102,0.0575000000000045,0.0049999999999954,0.0124999999999886,0.0150000000000005,0.0,-0.0075000000000073,0.0100000000000051,0.0075000000000073,,,0.0209999999999999,0.0369999999999999,0.0330000000000003,0.0069999999999996,-0.0190000000000001,-0.0110000000000001,,,,-0.6627459743173859,-0.9660697455230914,-0.0312793243665948,0.0424989375265571,0.193682955899874
1998-10-15,1998-10-15 15:15:00,0,1,0,-0.1646875000000153,-0.1538701923076644,-0.0850000000000079,-0.1599999999999966,-0.1400000000000005,-0.1400000000000005,-0.1299999999999954,-0.1199999999999903,-0.164999999999992,-0.164999999999992,-0.1899999999999977,-0.1899999999999977,-0.1550000000000011,-0.2199999999999988,-0.1599999999999966,-0.2549999999999954,,,-0.1394999999999999,-0.2109999999999994,-0.2160000000000002,-0.1819999999999995,-0.1424999999999991,-0.0779999999999994,,,,2.113667927898756,2.267186738176499,-0.4624650462465119,0.0,-0.646203554119552
1998-11-17,1998-11-17 14:15:00,0,0,0,-0.06923076923077176,0.0658974358974383,-0.0300000000000011,-0.0300000000000011,-0.0400000000000062,-0.0400000000000062,0.0,-0.039999999999992,-0.0275000000000034,-0.019999999999996,0.0049999999999954,0.0049999999999954,0.0099999999999909,-0.0100000000000051,-0.0174999999999982,0.0050000000000096,,,-0.032,-0.064,0.0,-0.0175,-0.0120000000000004,-0.0019999999999997,,,,0.5970320491039994,0.7707553402334287,0.0632111251580302,0.135604712263755,0.3886545935665251
1998-12-22,1998-12-22 14:15:00,0,0,0,-0.01722222222220638,0.002066666666664765,-0.0049999999999954,0.0,0.0,0.0099999999999909,0.0200000000000102,0.0,0.0100000000000051,-0.0074999999999931,-0.0100000000000051,0.0024999999999977,-0.0049999999999954,-0.0100000000000051,-0.0049999999999954,-0.0049999999999954,,,0.0109999999999992,0.0164999999999997,0.0254999999999991,0.0034999999999998,0.0,0.0020000000000006,,,,-0.1298415766832782,-0.164271047227926,-0.0316923727023041,0.0,0.0855066267635693
1999-02-03,1999-02-03 14:12:00,0,0,0,0.005600000000010753,0.0100000000000051,0.0050000000000096,-0.0100000000000051,0.0100000000000051,0.0100000000000051,0.0099999999999909,0.0,-0.0050000000000096,0.0024999999999977,0.0100000000000051,0.0,0.0100000000000051,0.0150000000000005,0.0100000000000051,0.0100000000000051,,,-0.0110000000000001,0.0,0.0,0.0070000000000005,0.0119999999999995,0.0095,,,,0.104861059096709,0.0981546917942677,0.0,0.0176694054245251,-0.0044308564845544
1999-03-30,1999-03-30 14:12:00,0,0,0,0.0,-0.02384615384616601,0.0049999999999954,0.0,-0.0100000000000051,-0.019999999999996,0.0,-0.0100000000000051,-0.0125000000000028,-0.0250000000000056,-0.0300000000000011,-0.0275000000000034,-0.0249999999999914,-0.0300000000000011,-0.0250000000000056,-0.0300000000000011,,,-0.0099999999999997,-0.0099999999999997,-0.0169999999999994,-0.0149999999999996,-0.0039999999999995,-0.0019999999999997,,,,-0.2411074896163275,-0.1896453631708704,0.0,0.0093266181682511,-0.0997091815537934
1999-05-18,1999-05-18 14:11:00,0,0,0,0.0,0.0300000000000011,0.0,-0.0100000000000051,0.0300000000000011,0.0300000000000011,0.0750000000000028,0.0600000000000022,0.0324999999999988,0.1149999999999948,0.1500000000000056,0.1599999999999966,0.1550000000000011,0.1000000000000085,0.1400000000000005,0.1400000000000005,,,0.026000023,0.0430000000000001,0.1209999999999995,0.1239999999999996,0.0990000000000002,0.0590000000000001,,,,-1.308286059704271,-1.353606526979418,-0.0545905707196097,0.0842933408260654,-0.0162390386489087
1999-06-30,1999-06-30 14:15:00,0,0,0,-0.0449999999999874,-0.0699999999999931,0.0,-0.0449999999999874,-0.0600000000000022,-0.0699999999999931,-0.0799999999999983,-0.0899999999999892,-0.0799999999999983,-0.0999999999999943,-0.1050000000000039,-0.1199999999999903,-0.1149999999999948,-0.1249999999999857,-0.1099999999999994,-0.1099999999999994,,,-0.0309999999999996,-0.064,-0.1089999999999999,-0.1014999999999997,-0.0769999999999999,-0.0500000000000007,,,,1.613491951163178,1.717768747691171,-0.2760959069992701,0.3396079953425246,-0.090826521344232
1999-08-24,1999-08-24 14:15:00,0,0,0,0.0375000000000085,0.004711538461525978,0.0150000000000005,0.0375000000000085,0.0099999999999909,0.0250000000000056,0.0249999999999914,0.0049999999999954,0.0099999999999909,0.0,-0.0024999999999977,-0.0224999999999937,-0.0249999999999914,-0.0250000000000056,-0.0349999999999965,-0.0225000000000079,,,-0.0110000000000001,0.0054999999999996,-0.0179999999999997,-0.0220000000000002,-0.016,-0.0119999999999995,,,,0.5808936656152702,0.6043956043956044,0.2733870166020535,-0.285225328009138,0.2342764462065283
1999-10-05,1999-10-05 14:12:00,0,0,0,-0.04769230769231508,0.0009340659340623758,-0.0400000000000062,-0.0250000000000056,0.0,0.0450000000000017,0.0150000000000005,0.0799999999999983,0.0300000000000011,0.0725000000000051,0.0949999999999988,0.0899999999999892,0.082499999999996,0.0899999999999892,0.0850000000000079,0.0700000000000073,,,0.0110000000000001,0.0430000000000001,0.0510000000000001,0.0740000000000007,0.0549999999999997,0.0460000000000002,,,,-0.6259566399378633,-0.8292499057670562,-0.2284611869827834,0.3463770829432724,-0.0561167227833915
1999-11-16,1999-11-16 14:15:00,0,0,0,0.05357142857144057,0.1509999999999553,0.0250000000000056,0.0849999999999937,0.0850000000000079,0.0449999999999874,0.0750000000000028,0.1000000000000085,0.0625,0.0750000000000028,0.0700000000000073,0.0600000000000022,0.0600000000000022,0.0450000000000017,0.019999999999996,0.0374999999999943,,,0.0469999999999997,0.0269999999999992,0.0859999999999994,0.0509999999999992,0.0389999999999997,0.024,,,,-0.3486295739916559,-0.352547153181738,-0.0792785650579707,0.1018527500242717,-0.0094473311289474
1999-12-21,1999-12-21 14:15:00,0,0,0,0.01549999999998574,-0.006518518518512521,0.0049999999999954,-0.0099999999999909,-0.0049999999999954,-0.0049999999999954,0.0200000000000102,0.0,0.0150000000000005,0.0450000000000017,0.0400000000000062,0.0499999999999971,0.0474999999999994,0.0450000000000017,0.0549999999999926,0.0450000000000017,,,0.0110000000000001,0.032,0.0440000000000004,0.0300000000000002,0.0419999999999998,0.0369999999999999,,,,0.4787039896678507,0.4678565239993069,0.0294348508634234,0.0198255352894506,0.1371876531112205
2000-02-02,2000-02-02 14:15:00,0,0,0,-0.0537037037037006,0.004277777777782097,-0.0499999999999971,-0.0349999999999965,-0.0150000000000005,0.0049999999999954,0.0,-0.0300000000000011,-0.0200000000000102,-0.0049999999999954,0.0025000000000119,0.0150000000000005,0.019999999999996,0.019999999999996,0.019999999999996,0.0274999999999892,,,-0.0209999999999999,-0.0160000000000009,0.0340000000000006,0.0429999999999992,0.0295000000000005,0.0010000000000003,,,,-0.3337080478786227,-0.246175487954985,-0.038222646918305,0.0460099176933757,0.0369310312990416
2000-03-21,2000-03-21 14:15:00,0,0,0,-0.03100000000001581,0.02273333333333036,-0.0100000000000051,-0.019999999999996,-0.0050000000000096,-0.0099999999999909,-0.0049999999999954,-0.0200000000000102,-0.0049999999999954,-0.0050000000000096,0.0049999999999954,0.0,0.0,0.0049999999999954,0.0050000000000096,0.0024999999999977,,,0.0,0.0264999999999995,0.0169999999999994,0.024,-0.0039999999999995,-0.0069999999999996,,,,0.0064559972816717,0.1510320523577781,-0.0141864094197763,0.0414293112376961,0.0186776242061972
2000-05-16,2000-05-16 14:15:00,0,0,0,0.04133333333332507,0.0500000000000113,0.019999999999996,0.0500000000000113,0.0500000000000113,0.0549999999999926,0.039999999999992,0.0300000000000011,0.0512500000000102,0.0524999999999948,0.0499999999999971,0.0450000000000017,0.0425000000000039,-0.0174999999999982,-0.0225000000000079,0.0475000000000136,,,0.0209999999999999,0.0215999999999993,0.0827999999999997,0.0465999999999997,0.0217,0.0045000000000001,,,,-0.6397562314029454,-0.6779661016949152,-0.0989564591579699,0.1546277888226273,-0.1002826146412612
2000-06-28,2000-06-28 14:15:00,0,0,0,-0.019999999999996,-0.019999999999996,0.0,-0.019999999999996,-0.019999999999996,-0.0150000000000005,-0.0300000000000011,-0.0100000000000051,-0.0250000000000056,-0.0299999999999869,-0.0450000000000017,-0.0450000000000017,-0.0450000000000017,-0.0400000000000062,-0.0324999999999988,-0.0424999999999897,,,-0.0392000000000001,-0.0108000000000005,-0.0042999999999997,-0.0223000000000004,-0.0128000000000003,-0.0132000000000003,,,,0.2649808188078256,0.2700877785280216,-0.0650981121547543,0.1376681139468355,0.052122820318416
2000-08-22,2000-08-22 14:15:00,0,0,0,0.01722222222220638,-0.001845238095236398,0.0049999999999954,-0.0050000000000096,0.0,0.1050000000000039,0.0049999999999954,0.0,-0.0024999999999977,0.0150000000000005,0.019999999999996,0.0200000000000102,0.0300000000000011,0.0150000000000005,0.0099999999999909,0.0150000000000005,,,0.0,0.0053999999999998,0.0174000000000003,0.0057,-0.0083000000000001,0.0,,,,-0.1693901952969431,-0.1654259718775848,-0.0715563506261165,0.0779683671196171,0.0
2000-10-03,2000-10-03 14:12:00,0,0,0,0.0,0.0099999999999908,0.0,0.0049999999999954,0.0099999999999909,0.0200000000000102,0.0299999999999869,0.0300000000000011,0.0225000000000079,0.0349999999999965,0.0450000000000017,0.0600000000000022,0.059999999999988,0.0600000000000022,0.0450000000000017,0.0625,,,0.0,0.0,0.0464999999999999,0.0441000000000002,0.0254000000000003,0.0076999999999998,,,,-0.194353096577997,-0.2378121284185493,0.1841297676457763,-0.251112886656772,0.0459981600735944
2000-11-15,2000-11-15 14:12:00,0,0,0,0.0,0.0,0.0,0.0,0.0049999999999954,0.0150000000000005,0.0,0.0,0.0075000000000073,0.0100000000000051,0.0049999999999954,0.0024999999999977,0.0,-0.0049999999999954,0.0,-0.0099999999999909,,,0.0,0.0,0.0,0.0017999999999993,-0.0084999999999997,-0.0200999999999993,,,,-0.6356343055784925,-0.6430868167202572,0.0773129456232311,-0.0933162253586739,0.0045901037363402
2000-12-19,2000-12-19 14:15:00,0,0,0,0.05166666666665633,0.0150000000000005,0.019999999999996,0.0449999999999874,0.0150000000000005,0.0100000000000051,0.0099999999999909,-0.0150000000000005,0.0349999999999965,0.0224999999999937,0.0075000000000073,-0.0049999999999954,-0.0049999999999954,0.0550000000000068,0.0575000000000045,0.0049999999999954,,,0.0261000000000004,-0.0053,0.0256000000000007,0.0053999999999998,0.0223000000000004,0.0286999999999997,,,,-0.6067500948046916,-0.622938805423232,-0.0881445570736082,0.1234567901234556,-0.0355271338484823
2001-01-03,2001-01-03 13:13:00,0,1,0,-0.3874999999999937,-0.1749999999999971,-0.3499999999999943,-0.1749999999999971,-0.1550000000000011,-0.1700000000000017,-0.1099999999999994,-0.1299999999999954,-0.1400000000000005,-0.1349999999999909,-0.1050000000000039,-0.0799999999999983,-0.0575000000000045,-0.0549999999999926,-0.0549999999999926,-0.0349999999999965,,,-0.1616999999999997,-0.0857000000000001,-0.0041999999999999,0.0552000000000001,0.0158999999999993,0.0678,,,,4.374885451234399,4.623386630706993,0.2842993396918452,-0.4233700254022019,0.0481484723802789
2001-01-31,2001-01-31 14:15:00,0,0,0,0.0300000000000011,0.07227272727273007,0.0,0.0300000000000011,0.0450000000000017,-0.0100000000000051,0.0300000000000011,-0.0150000000000005,0.0300000000000011,-0.0125000000000028,-0.0300000000000011,-0.0450000000000017,-0.0500000000000113,-0.0374999999999943,-0.0349999999999965,-0.0175000000000125,,,0.0208000000000003,0.0265999999999992,0.0124000000000004,0.0108999999999994,0.0082000000000004,0.0039999999999995,,,,-0.6174988215671416,-0.487452608774147,-0.1445608962775666,0.2145922746781117,0.0
2001-03-20,2001-03-20 14:15:00,0,0,0,0.0563636363636251,-0.07221590909090841,0.019999999999996,0.0275000000000034,-0.0100000000000051,-0.0700000000000073,-0.0600000000000022,0.0,-0.0400000000000062,-0.0649999999999977,-0.0850000000000079,-0.0825000000000102,-0.0925000000000011,-0.082499999999996,-0.0750000000000028,-0.0725000000000193,,,0.0622000000000007,-0.0423999999999997,-0.0294999999999996,-0.0419999999999998,-0.0138999999999995,-0.0114,,,,-0.6011870897620007,-0.5889777029869584,0.0436528723589987,-0.0497319997789756,0.0570962479608543
2001-04-18,2001-04-18 10:54:00,0,1,0,-0.4625000000000055,-0.3898437499999948,-0.1850000000000022,-0.425,-0.4600000000000079,-0.4299999999999926,-0.4699999999999988,-0.5,-0.480000000000004,-0.4500000000000028,-0.4399999999999977,-0.22,-0.3449999999999988,-0.3449999999999988,-0.3250000000000028,-0.3100000000000023,,,-0.2845,-0.2955999999999998,-0.3343000000000007,-0.2615999999999996,-0.1638000000000001,-0.0575999999999998,,,,2.338867469680577,2.935139573070608,-0.7176420333190974,0.9245519917817596,-0.2935660115795477
2001-05-15,2001-05-15 14:15:00,0,0,0,-0.09687499999999438,-0.1200000000000045,-0.0499999999999971,-0.0900000000000034,-0.1200000000000045,-0.125,-0.1200000000000045,-0.2000000000000028,-0.1099999999999994,-0.1375000000000028,-0.1299999999999954,-0.157500000000013,-0.1550000000000011,-0.0524999999999948,-0.1274999999999977,-0.1050000000000039,,,0.0,-0.0840999999999998,-0.1349,-0.075499999999999,-0.0276499999999995,0.0247000000000001,,,,0.3739284125476398,0.4799040191961607,0.0771538791255801,-0.0909814625270127,0.1055280461076349
2001-06-27,2001-06-27 14:12:00,0,0,0,0.1050000000000039,0.04300000000001634,0.0150000000000005,0.1050000000000039,0.0850000000000079,0.0749999999999886,0.0699999999999931,0.0649999999999977,0.0750000000000028,0.0750000000000028,0.0749999999999886,0.059999999999988,0.0549999999999926,0.0249999999999914,0.0274999999999892,0.0400000000000062,,,0.0541500000000003,0.0261999999999997,0.0594999999999998,0.0345999999999993,0.0062999999999995,-0.0022000000000002,,,,-0.4840991724659848,-0.4498057656920875,0.0761356907199081,-0.0927643784786668,0.0402187902187993
2001-08-21,2001-08-21 14:15:00,0,0,0,0.02635,-0.02319655172413366,0.0085,0.0150000000000005,-0.019999999999996,-0.0050000000000096,-0.0550000000000068,-0.019999999999996,-0.0275000000000034,-0.0900000000000034,-0.0899999999999892,-0.1099999999999994,-0.0799999999999983,-0.0900000000000034,-0.0750000000000028,-0.0450000000000017,,,-0.0158,-0.0367999999999999,-0.0968,-0.0756000000000005,-0.0496999999999996,-0.0361000000000002,,,,-1.487642625931369,-1.928374655647383,-0.5111483211421506,0.7019083132265805,-0.0166763945635039
2001-09-17,2001-09-17 08:20:00,0,1,0,-0.2134615384615738,-0.07881299734748366,-0.0925000000000153,-0.0875000000000056,0.0,0.0,0.0,0.0,0.0,-0.0349999999999965,-0.0499999999999971,-0.0150000000000005,-0.0100000000000051,-0.0024999999999977,,,,,-0.185,-0.1865000000000001,-0.032,0.0349999999999997,0.0245000000000006,0.0229999999999996,,,,0.0,,0.0894054537326853,-0.1078283372870391,0.1535967232699094
2001-10-02,2001-10-02 14:15:00,0,0,0,-0.03741379310344453,-0.04689655172414098,-0.0349999999999965,-0.0450000000000017,-0.0450000000000017,-0.0400000000000062,-0.0900000000000034,-0.1099999999999994,-0.0474999999999994,-0.0700000000000073,-0.0625,-0.0574999999999903,-0.0374999999999943,-0.0300000000000011,-0.0275000000000034,-0.0049999999999954,,,-0.0411000000000001,-0.0362999999999997,-0.0121999999999999,0.0,0.0029500000000002,0.0158000000000004,,,,-0.3359924737685875,-0.4068932503590234,-0.110404522169228,0.1309186122627077,-0.1900826446281024
2001-11-06,2001-11-06 14:20:00,0,0,0,-0.1468750000000085,-0.1207187499999882,-0.1175000000000068,-0.1299999999999954,-0.1400000000000005,-0.1450000000000102,-0.1650000000000062,-0.1500000000000056,-0.1599999999999966,-0.1525000000000034,-0.1624999999999943,-0.164999999999992,-0.1400000000000005,-0.1350000000000051,-0.1499999999999914,-0.125,,,-0.1539999999999999,-0.1347,-0.0829499999999998,-0.0907,-0.0247999999999999,0.0072999999999998,,,,0.6118522436102051,0.6376679571851515,0.0348523133223022,-0.0667779632721128,0.0413018338014184
2001-12-11,2001-12-11 14:15:00,0,0,0,-0.00775000000001488,-0.0349999999999965,-0.0050000000000096,0.0099999999999909,-0.0349999999999965,-0.0300000000000011,-0.0499999999999829,-0.0949999999999988,-0.019999999999996,-0.0600000000000022,-0.0949999999999988,-0.0949999999999988,-0.0949999999999988,-0.0999999999999943,-0.0949999999999988,-0.0949999999999988,,,-0.0256,-0.0258,-0.0617999999999998,-0.0971000000000001,-0.0310000000000005,-0.0139999999999993,,,,0.2778505897772008,0.3057436121423891,-0.0516706854977628,0.0673400673400599,0.0396416395782219
2002-01-30,2002-01-30 14:15:00,0,0,0,0.0200000000000102,0.01999999999997351,0.0,0.0200000000000102,0.019999999999996,0.0225000000000079,0.0225000000000079,0.0300000000000011,0.0249999999999914,0.019999999999996,0.0275000000000034,0.0250000000000056,0.0125000000000028,0.0024999999999977,0.0049999999999954,0.0100000000000051,,,0.0153,0.0051000000000001,0.0080999999999997,-0.0027999999999996,-0.0077999999999995,-0.0083000000000001,,,,-0.0614810091993971,-0.0455477112275108,0.0376269910949468,-0.0463392029657038,0.0301386377335684
2002-03-19,2002-03-19 14:15:00,0,0,0,-0.0387500000000013,-0.03390625000001357,-0.0150000000000005,-0.0200000000000102,-0.0350000000000108,-0.0400000000000062,-0.0474999999999852,-0.0099999999999909,-0.0600000000000022,-0.0750000000000028,-0.0799999999999983,-0.0900000000000034,-0.0725000000000051,-0.0875000000000056,-0.0799999999999983,-0.082499999999996,,,-0.0257,-0.0466999999999999,-0.0695999999999998,-0.0602,-0.0454499999999988,-0.0253999999999994,,,,-0.3818876159301513,-0.3828972559029994,-0.0340049307149469,0.0567022000453555,0.0378357926598433
2002-05-07,2002-05-07 14:15:00,0,0,0,0.0,0.0,0.0,0.0049999999999954,0.0,-0.0200000000000102,-0.0300000000000011,-0.0450000000000017,-0.0149999999999863,-0.0300000000000011,-0.0524999999999948,-0.0649999999999977,-0.0474999999999994,-0.0450000000000017,-0.0349999999999965,-0.0324999999999988,,,-0.0153999999999998,-0.0155,-0.0337,-0.0196000000000005,-0.0165000000000006,-0.0092500000000006,,,,-0.304581011927849,-0.3073286052009456,-0.0876808417360756,0.1203106201465591,-0.1287402957125518
2002-06-26,2002-06-26 14:15:00,0,0,0,0.0,0.008611111111103189,0.0,0.0,0.0049999999999954,0.0050000000000096,0.0099999999999909,0.0049999999999954,0.0150000000000005,0.0099999999999909,0.0049999999999954,0.0024999999999977,0.0049999999999954,-0.0024999999999977,-0.0025000000000119,0.0,,,0.0050999999999998,-0.0103999999999999,0.0125000000000001,0.0104999999999999,0.0091000000000001,0.0006000000000003,,,,-0.4791766495135339,-0.4685059864653826,-0.1596394027608242,0.1721693336033951,-0.1755119097367387
2002-08-13,2002-08-13 14:15:00,0,0,0,0.03444444444443756,-0.0099999999999909,0.019999999999996,0.0300000000000011,-0.0099999999999909,-0.0400000000000062,-0.0349999999999965,-0.0500000000000113,-0.0224999999999937,-0.0750000000000028,-0.1550000000000011,-0.2049999999999983,-0.1899999999999977,-0.1599999999999966,-0.1150000000000091,-0.0900000000000034,,,-0.0308000000000001,-0.0516,-0.0915999999999999,-0.0739,-0.0700000000000002,-0.0297999999999998,,,,-0.5028941171292174,-0.4675467546754675,-0.0839630562552508,0.1121533442088081,-0.0504159314343351
2002-09-24,2002-09-24 14:15:00,0,0,0,0.019999999999996,0.001249999999995249,0.0049999999999954,0.019999999999996,0.0049999999999954,-0.0050000000000096,0.0100000000000051,0.0100000000000051,-0.0024999999999977,-0.0100000000000051,-0.019999999999996,-0.0349999999999965,-0.0300000000000011,-0.019999999999996,-0.0099999999999909,-0.0150000000000005,,,0.0051999999999998,0.0155,-0.0020999999999999,-0.0303999999999997,-0.0267500000000002,-0.0033999999999991,,,,-1.027705194044981,-1.056444310292786,-0.1300631735414349,0.1836172600224445,0.0
2002-11-06,2002-11-06 14:15:00,0,0,0,-0.2031250000000106,-0.09886904761903238,-0.1625000000000085,-0.1324999999999931,-0.1049999999999897,-0.0750000000000028,-0.0900000000000034,-0.1299999999999954,-0.0825000000000102,-0.0600000000000022,-0.0649999999999977,-0.0649999999999977,-0.082499999999996,-0.0900000000000034,-0.0749999999999886,-0.1050000000000039,,,-0.1791,-0.1493,-0.0471000000000001,-0.1488,-0.0547500000000003,-0.0263499999999998,,,,-0.5231476414578183,-0.6024096385542169,-0.4241281809613465,0.4913265817707827,-0.3438113948919464
2002-12-10,2002-12-10 14:15:00,0,0,0,0.0,0.0049999999999954,0.0,-0.0049999999999954,0.0049999999999954,0.0050000000000096,-0.0100000000000051,0.0,0.0050000000000096,0.0099999999999909,0.0300000000000011,0.0400000000000062,0.0349999999999965,0.0400000000000062,0.0474999999999852,0.0324999999999988,,,-0.0102999999999999,0.0,0.0242999999999999,0.0171999999999998,0.0148999999999999,0.0116000000000004,,,,-0.2904720725514983,-0.2772387025228722,-0.0379506641366283,0.0445964025568665,-0.0404334465469813
2003-01-29,2003-01-29 14:15:00,0,0,0,0.0050000000000096,0.02884615384614175,0.0,0.0050000000000096,0.0150000000000005,0.0250000000000056,0.0275000000000034,0.0175000000000125,0.0324999999999988,0.039999999999992,0.0550000000000068,0.0499999999999971,0.0550000000000068,0.0450000000000017,0.0549999999999926,0.0550000000000068,,,0.0103000000000001,0.0102999999999999,0.0457999999999998,0.0430999999999999,0.0413999999999998,0.0285999999999999,,,,0.1571594877764869,0.2040816326530612,0.0705645161290253,-0.0922339051835557,0.0507227998985443
2003-03-18,2003-03-18 14:15:00,0,0,0,0.02384615384616601,-0.01192307692307414,0.0100000000000051,0.0150000000000005,-0.0049999999999954,-0.0100000000000051,-0.0050000000000096,0.0100000000000051,0.0099999999999909,-0.0049999999999954,0.0024999999999977,-0.0100000000000051,-0.0249999999999914,-0.0474999999999994,-0.0250000000000056,-0.0150000000000005,,,0.0154,0.0051000000000001,-0.0060999999999999,-0.0137,-0.0157499999999997,-0.0038999999999997,,,,-0.4516136503120871,-0.4486251808972503,-0.0693137934448887,0.0564812199943456,-0.0126103404791934
2003-05-06,2003-05-06 14:15:00,0,0,0,0.03099999999998934,-0.0250000000000056,0.0249999999999914,0.0149999999999863,-0.0250000000000056,-0.0499999999999971,-0.0300000000000011,-0.0549999999999926,-0.0300000000000011,-0.0775000000000005,-0.1099999999999994,-0.1450000000000102,-0.1500000000000056,-0.1375000000000028,-0.1350000000000051,-0.1300000000000096,,,-0.0281,-0.0128999999999999,-0.0982,-0.0847000000000002,-0.0516999999999998,-0.0261000000000004,,,,0.1569875477904298,0.2137323002938819,-0.2089427496865888,0.2506927035228939,-0.0805391886736457
2003-06-25,2003-06-25 14:15:00,0,0,0,0.125,0.1086842105263073,0.0300000000000011,0.125,0.1149999999999948,0.1050000000000039,0.0999999999999943,0.1049999999999897,0.1150000000000091,0.1149999999999948,0.1350000000000051,0.1299999999999954,0.1050000000000039,0.0799999999999983,0.0550000000000068,0.0300000000000011,,,0.0715,0.0974,0.0697000000000001,0.0468999999999999,0.028,-0.0053,,,,-0.1925132606173573,-0.1522842639593908,0.2240956141287034,-0.2242345838723532,0.2636727056221845
2003-08-12,2003-08-12 14:15:00,0,0,0,0.0,0.0,0.0,0.0,0.0,0.0,-0.0099999999999909,-0.0100000000000051,-0.0049999999999954,-0.0150000000000005,-0.0499999999999971,-0.0799999999999983,-0.082499999999996,-0.0924999999999869,-0.0900000000000034,-0.0849999999999937,,,-0.0050999999999999,-0.0154,-0.0447999999999999,-0.0472999999999999,-0.0284000000000004,-0.0163000000000002,,,,-0.0621377420570662,-0.0764720876879938,-0.0415973377703744,0.1591793420587215,-0.0168790615241758
2003-09-16,2003-09-16 14:15:00,0,0,0,0.0,0.0050000000000096,0.0,0.0,0.0050000000000096,0.0,-0.0049999999999954,-0.0024999999999977,0.0,-0.0050000000000096,0.0,-0.0024999999999977,0.0049999999999954,-0.0049999999999954,-0.019999999999996,-0.0150000000000005,,,-0.0101999999999999,0.0,-0.0081500000000001,-0.0136000000000002,-0.0156,-0.0061999999999997,,,,-0.1262440914829352,-0.0978712992414974,-0.062060405461318,0.0716075904045948,-0.0258220003442943
2003-10-28,2003-10-28 14:15:00,0,0,0,0.0,0.0,0.0,0.0,0.0,-0.0100000000000051,-0.0250000000000056,-0.0400000000000062,-0.0224999999999937,-0.0850000000000079,-0.1200000000000045,-0.125,-0.1400000000000005,-0.144999999999996,-0.1400000000000005,-0.1499999999999914,,,-0.0050999999999999,-0.0154,-0.1142,-0.1131999999999999,-0.0887500000000001,-0.0571999999999999,,,,-0.0284315426280453,0.0,-0.2610398085708015,0.3082719643774659,-0.1521508598828826
2003-12-09,2003-12-09 14:15:00,0,0,0,0.0,-0.0050000000000096,0.0,0.0049999999999954,-0.0050000000000096,-0.0049999999999954,0.0,0.0150000000000005,-0.0050000000000096,0.0024999999999977,0.0499999999999971,0.0749999999999886,0.0949999999999988,0.1050000000000039,0.1124999999999971,0.125,0.0449999999999999,,0.0,0.0,0.0445999999999999,0.0790999999999999,0.0784499999999992,0.0652999999999996,,,,-0.1125017578399705,-0.117205813408345,-0.0902221720987913,0.1144632491210731,-0.0560014933731587
2004-01-28,2004-01-28 14:15:00,0,0,0,0.0,0.02066666666667721,0.0,0.0,0.0100000000000051,0.0100000000000051,0.0400000000000062,0.0249999999999914,0.0275000000000034,0.1099999999999994,0.1875000000000142,0.2450000000000045,0.2600000000000051,0.2700000000000102,0.2650000000000005,0.2600000000000051,0.0879999999999998,,0.0152999999999999,0.0255999999999999,0.1654,0.1387,0.0975000000000001,0.0024999999999995,,,,-0.9106746221854584,-0.9374318726836712,1.008344923504873,-1.171071372052534,0.5067967602898655
2004-03-16,2004-03-16 14:15:00,0,0,0,0.01033333333332383,0.004209876543206003,0.0049999999999954,0.0,0.0049999999999954,-0.0100000000000051,-0.0200000000000102,-0.0249999999999914,-0.0249999999999914,-0.0549999999999926,-0.0849999999999937,-0.1000000000000085,-0.1200000000000045,-0.1325000000000074,-0.0775000000000005,-0.1350000000000051,-0.0414999999999998,,-0.0051999999999999,-0.0102999999999999,-0.0713000000000001,-0.0826000000000002,-0.0672000000000001,-0.0474000000000005,,,,-0.0351297549024113,-0.0787933363349842,0.056439778756064,-0.0814929508597597,-0.0045909466531957
2004-05-04,2004-05-04 14:15:00,0,0,0,-0.01148148148147103,-0.0050000000000096,-0.0099999999999909,-0.0075000000000073,-0.0050000000000096,-0.0075000000000073,-0.0125000000000028,-0.0049999999999954,-0.0049999999999954,0.0049999999999954,0.0150000000000005,0.0150000000000005,0.0100000000000051,-0.0049999999999954,0.019999999999996,0.0100000000000051,0.0064999999999999,,-0.0102999999999999,0.0,0.0079999999999995,0.0211000000000001,0.0184000000000006,0.0321999999999995,,,,0.3616271879116908,0.3589053387169134,-0.0222494159528268,0.0248344370860899,-0.0727603456116401
2004-06-30,2004-06-30 14:15:00,0,0,0,-0.0099999999999909,-0.02476190476190319,0.0,-0.0099999999999909,-0.019999999999996,-0.0149999999999863,-0.0174999999999982,-0.0549999999999926,-0.039999999999992,-0.0300000000000011,-0.0249999999999914,-0.0249999999999914,-0.019999999999996,-0.0249999999999914,-0.0150000000000005,-0.019999999999996,-0.0224999999999999,,-0.0152999999999998,-0.0155,-0.0121999999999999,0.0068999999999999,0.0137999999999998,0.0201999999999999,,,,0.2812009661324577,0.2865329512893982,-0.1123595505617913,0.0739341164872998,-0.3841229193341884
2004-08-10,2004-08-10 14:15:00,0,0,0,0.01476190476191229,0.01555555555553966,0.0100000000000051,0.0150000000000005,0.0350000000000108,0.0400000000000062,0.0499999999999971,0.0550000000000068,0.0349999999999965,0.0449999999999874,0.0499999999999971,0.0499999999999971,0.0499999999999971,0.0499999999999971,0.0499999999999971,0.0499999999999971,0.0409999999999999,,0.0051000000000001,0.0102999999999999,0.0324999999999997,0.0415,0.0251000000000001,0.0101000000000004,,,,-0.3083860508883517,-0.3495688650664181,0.2717083663534415,-0.2925639983746303,0.3067207938655872
2004-09-21,2004-09-21 14:15:00,0,0,0,0.0,0.0,0.0,0.0,0.0,-0.0049999999999954,0.0,-0.0049999999999954,-0.0150000000000005,-0.0150000000000005,-0.0200000000000102,-0.0300000000000011,-0.0400000000000062,-0.0349999999999965,-0.0350000000000108,-0.0550000000000068,-0.0149999999999996,,-0.0209999999999999,-0.016,-0.008,-0.0269999999999996,-0.0339999999999998,-0.032,,,,0.0261940490672319,0.0221877080097625,-0.2998585572843005,0.3991203062637374,-0.1272727272727278
2004-11-10,2004-11-10 14:15:00,0,0,0,0.0,-0.00911764705881514,0.0,-0.0049999999999954,-0.0049999999999954,-0.0100000000000051,0.0,0.0,-0.0049999999999954,-0.0249999999999914,-0.0350000000000108,-0.0499999999999971,-0.0549999999999926,-0.0550000000000068,-0.0499999999999971,-0.0450000000000017,-0.0909999999999997,,-0.0110000000000001,-0.0049999999999998,-0.0370000000000003,-0.036,-0.0289999999999999,-0.0270000000000001,,,,0.1072666735317532,0.1500857632933104,-0.0828794695713866,0.0776216719708057,-0.1491285301519347
2004-12-14,2004-12-14 14:15:00,0,0,0,0.0,-0.00538461538461043,0.0,0.0024999999999977,-0.0049999999999954,-0.0049999999999954,-0.0099999999999909,-0.0150000000000005,-0.0075000000000073,-0.0150000000000005,-0.0150000000000005,-0.0200000000000102,-0.0200000000000102,-0.0150000000000005,-0.0200000000000102,-0.019999999999996,-0.012,,-0.0209999999999999,-0.0129999999999999,-0.008,-0.0130000000000003,-0.0170000000000003,-0.0129999999999999,,,,0.0641554394647588,-0.0208116545265348,-0.1456310679611705,0.1278964790851666,-0.1326636975267701
2005-02-02,2005-02-02 14:15:00,0,0,0,-0.00538461538461043,0.01316239316238105,-0.0049999999999954,0.0,0.0,0.0,0.0,-0.0100000000000051,-0.0050000000000096,-0.0099999999999909,-0.0150000000000005,-0.0150000000000005,-0.0200000000000102,-0.0249999999999914,-0.0200000000000102,-0.0250000000000056,-0.0114999999999998,,0.0129999999999999,-0.0109999999999996,-0.008,-0.0139999999999997,-0.0229999999999996,-0.024,-0.0189,-0.024000049,-0.021700025,0.0918759046001094,-0.0419375131054728,-0.0717789209235581,0.0690607734806724,-0.0481093043394701
2005-03-22,2005-03-22 14:15:00,0,0,0,0.0,0.008303571428579511,0.0,0.0,0.0075000000000073,0.0100000000000051,0.0150000000000005,0.0349999999999965,0.0300000000000011,0.0699999999999931,0.0949999999999988,0.1050000000000039,0.1149999999999948,0.1149999999999948,0.1149999999999948,0.125,0.056,,0.0100000000000002,0.016,0.072,0.1089999999999999,0.1070000000000002,0.0919999999999996,0.0745,0.100500107,0.057500005,-0.343987989856954,-0.3562447611064543,0.3867069486404751,-0.4394938243540219,0.209324452901997
2005-05-03,2005-05-03 14:15:00,0,0,0,0.0,0.0050000000000096,0.0,0.0,0.0050000000000096,0.0100000000000051,0.0100000000000051,0.0099999999999909,0.0099999999999909,0.0250000000000056,0.0324999999999988,0.0349999999999965,0.0349999999999965,0.039999999999992,0.0450000000000017,0.0349999999999965,0.0219999999999997,,0.0060000000000002,0.0079999999999995,0.032,0.024,0.0140000000000002,0.0030000000000001,0.0132,0.027899981,0.015699983,0.1093470174955212,0.3870967741935484,0.0829383886255843,-0.108611326609763,0.0285360981641787
2005-06-30,2005-06-30 14:15:00,0,0,0,-0.0025000000000119,0.008068181818180205,0.0,-0.0025000000000119,0.0049999999999954,0.0150000000000005,0.0349999999999965,0.0349999999999965,0.0449999999999874,0.0549999999999926,0.0550000000000068,0.0600000000000022,0.0600000000000022,0.0499999999999971,0.0400000000000062,0.0300000000000011,0.0349999999999997,,0.0049999999999998,0.0210000000000003,0.0609999999999999,0.0389999999999997,0.0150000000000001,-0.0030000000000001,0.0275,-0.005299926,-0.003100038,-0.4303072968953505,-0.4565262502593899,0.0784841349927204,-0.0661868122776647,0.0811615114077044
2005-08-09,2005-08-09 14:15:00,0,0,0,-0.007045454545448064,-0.0009090909091326732,-0.0049999999999954,-0.0050000000000096,-0.0100000000000051,-0.0150000000000005,-0.0150000000000005,-0.0099999999999909,-0.0049999999999954,-0.019999999999996,-0.0250000000000056,-0.0300000000000011,-0.0250000000000056,-0.0300000000000011,-0.0300000000000011,-0.0249999999999914,-0.0190000000000001,,-0.0100000000000002,-0.0260000000000002,-0.0209999999999999,-0.0230000000000005,-0.0229999999999996,-0.0229999999999996,-0.0251,-0.015899897,-0.020200133,0.2144963803735893,0.2230784830663151,-0.1703771013175893,0.1862951563259509,-0.204991087344032
2005-09-20,2005-09-20 14:15:00,0,0,0,0.0450000000000015,0.04500000000000171,0.0150000000000005,0.0300000000000011,0.0450000000000017,0.0350000000000108,0.0349999999999965,0.0300000000000011,0.0349999999999965,0.0250000000000056,0.0150000000000005,0.0200000000000102,0.0099999999999909,0.0100000000000051,0.0200000000000102,0.0149999999999863,0.0149999999999996,,0.0310000000000001,0.0209999999999999,0.0250000000000003,0.012999999999999,-0.0190000000000001,-0.0354999999999998,0.0036,-0.024199963,-0.040300012,-0.1313991167059657,-0.1412429378531073,0.2036659877800484,-0.2301306813511887,0.2418271383788589
2005-11-01,2005-11-01 14:15:00,0,0,0,-0.005172413793113379,0.003735632183915219,-0.0050000000000096,0.0,0.0,0.0,0.0049999999999954,0.019999999999996,0.0049999999999954,0.0150000000000005,0.0150000000000005,0.0150000000000005,0.0150000000000005,0.0150000000000005,0.0200000000000102,0.0099999999999909,0.0034999999999998,,0.0049999999999998,0.0049999999999998,0.0119999999999995,0.0090000000000003,0.0040000000000004,-0.0010000000000003,0.0075,0.005400062,0.00330019,0.2265019782558214,0.2280738129794733,0.0666222518321144,-0.074956275505965,0.0771671096630398
2005-12-13,2005-12-13 14:15:00,0,0,0,-0.008611111111127645,-0.0050000000000096,-0.0050000000000096,0.0,-0.0050000000000096,-0.0049999999999954,-0.0200000000000102,-0.019999999999996,-0.0025000000000119,-0.0250000000000056,-0.0400000000000062,-0.0400000000000062,-0.0350000000000108,-0.0400000000000062,-0.0299999999999869,-0.0250000000000056,-0.0339999999999998,,-0.0310000000000001,-0.0099999999999997,-0.0250000000000003,-0.0249999999999994,-0.0200000000000004,-0.0110000000000001,-0.0157,-0.016599894,-0.008000135,0.5232592710047264,0.5547850208044383,-0.2319673036562553,0.2513826043237717,-0.2163961714523554
2006-01-31,2006-01-31 14:15:00,0,0,0,0.0099999999999909,0.0249999999999914,0.0,0.0099999999999909,0.0100000000000051,0.0249999999999914,0.0249999999999914,0.0249999999999914,0.0300000000000011,0.0250000000000056,0.0349999999999965,0.0400000000000062,0.0450000000000017,0.0450000000000017,0.0450000000000017,0.0450000000000017,0.0149999999999996,,0.0150000000000005,0.0100000000000006,0.0369999999999999,0.0380000000000002,0.032,0.0289999999999999,0.0398,0.036599874,0.02459991,-0.2558462426483185,-0.2528199144301828,0.3603603603603686,-0.3696402168555896,0.4531076344361812
2006-03-28,2006-03-28 14:15:00,0,0,0,0.0049999999999954,0.03452380952381998,0.0050000000000096,0.0049999999999954,0.0250000000000056,0.0300000000000011,0.0349999999999965,0.0300000000000011,0.0350000000000108,0.0499999999999971,0.0600000000000022,0.0600000000000022,0.059999999999988,0.059999999999988,0.059999999999988,0.0550000000000068,0.0439999999999995,,0.0099999999999997,0.0264999999999995,0.0490000000000003,0.056,0.0430000000000001,0.0300000000000002,0.0543,0.047199965,0.027300119,-0.6252969394167023,-0.6277344493056877,0.356149137451316,-0.3895565685868153,0.3835990111669958
2006-05-10,2006-05-10 14:15:00,0,0,0,0.0,0.0300000000000011,0.0,0.0100000000000051,0.0300000000000011,0.0349999999999965,0.0349999999999965,0.0450000000000017,0.0349999999999965,0.0550000000000068,0.0649999999999977,0.0649999999999977,0.0649999999999977,0.0600000000000022,0.0649999999999977,0.0600000000000022,0.0469999999999997,,0.0110000000000001,0.0185000000000004,0.0630000000000006,0.0590000000000001,0.04,0.0350000000000001,0.047,0.042700052,0.03760004,-0.2065099813157649,-0.1885369532428356,0.0354609929078027,-0.0312670991948861,0.1086562839550928
2006-06-29,2006-06-29 14:15:00,0,0,0,-0.0150000000000005,-0.03521739130434913,-0.0050000000000096,-0.0150000000000005,-0.0300000000000011,-0.0300000000000011,-0.0400000000000062,-0.0400000000000062,-0.0499999999999971,-0.0550000000000068,-0.0549999999999926,-0.0550000000000068,-0.0450000000000017,-0.0400000000000062,-0.0249999999999914,-0.019999999999996,-0.0419999999999998,,-0.0180000000000006,-0.048,-0.0460000000000002,-0.0270000000000001,-0.008,0.008,-0.0315,-0.013399839,-0.003700018,0.5485974536797331,0.5334914048606995,-0.7723342939481288,0.8139813263107483,-0.7056191377678283
2006-08-08,2006-08-08 14:15:00,0,0,0,-0.04717391304349282,-0.01065217391300387,-0.0350000000000108,-0.0349999999999965,-0.0349999999999965,-0.0349999999999965,-0.0300000000000011,-0.0450000000000017,-0.0349999999999965,-0.0349999999999965,-0.0250000000000056,-0.0300000000000011,-0.0350000000000108,-0.0349999999999965,-0.0349999999999965,-0.0350000000000108,-0.0279999999999995,,-0.0309999999999996,-0.0260000000000006,-0.0290000000000008,-0.0179999999999997,0.0,0.0179999999999997,-0.0352,-0.017400026,-0.0007,-0.2422956633382022,-0.2341006632852126,-0.0825763831544098,0.1168224299065464,-0.0521285838401286
2006-09-20,2006-09-20 14:15:00,0,0,0,0.0,0.0,0.0,-0.0049999999999954,0.0,0.0,0.0049999999999954,0.0074999999999931,0.0150000000000005,0.0150000000000005,0.019999999999996,0.0300000000000011,0.0250000000000056,0.0200000000000102,0.019999999999996,0.0200000000000102,0.0099999999999997,,0.0,0.016,0.0255,0.0179,0.0118999999999998,0.0041999999999999,0.0146,0.012500048,0.010599852,-0.2658993499401141,-0.2801643630930145,0.0933271115258962,-0.0944064196365249,0.034103504135043
2006-10-25,2006-10-25 14:15:00,0,0,0,-0.0049999999999954,-0.0049999999999954,0.0049999999999954,-0.0049999999999954,-0.0049999999999954,-0.0049999999999954,-0.0049999999999954,-0.019999999999996,-0.0049999999999954,-0.0049999999999954,-0.0150000000000005,-0.0100000000000051,-0.0049999999999954,-0.0099999999999909,-0.0100000000000051,-0.0050000000000096,-0.0100000000000006,,-0.0052000000000003,0.0,-0.0041999999999999,-0.0109000000000003,-0.0181000000000004,-0.0148000000000001,-0.0112,-0.018199921,-0.013799906,-0.0638337999970899,-0.0722412858948889,-0.1039861351819796,0.119189511323008,-0.1174496644295306
2006-12-12,2006-12-12 14:15:00,0,0,0,0.0,-0.0024999999999977,0.0,0.0,-0.0024999999999977,-0.0049999999999954,-0.0150000000000005,-0.0200000000000102,-0.0049999999999954,-0.0150000000000005,-0.0499999999999971,-0.0549999999999926,-0.0550000000000068,-0.0550000000000068,-0.059999999999988,-0.0600000000000022,-0.0270000000000001,,-0.0103999999999997,-0.0053,-0.0463000000000004,-0.0407000000000001,-0.0312999999999998,-0.0229000000000008,-0.0416,-0.03030014,-0.023499966,0.2532553794568368,0.1419950301739439,-0.3245192307692259,0.3929570014358115,-0.2305131050968974
2007-01-31,2007-01-31 14:15:00,0,0,0,-0.0049999999999954,-0.0049999999999954,0.0,-0.0049999999999954,-0.0049999999999954,0.0,-0.0049999999999954,0.0,0.0,-0.0049999999999954,-0.0099999999999909,-0.0099999999999909,-0.0150000000000005,-0.0050000000000096,-0.0100000000000051,-0.0100000000000051,-0.0070000000000005,,-0.0156,0.00265,-0.0083000000000001,-0.0106999999999999,-0.0133,-0.0160999999999997,-0.0158,-0.012500048,-0.013200045,0.5023543487234787,0.5578800557880056,-0.1298088270002353,0.0999000999001059,-0.0413736036408747
2007-03-21,2007-03-21 14:15:00,0,0,0,0.0,-0.01409090909091628,0.0,-0.0049999999999954,-0.0100000000000051,-0.0099999999999909,-0.039999999999992,-0.0499999999999971,-0.0500000000000113,-0.0949999999999988,-0.1150000000000091,-0.1200000000000045,-0.1199999999999903,-0.1149999999999948,-0.1049999999999897,-0.0949999999999988,-0.0685000000000002,,-0.0052000000000003,-0.0373999999999998,-0.0849000000000002,-0.0673000000000003,-0.0473000000000007,-0.0372000000000003,-0.0639,-0.047500134,-0.041500092,0.8218344873435997,0.8419575513067883,-0.432692307692307,0.4848348179050508,-0.3054212267752604
2007-05-09,2007-05-09 14:15:00,0,0,0,0.007045454545448064,0.0050000000000096,0.0049999999999954,0.0,0.0050000000000096,0.0049999999999954,0.0150000000000005,0.019999999999996,0.0049999999999954,0.0349999999999965,0.0550000000000068,0.0700000000000073,0.0700000000000073,0.0600000000000022,0.0500000000000113,0.0450000000000017,0.0309999999999996,,-0.0103999999999997,0.0213999999999998,0.0461999999999998,0.0337000000000005,0.0217999999999998,0.0149999999999996,0.0405,0.025099993,0.019799948,-0.1325047370443493,-0.1320567844172994,0.1245771095667939,-0.1475796930342386,0.083395880243523
2007-06-28,2007-06-28 14:15:00,0,0,0,0.0,0.0,0.0,0.0,0.0,0.0050000000000096,0.0,0.0049999999999954,0.0050000000000096,0.0100000000000051,0.0200000000000102,0.0250000000000056,0.0350000000000108,0.0300000000000011,0.0299999999999869,0.0324999999999988,0.0149999999999996,,0.0052000000000003,0.0,0.0167000000000001,0.0144000000000001,0.0104000000000006,0.0076999999999998,0.0142,0.005700111,0.009500027,-0.2673089138259557,-0.2625102543068088,0.0133720718201941,-0.0297331450234115,-0.0487171159467378
2007-08-07,2007-08-07 14:15:00,0,0,0,0.006458333333345734,0.002812499999969899,0.0050000000000096,0.0049999999999954,0.0099999999999909,0.0,-0.0150000000000005,-0.0074999999999931,-0.0049999999999954,-0.019999999999996,-0.0400000000000062,-0.039999999999992,-0.039999999999992,-0.0349999999999965,-0.0349999999999965,-0.0249999999999914,-0.0177500000000003,,-0.0130500000000006,-0.0213999999999998,-0.0416999999999996,-0.0335999999999998,-0.0143000000000004,-0.0030000000000001,-0.0252,-0.003499985,-0.00150013,-1.038812165938616,-1.081081081081081,-0.1099153589637036,0.0799941822412988,-0.3711827231314424
2007-08-10,2007-08-10 09:15:00,0,1,0,0.01476190476189133,-0.009642857142848495,0.0099999999999909,0.0049999999999954,0.0,-0.0050000000000096,0.0,0.0250000000000056,0.0099999999999909,-0.0049999999999954,-0.0050000000000096,-0.0049999999999954,-0.0049999999999954,-0.0050000000000096,-0.0100000000000051,-0.0100000000000051,0.0010000000000003,,-0.0390000000000005,0.0238999999999993,0.0041999999999999,-0.0106999999999999,-0.0118999999999998,-0.0152000000000001,-0.0109,-0.014199972,-0.022899866,-0.8636767165144592,-0.0346440325653906,0.0483151635282476,-0.0219330311449018,0.1190374968114961
2007-08-17,2007-08-17 08:00:00,0,1,0,-0.02214285714286844,0.05821428571431541,-0.0100000000000051,0.0100000000000051,-0.017499999999984,-0.0249999999999914,-0.0400000000000062,-0.065,-0.0574999999999903,-0.0550000000000068,-0.0300000000000011,-0.0350000000000108,-0.019999999999996,-0.0250000000000056,-0.0250000000000056,-0.0250000000000056,-0.0209999999999999,,-0.0492000000000003,0.0265000000000004,0.0125999999999999,0.0105500000000002,0.0196000000000005,0.0271999999999996,0.0144,0.01240015,0.02760005,-0.6832180621833548,1.83843026339049,-0.1552909403388079,0.1633137851681374,0.3925373792616708
2007-09-18,2007-09-18 14:15:00,0,0,0,-0.2125000000000198,-0.1549999999999869,-0.0850000000000079,-0.1800000000000068,-0.1549999999999869,-0.1550000000000011,-0.1500000000000056,-0.144999999999996,-0.1799999999999926,-0.1850000000000022,-0.1750000000000113,-0.1599999999999966,-0.1400000000000005,-0.125,-0.1150000000000091,-0.1099999999999994,-0.1799999999999997,,-0.1063999999999998,-0.1884999999999994,-0.1306999999999996,-0.0637999999999996,0.0029500000000002,0.0419,-0.1053,-0.029599905,0.013000011,1.335934346831705,1.378614660390047,-0.4532898041185387,0.4968317972350162,-0.1898679554673331
2007-10-31,2007-10-31 14:15:00,1,0,0,-0.019999999999996,0.03424999999999858,0.0,-0.019999999999996,0.0150000000000005,0.0300000000000011,0.0499999999999971,0.0750000000000028,0.0150000000000005,0.0600000000000022,0.0849999999999937,0.0900000000000034,0.0900000000000034,0.0900000000000034,0.0849999999999937,0.0800000000000125,0.0550000000000006,,0.0828999999999999,0.0549000000000003,0.0782000000000002,0.0693999999999999,0.0468999999999999,0.0343,0.077,0.053999901,0.040099859,-0.4283023211327312,-0.3718073068218558,-0.0091303950852452,-0.0207440188079081,-0.0347071583514154
2007-12-11,2007-12-11 14:15:00,0,0,0,0.03100000000001581,0.0250000000000056,0.0200000000000102,0.0450000000000017,0.0250000000000056,0.0350000000000108,0.0249999999999914,0.0125000000000028,0.1850000000000022,0.125,0.019999999999996,-0.0549999999999926,-0.0999999999999943,-0.1050000000000039,-0.1000000000000085,-0.0949999999999988,-0.004,,-0.0515999999999996,-0.0577,-0.1234999999999999,-0.1096500000000002,-0.0745000000000004,-0.0613000000000001,-0.0693,-0.041100025,-0.045000076,-1.737701685780936,-1.805054151624549,0.0853870001576345,-0.1767625263444256,-0.6712010023268302
2008-01-22,2008-01-22 08:20:00,0,1,0,-0.4650000000000176,-0.2250000000000085,-0.1350000000000051,-0.2250000000000085,-0.1599999999999966,-0.1099999999999994,-0.1149999999999948,-0.1149999999999948,-0.1299999999999954,-0.0949999999999988,-0.0499999999999971,-0.019999999999996,-0.0049999999999954,0.0049999999999954,0.0250000000000056,0.0274999999999892,-0.1167500000000001,,0.0617,-0.0104000000000001,0.0203999999999999,0.0721499999999997,0.0825999999999997,0.0639000000000002,0.0437,0.011600018,0.091500044,0.0,1.40761300555115,-0.2683095197780625,0.4273209731890539,0.1880759826970122
2008-01-30,2008-01-30 14:15:00,1,0,0,-0.1099999999999994,-0.09807692307693319,0.0024999999999977,-0.1099999999999994,-0.1050000000000039,-0.125,-0.1550000000000011,-0.1349999999999909,-0.144999999999996,-0.1300000000000096,-0.1099999999999994,-0.0849999999999937,-0.0450000000000017,-0.019999999999996,0.0,0.0300000000000011,-0.1160000000000001,,-0.0771000000000001,-0.072,-0.0443000000000002,0.0,0.0167999999999999,0.0347999999999997,-0.0293,-0.023299932,-0.003999949,0.8828989436152741,0.827966881324747,-0.3836596759765294,0.4459158164988811,-0.223776223776219
2008-03-11,2008-03-11 08:30:00,0,1,0,0.08524999999998854,0.01311538461538284,0.0549999999999926,0.0449999999999874,0.0949999999999988,0.0974999999999965,0.1149999999999948,0.1299999999999954,0.0350000000000108,0.0850000000000079,0.1050000000000039,0.1200000000000045,0.1149999999999948,0.1199999999999903,0.1175000000000068,0.1099999999999994,0.0955000000000001,,0.1587499999999999,0.1235499999999998,0.1694999999999999,0.1598999999999999,0.0905,0.0396999999999998,0.159,0.086410046,0.042699933,0.5803497805037107,1.813572542901716,0.5713420342529961,-0.5951225823145156,0.9105149794399772
2008-03-18,2008-03-18 14:15:00,0,0,0,0.1073076923076964,0.0799999999999983,0.0450000000000017,0.125,0.0799999999999983,0.0799999999999983,0.0799999999999983,0.0649999999999977,0.0499999999999971,0.019999999999996,0.0100000000000051,0.0050000000000096,0.0150000000000005,0.019999999999996,0.0300000000000011,0.0350000000000108,0.0564999999999999,,-0.0357,0.0564,0.0242999999999999,-0.0016000000000002,-0.0222999999999999,-0.0361000000000002,0.0009,-0.024760067,-0.023900032,-1.076983380966704,-1.047220106626047,0.0659547297961174,-0.1393022225036395,-0.6380392951184884
2008-04-30,2008-04-30 14:15:00,1,0,0,-0.0600000000000022,-0.0649999999999977,0.0,-0.0600000000000022,-0.0649999999999977,-0.0649999999999977,-0.0725000000000051,-0.0750000000000028,-0.0600000000000022,-0.0799999999999983,-0.0799999999999983,-0.0500000000000113,-0.0300000000000011,-0.019999999999996,-0.0100000000000051,0.0,-0.0724999999999997,,-0.0307999999999999,-0.0206999999999999,-0.0161999999999999,-0.0051000000000001,-0.0019,-0.0019,-0.0064,-0.003399968,-0.0008,0.266284896206158,0.1608291636883488,-0.1942600613669504,0.2313030069390932,-0.0478652115642323
2008-06-25,2008-06-25 14:15:00,1,0,0,-0.0100000000000051,-0.03980769230768715,0.0,-0.0100000000000051,-0.0349999999999965,-0.0450000000000017,-0.059999999999988,-0.0349999999999965,-0.0649999999999977,-0.0499999999999971,-0.0450000000000017,-0.0600000000000022,-0.0700000000000073,-0.0674999999999954,-0.059999999999988,-0.0499999999999971,-0.0274999999999998,,-0.01285,-0.0076500000000003,-0.0689000000000001,-0.0348999999999999,-0.0217,-0.0101000000000004,-0.0301,-0.014199972,-0.007400036,0.085608366237887,0.0188288457917529,-0.3153583617747366,0.3785934291581119,-0.2218114602587884
2008-08-05,2008-08-05 14:15:00,0,0,0,-0.005961538461549907,-0.01461538461538246,-0.0050000000000096,-0.0100000000000051,-0.0224999999999937,-0.0250000000000056,-0.0349999999999965,-0.0549999999999926,-0.0250000000000056,-0.0349999999999965,-0.0300000000000011,-0.039999999999992,-0.0449999999999874,-0.0450000000000017,-0.0400000000000062,-0.0375000000000085,0.0049999999999998,,-0.0153999999999998,-0.0051999999999998,-0.0161999999999999,0.0051999999999998,0.0137,0.0179,0.0104,0.010499954,0.022099972,0.1344075456867782,0.1572636131315117,-0.0121748305669417,-0.0129315918789588,-0.1015509601181678
2008-09-16,2008-09-16 14:15:00,0,0,0,0.1124999999999889,0.1300000000000096,0.0524999999999948,0.1050000000000039,0.1300000000000096,0.1274999999999977,0.1149999999999948,0.1099999999999994,0.1400000000000005,0.0999999999999943,0.0900000000000034,0.0900000000000034,0.1149999999999948,0.1299999999999954,0.1450000000000102,0.125,0.0868500000000001,,0.005,0.0869000000000002,0.0769999999999999,0.0696999999999996,0.0525999999999999,0.0343999999999997,0.0683,0.070899963,0.053600073,-0.6299648528264717,-0.0419287211740041,0.1809347875597852,-0.2331990672037368,0.0
2008-10-08,2008-10-08 07:00:00,0,1,0,-0.1314130434782562,-0.0249999999999914,-0.0974999999999965,-0.0249999999999914,-0.0300000000000011,-0.0200000000000102,-0.0100000000000051,-0.019999999999996,0.019999999999996,-0.0200000000000102,-0.0150000000000005,-0.0099999999999909,-0.0300000000000011,-0.0300000000000011,-0.0150000000000005,0.0049999999999954,-0.02,,-0.0255,-0.0759,0.0398999999999998,0.0509999999999997,0.0497,0.0533999999999998,0.0404,0.047199965,0.052000046,-1.096132419220468,2.593152064451158,-0.3077379407511713,0.4625890300315715,0.5610660254483542
2008-10-29,2008-10-29 14:17:00,1,0,0,-0.0500000000000113,-0.060333333333306,0.0,-0.0500000000000113,-0.0549999999999926,-0.0649999999999977,-0.0300000000000011,-0.039999999999992,0.0,-0.0400000000000062,-0.0749999999999886,-0.0849999999999937,-0.0749999999999886,-0.0499999999999971,-0.0349999999999965,-0.0250000000000056,0.0265,,0.005,-0.0355,-0.0358,-0.0186000000000001,-0.0419,-0.0143000000000004,0.0,-0.024199963,0.00909996,-1.172688724634938,-1.349206349206349,0.5145351756567615,-0.680377300139179,-0.4732510288065925
2008-12-16,2008-12-16 14:11:00,0,0,0,-0.1498333333333439,-0.1699999999999875,-0.0725000000000051,-0.1850000000000022,-0.1699999999999875,-0.1850000000000022,-0.1850000000000022,-0.1700000000000017,-0.2600000000000051,-0.2600000000000051,-0.2650000000000005,-0.269999999999996,-0.2549999999999954,-0.25,-0.2400000000000091,-0.2300000000000039,-0.05815,,-0.0152999999999999,-0.0654,-0.1263999999999999,-0.1131999999999999,-0.0838999999999998,-0.0128500000000002,-0.1149,-0.099499941,-0.04189992,1.102872453112358,1.415227851684121,-0.7073679048669832,0.7675597393193296,-0.6552643269657967
2009-01-28,2009-01-28 14:15:00,1,0,0,0.0049999999999954,-0.006923076923070554,0.0,0.0049999999999954,0.0,0.0,0.0049999999999954,0.0,0.0,-0.0100000000000051,-0.0150000000000005,-0.0150000000000005,-0.0249999999999914,-0.0150000000000005,-0.0050000000000096,-0.0049999999999954,-0.0089999999999999,,-0.0051,0.0,-0.0078999999999999,0.0166999999999999,0.0172000000000003,0.0278,0.027,0.015200019,0.021999836,-0.2177400870960322,-0.230017251293847,0.6863001641411116,-0.8828856021732602,0.3110074419637911
2009-03-18,2009-03-18 14:15:00,0,0,0,0.0,-0.0049999999999954,0.0,-0.0074999999999931,-0.0049999999999954,-0.0150000000000005,-0.0150000000000005,-0.0250000000000056,-0.0499999999999971,-0.0600000000000022,-0.0699999999999931,-0.0700000000000073,-0.0649999999999977,-0.0650000000000119,-0.0650000000000119,-0.0600000000000022,0.0025,,0.0,-0.0101999999999999,-0.0688999999999999,-0.2558,-0.4343000000000003,-0.3313000000000001,-0.1859,-0.32980001,-0.399700046,1.814499276643628,1.929260450160772,-1.9428148251004,2.066021193870542,-1.916216491692993
2009-04-29,2009-04-29 14:15:00,1,0,0,0.0,0.0,-0.0024999999999977,0.0,0.0049999999999954,0.0,0.0,0.0049999999999954,0.0,0.0100000000000051,0.0150000000000005,0.0350000000000108,0.0450000000000017,0.0550000000000068,0.0600000000000022,0.0600000000000022,0.012,,0.0,0.0038,0.0236999999999999,0.0595999999999998,0.0715999999999996,0.0800999999999998,0.0825,0.043900013,0.060899973,0.6260138454157073,0.6018916595012898,0.3454662012964017,-0.3450086252156257,0.7314309261357865
2009-06-24,2009-06-24 14:15:00,1,0,0,0.0,0.0081578947368346,0.0,0.0,0.0049999999999954,0.0100000000000051,0.0050000000000096,0.0099999999999909,0.0100000000000051,0.0349999999999965,0.0499999999999971,0.0700000000000073,0.0900000000000034,0.0949999999999988,0.1049999999999897,0.1000000000000085,0.018,,-0.0100999999999999,0.0026,0.0515999999999998,0.0910999999999999,0.0971000000000001,0.0662000000000002,0.0708,0.086500049,0.085500002,-0.6460254551668271,-0.6923289947382997,0.4938887503117817,-0.5715918833952564,0.4718464926077263
2009-08-12,2009-08-12 14:15:00,0,0,0,0.0,0.0,0.0,0.0,0.0,-0.0049999999999954,-0.0150000000000005,-0.0100000000000051,0.0,-0.019999999999996,-0.0450000000000017,-0.0300000000000011,-0.0300000000000011,-0.0150000000000005,-0.0125000000000028,-0.0150000000000005,-0.0165,,-0.005,-0.005,-0.0040999999999999,0.0152999999999998,0.0257,0.0307000000000003,0.0069,0.020699978,0.014999866,-0.2913252569568232,-0.3231419338801889,0.4793285590939074,-0.5554383744638822,0.1664759130163319
2009-09-23,2009-09-23 14:15:00,0,0,0,-0.0099999999999909,-0.01576923076923275,0.0,-0.0099999999999909,-0.0150000000000005,-0.019999999999996,-0.0200000000000102,-0.0350000000000108,-0.0499999999999971,-0.0999999999999943,-0.125,-0.1350000000000051,-0.1350000000000051,-0.1350000000000051,-0.125,-0.1149999999999948,-0.0075,,-0.0051,-0.0113499999999999,-0.087,-0.0837499999999997,-0.0764,-0.0609000000000001,-0.0384,-0.061600089,-0.049099922,0.5132982439796908,0.5146198830409356,-0.3283080317276882,0.3044037069606946,-0.4921798096904766
2009-11-04,2009-11-04 14:15:00,1,0,0,-0.005769230769241846,-0.00934615384615712,-0.0050000000000096,-0.0075000000000073,-0.0100000000000051,-0.0100000000000051,-0.0150000000000005,-0.0200000000000102,-0.0150000000000005,-0.0150000000000005,-0.0349999999999965,-0.039999999999992,-0.0349999999999965,-0.0349999999999965,-0.019999999999996,-0.0049999999999954,0.0072999999999999,,-0.0075999999999999,-0.0126,-0.0318,0.0050999999999996,0.0245999999999999,0.0344999999999995,-0.0141,0.005099893,0.007699966,0.0843513946413265,0.0,-0.0514172709294492,0.0875597763858071,0.065984823490584
2009-12-16,2009-12-16 14:15:00,0,0,0,-0.02583333333333912,0.0,-0.0125000000000028,-0.0150000000000005,0.0,-0.0025000000000119,-0.0100000000000051,0.0024999999999977,-0.0049999999999954,-0.0049999999999954,0.0,0.0150000000000005,0.0250000000000056,0.0300000000000011,0.039999999999992,0.039999999999992,-0.0015,,-0.0025,-0.0050999999999999,0.0080999999999999,0.0253000000000001,0.0323999999999999,0.0303000000000004,0.0355,0.011799932,0.025100112,-0.0538885046838214,-0.0449034575662326,0.1821920304000424,-0.1787678767876743,0.2227667631989338
2010-01-27,2010-01-27 14:15:00,1,0,0,-0.0050000000000096,0.005333333333343574,0.0,-0.0050000000000096,0.0,0.0,0.0,0.0050000000000096,-0.0050000000000096,0.0150000000000005,0.0400000000000062,0.0650000000000119,0.0750000000000028,0.0799999999999983,0.0849999999999937,0.0799999999999983,0.0194999999999999,,0.0076,0.0051,0.05335,0.0453000000000001,0.0270999999999999,0.0059000000000004,0.0583,0.024999976,0.009900093,0.0814193649289317,0.2077082852527117,0.2239071802961706,-0.2207348333808104,0.4356568364611267
2010-03-16,2010-03-16 14:15:00,0,0,0,-0.01033333333332383,-0.0100000000000051,-0.0049999999999954,-0.0074999999999931,-0.0100000000000051,-0.0099999999999909,-0.0100000000000051,-0.0200000000000102,-0.0150000000000005,-0.039999999999992,-0.0499999999999971,-0.0600000000000022,-0.0550000000000068,-0.0600000000000022,-0.0549999999999926,-0.0549999999999926,-0.0399999999999999,,-0.0025999999999999,-0.0127,-0.0404999999999999,-0.0369999999999999,-0.0190000000000001,0.0004999999999997,-0.0301,-0.017099977,0.0,0.1936674638660815,0.1733102253032929,-0.1488663017982796,0.1529497450837575,-0.1214396113932429
2010-04-28,2010-04-28 14:15:00,1,0,0,0.0,-0.0100000000000051,-0.0024999999999977,0.0,-0.0050000000000096,-0.0100000000000051,-0.0150000000000005,-0.019999999999996,-0.0099999999999909,-0.0100000000000051,-0.0150000000000005,-0.0100000000000051,0.0,0.0049999999999954,0.0049999999999954,0.0099999999999909,-0.01,,-0.0025,-0.0025,-0.0038999999999997,0.0101999999999997,0.0135,0.0115999999999996,0.0122,0.003499985,0.0,0.1587174954547065,0.1684565171615077,-0.1684542204447625,0.227963525835858,0.1274561869357305
2010-05-09,2010-05-09 21:15:00,0,1,0,0.0,-0.0049999999999954,0.0,0.0,-0.0049999999999954,-0.0100000000000051,-0.0100000000000051,-0.0049999999999954,-0.019999999999996,-0.0250000000000056,-0.0150000000000005,-0.0150000000000005,-0.0050000000000096,0.0074999999999931,0.0099999999999909,0.0150000000000005,0.02,,0.0,0.0050999999999999,0.0119999999999999,0.0215999999999998,0.0264999999999999,0.0175,0.0,0.0,0.0,0.0,0.1989829759009507,-0.2472834486530166,0.405363267851582,0.4327131112072757
2010-06-23,2010-06-23 14:15:00,1,0,0,0.0050000000000096,-0.002380952380956953,0.0,0.0050000000000096,0.0,0.0,0.0,0.0,0.0049999999999954,-0.0049999999999954,0.0050000000000096,0.0050000000000096,-0.0049999999999954,-0.0100000000000051,-0.0100000000000051,-0.0099999999999909,0.02,,0.0,0.0,-0.004,-0.0050000000000001,-0.0017999999999998,-0.0039000000000006,-0.0065,0.003399968,0.0,0.3374547316823403,0.3443526170798898,-0.3086993930656035,0.3990228013029419,-0.0887705281846408
2010-08-10,2010-08-10 14:15:00,0,0,0,0.003690476190493757,-0.008611111111152099,0.0025000000000119,0.0,0.0049999999999954,0.0,0.0,-0.0049999999999954,-0.0100000000000051,-0.019999999999996,-0.0349999999999965,-0.039999999999992,-0.0450000000000017,-0.0549999999999926,-0.0550000000000068,-0.0600000000000022,-0.0279999999999999,,0.0,0.0025,-0.0159,-0.0552999999999999,-0.0621999999999998,-0.0341999999999997,-0.0527,-0.040809989,-0.04519999,0.726819737950577,0.7186166629238715,-0.7194952464117579,0.7779133618059783,-0.6406523005241668
2010-09-21,2010-09-21 14:15:00,0,0,0,0.0,0.005555555555550444,0.0,0.0,0.0049999999999954,0.0049999999999954,0.0,0.0,0.0,-0.0099999999999909,-0.0150000000000005,-0.0150000000000005,-0.019999999999996,-0.0250000000000056,-0.0350000000000108,-0.0349999999999965,0.006,,0.0,-0.0025999999999999,-0.0039999999999999,-0.0213999999999998,-0.0072,0.0025999999999997,-0.0136,0.0,-0.002599955,0.5931500173422736,0.5952380952380952,-0.6123607990320863,0.7078702998934285,-0.1524569016066558
2010-11-03,2010-11-03 14:15:00,1,0,0,0.008333333333325667,0.0204901960784386,0.0074999999999931,0.0150000000000005,0.0049999999999954,0.0099999999999909,0.0099999999999909,0.0049999999999954,0.0049999999999954,-0.0100000000000051,0.0,-0.0050000000000096,-0.0150000000000005,-0.019999999999996,-0.0250000000000056,-0.0349999999999965,0.0025,,-0.0051,0.0,-0.0117999999999999,-0.0402,0.0669999999999997,0.1487500000000006,-0.0407,0.067849994,0.121399999,-0.3304001746460852,-0.3787878787878788,0.1904240195119231,-0.1635730033425765,0.2832512315270984
2010-12-14,2010-12-14 14:15:00,0,0,0,0.00455882352940757,0.0049999999999954,0.0024999999999977,0.0050000000000096,0.0049999999999954,0.0049999999999954,0.0,0.0,0.0049999999999954,0.0,0.0,-0.0050000000000096,-0.0049999999999954,0.0,0.0,0.0,0.008,,0.0026,0.0025,-0.0161,-0.0034,0.0154999999999998,0.0107999999999996,0.0143,0.020699978,0.005499959,0.002007346889605,0.0,0.0707195716414484,-0.0893987931162996,0.0479731350443826
2011-01-26,2011-01-26 14:15:00,1,0,0,-0.0049999999999954,-0.0049999999999954,0.0,-0.0049999999999954,-0.0049999999999954,0.0,-0.0049999999999954,-0.0049999999999954,-0.0049999999999954,-0.0050000000000096,-0.0099999999999909,-0.019999999999996,-0.0299999999999869,-0.0350000000000108,-0.0349999999999965,-0.0300000000000011,-0.0142499999999999,,-0.0025,-0.005,-0.0275999999999999,-0.0083999999999997,0.0147500000000002,0.0301,-0.0036,0.019299984,0.024800062,-0.0558771165866508,-0.077264825188333,-0.005771598604565,0.0292654375182876,0.0484789722457787
2011-03-15,2011-03-15 14:15:00,0,0,0,-0.004843749999995543,0.0,-0.0024999999999977,0.0,0.0,0.0,0.0050000000000096,0.0,0.0,0.0,0.0049999999999954,0.0200000000000102,0.0349999999999965,0.0400000000000062,0.0550000000000068,0.0600000000000022,0.008,,0.0,0.0,0.0281,0.0396,0.0219999999999997,-0.0013500000000004,0.0147,0.011489987,0.007200003,0.2829557328866579,0.2935420743639921,0.0078524781112175,-0.0143092222937667,-0.0864624505928769
2011-04-27,2011-04-27 12:30:00,1,0,1,-0.0049999999999954,-0.0049999999999954,0.0,-0.0049999999999954,-0.0049999999999954,-0.0049999999999954,0.0,-0.0049999999999954,-0.0150000000000005,-0.019999999999996,-0.0249999999999914,-0.0300000000000011,-0.0400000000000062,-0.0400000000000062,-0.0400000000000062,-0.039999999999992,0.0015,,-0.0024999999999999,-0.0025999999999999,-0.0277,-0.0266999999999999,0.0036999999999998,0.0201999999999999,-0.0486999999999999,0.0295799970626831,0.0142000913619995,0.4487603367188459,0.4470106165021419,-0.544813443694719,0.5934920526638877,-0.484202881007148
2011-06-22,2011-06-22 12:30:00,1,0,1,-0.009374999999991375,0.003835227272723745,-0.0024999999999977,-0.0049999999999954,0.0,0.0,-0.0024999999999977,0.0,-0.0050000000000096,-0.0049999999999954,0.0,0.0100000000000051,0.0249999999999914,0.039999999999992,0.0550000000000068,0.0700000000000073,0.0179999999999999,,-0.0075999999999999,-0.0026,0.0201999999999999,0.05325,0.0474000000000001,0.0253000000000005,0.0683,0.0565899610519409,0.00979995727539062,-0.184088146189897,-0.174384809145514,0.2842089740324203,-0.312131511410137,0.3621378621378699
2011-08-09,2011-08-09 14:15:00,0,0,0,-0.007045454545468073,-0.000227272727273163,-0.0050000000000096,-0.0050000000000096,-0.0050000000000096,0.0,0.0,0.0,0.0250000000000056,0.0,-0.039999999999992,-0.0849999999999937,-0.1349999999999909,-0.1950000000000074,-0.2450000000000045,-0.2849999999999966,-0.009,-0.089,-0.0153,-0.0075999999999999,-0.0952,-0.1343,-0.0242,0.0409000000000001,-0.0814,0.029939,0.052899957,-0.9507977553784672,-1.060070671378092,-0.1876172607879932,0.1757839966249591,-0.1684592458209089
2011-09-21,2011-09-21 14:15:00,0,0,0,0.008333333333325666,0.02083333333334481,0.0024999999999977,0.0150000000000005,0.0200000000000102,0.0150000000000005,0.0150000000000005,0.0150000000000005,0.0550000000000068,0.0799999999999983,0.1099999999999994,0.095000000000013,0.0849999999999937,0.0799999999999983,0.0849999999999937,0.0700000000000073,0.0365,0.033,0.0026,0.00875,0.0443999999999999,0.0273999999999999,-0.0499,-0.1589,0.0262,-0.02689,-0.085500002,-0.2500669075337891,-0.6935687263556116,0.5401817093171665,-0.6168359941944813,0.3668763102725382
2011-11-02,2011-11-02 12:30:00,1,0,1,0.0,0.008611111111103189,0.0,0.0049999999999954,0.0050000000000096,0.0049999999999954,0.0050000000000096,0.0049999999999954,0.0049999999999954,0.017499999999984,0.0149999999999863,0.0149999999999863,0.0149999999999863,0.0149999999999863,0.0200000000000102,0.019999999999996,0.028,0.011,0.0,0.0,0.0078999999999999,0.0078999999999999,-0.0176000000000002,-0.0287000000000001,-0.00660000000000016,-0.0193409994244575,-0.0292000174522399,0.0068715187673149,0.0,0.1566012969966246,-0.174216027874561,0.0640532923392225
2011-12-13,2011-12-13 14:15:00,0,0,0,0.004305555555551594,-0.0049999999999954,0.0024999999999977,0.0,-0.0049999999999954,0.0,0.0,0.0049999999999954,0.0024999999999977,0.0099999999999909,0.0099999999999909,0.0100000000000051,0.0099999999999909,0.0100000000000051,0.0150000000000005,0.0150000000000005,0.005,0.006,0.0,-0.0025999999999999,0.0,-0.0015999999999999,-0.0156,-0.0259,0.0035,-0.008601002,-0.024599969,-0.7010256266044174,-0.8035355564483728,0.2752718309330449,-0.3282693335369089,0.0898587933247666
2012-01-25,2012-01-25 12:30:00,1,0,1,-0.0050000000000096,0.003611111111118045,-0.0024999999999977,-0.0050000000000096,0.0,0.0,0.0,-0.0050000000000096,-0.0024999999999977,-0.0150000000000005,-0.0150000000000005,-0.0150000000000005,-0.0150000000000005,-0.0200000000000102,-0.0250000000000056,-0.039999999999992,0.005,-0.0085,-0.0051,-0.0044,-0.0156,-0.0549999999999999,-0.0246999999999997,-0.0016999999999995,-0.105099999999999,-0.0856599807739257,-0.0580000281333923,0.8777484474418941,0.9186602870813396,-0.655144443751177,0.735520640788659,-0.409521371896605
2012-03-13,2012-03-13 14:15:00,0,0,0,0.0,0.0,0.0,-0.0049999999999954,0.0,0.0,0.0,0.0,0.0025000000000119,0.0100000000000051,0.0150000000000005,0.0249999999999914,0.0250000000000056,0.0300000000000011,0.0349999999999965,0.0300000000000011,0.005,0.009,0.0,0.0050999999999999,0.008,0.0276,0.0352000000000001,0.0315000000000003,0.0107,0.029990003,0.02670002,-0.0018076448917664,-0.0180766449746926,0.2537753775377397,-0.2822057814049299,0.3143893591293723
2012-04-25,2012-04-25 12:30:00,1,0,1,-0.0050000000000096,-0.004999999999966999,-0.0024999999999977,-0.0050000000000096,-0.0049999999999954,0.0,0.0,-0.0049999999999954,0.0,-0.0100000000000051,-0.0100000000000051,-0.0100000000000051,-0.0150000000000005,-0.0150000000000005,-0.0150000000000005,-0.0100000000000051,-0.003,-0.0079999999999999,0.0025,-0.0025,-0.0078,-0.0064,0.0079499999999999,0.0150999999999998,-0.0190999999999998,-0.00310999155044555,0.00199997425079345,0.2604129095551988,0.2532561505065123,-0.115614240136458,0.0984177454765749,-0.0491521258294323
2012-06-20,2012-06-20 12:30:00,1,0,1,0.0150000000000288,0.004666666666660954,0.0050000000000096,0.0100000000000051,0.0049999999999954,0.0099999999999909,0.0099999999999909,0.0099999999999909,0.0150000000000005,0.0150000000000005,0.0150000000000005,0.0049999999999954,0.0,0.0050000000000096,0.0,0.0,0.0115,0.005,-0.0051,,0.0201999999999999,0.0080999999999999,-0.0307000000000001,-0.0669999999999997,0.0302999999999999,0.000769972801208496,-0.0334000289440155,-0.339398684506933,-0.371126368528483,0.2026454441619592,-0.251988345539026,-0.0377358490566052
2012-08-01,2012-08-01 14:15:00,0,0,0,0.01550000000000052,0.01461764705882402,0.0150000000000005,0.0150000000000005,0.0049999999999954,0.0050000000000096,0.0049999999999954,0.0099999999999909,0.0100000000000051,0.0100000000000051,0.0150000000000005,0.0150000000000005,0.019999999999996,0.0249999999999914,0.0350000000000108,0.0450000000000017,0.0125,0.021,0.0051,0.0025,0.0196,0.0399,0.0255,0.0100999999999999,0.0371,0.025340021,0.005400002,-0.1478228734157926,-0.163576881134133,0.4226987409745557,-0.4715447154471567,0.4225893200153647
2012-09-13,2012-09-13 12:30:00,1,0,1,0.01323529411763488,0.0049999999999954,0.0074999999999931,0.0100000000000051,0.0049999999999954,0.0100000000000051,0.0049999999999954,0.0150000000000005,0.0049999999999954,0.0025000000000119,0.0,-0.0049999999999954,-0.0100000000000051,-0.0100000000000051,-0.0150000000000005,-0.019999999999996,0.004,-0.004,0.0026,0.0049999999999999,0.014,-0.0103999999999999,0.0121,0.0600999999999998,-0.101899999999999,-0.0520499944686889,-0.00589999556541442,1.5565149928506,1.583159359777314,-0.539550291106194,0.6978908188585528,0.1033057851239647
2012-10-24,2012-10-24 14:15:00,0,0,0,0.0,-0.0081578947368346,0.0,0.0,-0.0049999999999954,0.0,0.0049999999999954,0.0,0.0,0.0,-0.0024999999999977,0.0,-0.0049999999999954,-0.0049999999999954,-0.0049999999999954,-0.0100000000000051,0.0005,-0.002,0.005,0.0,0.0,-0.0113999999999999,-0.0018,0.0055999999999998,-0.0081,0.00150001,0.003800005,0.0031805941349895,-0.017733640716439,-0.0206323502747772,0.0385772702723512,0.0
2012-12-12,2012-12-12 12:30:00,1,0,1,0.0040789473684173,0.0,0.0024999999999977,0.0049999999999954,0.0,0.0,-0.0049999999999954,-0.0049999999999954,-0.0024999999999977,-0.0050000000000096,-0.0050000000000096,-0.0050000000000096,-0.0050000000000096,-0.0049999999999954,0.0,0.0100000000000051,-0.0025,0.004,-0.0025999999999999,-0.005,0.004,0.0127999999999999,0.0482,0.0547999999999997,-0.00330000000000008,0.0577000379562377,0.0642000138759613,0.0325061167424079,0.0349589232651634,-0.141918462529151,0.2300260696212154,0.1444738743077348
2013-01-30,2013-01-30 14:15:00,0,0,0,0.0050000000000096,-0.009090909090926545,0.0,0.0050000000000096,0.0,0.0049999999999954,0.0,0.0050000000000096,0.0,0.0,-0.0050000000000096,-0.0049999999999954,-0.0099999999999909,-0.0100000000000051,-0.0100000000000051,-0.0049999999999954,-0.001,-0.007,-0.0051,0.0,-0.0058499999999999,-0.0144,-0.0108000000000001,-0.0113000000000003,-0.0155,-0.00879997,-0.0097,-0.0713484525682305,-0.0998502246630054,-0.020186727226855,0.0294767870302104,0.0109745390693491
2013-03-20,2013-03-20 14:00:00,1,0,1,0.0,0.005166666666661913,0.0,0.0049999999999954,0.0049999999999954,0.0049999999999954,0.0,0.0,0.0,0.0,0.0049999999999954,0.0,0.0024999999999977,0.0049999999999954,0.0050000000000096,0.0049999999999954,-0.0005,0.0,0.0,0.0025999999999999,0.0,0.0,0.0086999999999999,0.0074,0.0,0.0133999586105346,0.0121999979019165,0.1361977694403118,0.1451612903225806,0.0652646845540271,-0.0154464009885679,0.3553140349043823
2013-05-01,2013-05-01 14:00:00,0,0,0,0.0,0.0,0.0,0.0,0.0,-0.0049999999999954,0.0,0.0,-0.0049999999999954,-0.0049999999999954,-0.0050000000000096,0.0,0.0,0.0,0.0100000000000051,0.0,-0.0035,0.001,0.0,0.0,0.0038999999999999,0.008,0.0153,0.0156999999999998,0.0059,0.014999986,0.013599992,0.1750402119405867,0.2689447872172125,-0.0925914570584187,0.128817155414095,0.1337723811483797
2013-06-19,2013-06-19 14:00:00,1,0,1,0.0,0.0050000000000096,0.0,0.0030000000000001,0.0050000000000096,0.0049999999999954,0.0,0.0049999999999954,0.0100000000000051,0.0099999999999909,0.019999999999996,0.0300000000000011,0.0499999999999971,0.0799999999999983,0.1099999999999994,0.144999999999996,0.005,0.034,0.0025,-0.0025,0.0403,0.1571,0.1162,0.0570000000000003,0.1832,0.189800005406141,0.144099950790405,-0.622463853760389,-0.636460069707531,1.049142062526382,-0.939807563213242,1.543145076632373
2013-07-31,2013-07-31 14:00:00,0,0,0,0.0,0.0,0.0,0.0,0.0,0.0,0.0,-0.0049999999999954,0.0,0.0,-0.0049999999999954,-0.0099999999999909,-0.0150000000000005,-0.0150000000000005,-0.0200000000000102,-0.0250000000000056,-0.003,-0.011,-0.0026,-0.0050999999999999,-0.0078999999999999,-0.0358,-0.0342000000000002,-0.0230999999999999,-0.0402,-0.039499998,-0.023000002,-0.0408352887913082,-0.059347181008902,0.0097815056182468,0.0075255869957848,-0.061037639877927
2013-09-18,2013-09-18 14:00:00,1,0,1,0.0,-0.0049999999999954,0.0,0.0,-0.0049999999999954,0.0,-0.0049999999999954,-0.0100000000000051,-0.0150000000000005,-0.0250000000000056,-0.0200000000000102,-0.039999999999992,-0.0749999999999886,-0.115000000000009,-0.159999999999996,-0.204999999999998,-0.0119999999999999,-0.0519999999999999,-0.0051,-0.0049999999999999,-0.0524,-0.2205,-0.185799999999999,-0.0948999999999999,-0.281099999999999,-0.22759997844696,-0.109400033950805,1.265451128923336,1.262663338716782,-0.906005060791204,0.9571524713976032,-0.748457570547192
2013-10-30,2013-10-30 14:00:00,0,0,0,0.0,0.0,0.0,0.0,0.0,0.0,-0.0049999999999954,0.0,0.0,0.0,0.0050000000000096,0.0049999999999954,0.0150000000000005,0.0200000000000102,0.0249999999999914,0.0349999999999965,0.0,0.0109999999999999,0.0,0.0,0.0058499999999999,0.0404999999999999,0.0434000000000001,0.0301999999999997,0.0303,0.034299999,0.023100019,-0.2932783766645565,-0.3264726756564939,0.3319460336221043,-0.3413465030140116,0.356524396455123
2013-12-18,2013-12-18 14:00:00,1,0,1,0.005961538461532977,0.0049999999999954,0.0024999999999977,0.0050000000000096,0.0049999999999954,0.0,0.0,0.0,0.0100000000000051,0.0050000000000096,-0.0050000000000096,-0.0150000000000005,-0.019999999999996,-0.0300000000000011,-0.0349999999999965,-0.0450000000000017,-0.001,-0.014,-0.0025999999999999,-0.0025,-0.0236,-0.0199,0.0074,0.0144999999999999,-0.0105999999999999,0.0264999866485595,0.018899917602539,1.557757819758424,1.562719977474307,0.3059325949327629,-0.297943463411088,0.6007751937984402
2014-01-29,2014-01-29 14:00:00,0,0,0,0.0,0.0,-0.0025000000000119,0.0,0.0,0.0,0.0,0.0049999999999954,0.0,0.0100000000000051,0.0,-0.0049999999999954,-0.0050000000000096,-0.0100000000000051,-0.0100000000000051,-0.0200000000000102,0.003,0.0055499999999999,0.0,0.0,-0.0039,-0.0082999999999999,-0.0146000000000001,-0.0144999999999999,-0.0036,-0.016099989,-0.019500017,-0.389685554381782,-0.3945885005636979,0.0832494626060899,-0.1170617500731669,-0.137133901459497
2014-03-19,2014-03-19 14:00:00,1,0,1,0.0,0.0,0.0,0.0,0.0,0.0049999999999954,0.0049999999999954,0.0049999999999954,0.0200000000000102,0.0100000000000051,0.0300000000000011,0.0600000000000022,0.0949999999999988,0.1400000000000005,0.1700000000000017,0.1999999999999886,0.0149999999999999,0.0,0.0025,0.0075999999999999,0.0768999999999999,0.1475999999999999,0.0670000000000001,0.0042999999999997,0.173099999999999,0.0946000218391418,0.0166999101638793,-0.794044930020458,-0.774365821094793,0.7166451694088841,-0.66815144766146,0.7667354762606912
2014-04-30,2014-04-30 14:00:00,0,0,0,0.0,0.0,-0.0024999999999977,0.0,0.0,0.0,0.0049999999999954,0.0,0.0100000000000051,0.0,0.0,0.0049999999999954,0.0100000000000051,0.0100000000000051,0.0100000000000051,0.0049999999999954,0.0064999999999999,0.0035,0.0,0.0,0.0039,0.0049999999999998,0.0064000000000001,0.0041999999999999,0.0,0.001600027,0.004200101,0.0164921250103046,0.0133422281521014,0.0188660260602713,-0.007211885186787,0.0881229805150332
2014-06-18,2014-06-18 14:00:00,1,0,1,0.0,-0.0049999999999954,0.0,0.0,-0.0049999999999954,-0.0050000000000096,0.0,0.0,-0.0200000000000102,0.0,0.0,0.0,-0.0049999999999954,-0.0099999999999909,-0.0150000000000005,-0.0100000000000051,0.001,-0.0055,-0.0050999999999999,-0.0024999999999999,0.0,-0.0032999999999998,-0.0181,-0.0033000000000003,-0.001,-0.011,-0.004,0.6665481463159585,0.6439979392065945,-0.0937713469539902,0.0589275191514535,-0.137093615354485
2014-07-30,2014-07-30 14:00:00,0,0,0,0.0,0.0,0.0,0.0,0.0,0.0,-0.0049999999999954,0.0,0.0,0.0,-0.019999999999996,-0.0099999999999909,-0.0150000000000005,-0.0150000000000005,-0.019999999999996,-0.0150000000000005,-0.003,-0.009,-0.0024999999999999,-0.0051,-0.0079,-0.0147999999999999,-0.0181999999999997,-0.0139,-0.015,-0.017,-0.013,0.4027111818454466,0.4079031230082855,-0.088364158515468,0.0821999701090927,-0.1068687457495517
2014-09-17,2014-09-17 14:00:00,1,0,1,0.0,0.0,0.0,-0.0049999999999954,0.0,0.0,0.0,0.0050000000000096,0.0,0.0150000000000005,0.0349999999999965,0.0450000000000017,0.0600000000000022,0.0700000000000073,0.0750000000000028,0.0750000000000028,0.0075,0.035,-0.0025,0.0,0.0363,0.0548999999999999,0.0500000000000002,0.0386000000000001,0.0645,0.061,0.0469999999999999,0.3331324201370085,0.3001125422033262,0.567965553335227,-0.624903564264773,0.6319702602230547
2014-10-29,2014-10-29 14:00:00,0,0,0,0.0,0.01107142857141839,0.0,0.0,0.0049999999999954,0.0049999999999954,0.0100000000000051,0.0100000000000051,0.0,-0.0150000000000005,0.0350000000000108,0.0550000000000068,0.0649999999999977,0.0750000000000028,0.0799999999999983,0.0799999999999983,0.0164999999999999,0.041,0.0,0.0,0.0393999999999999,0.0527999999999999,0.0215,-0.0024000000000001,0.106,0.0549999999999999,0.016,-0.3096812001283122,-0.3167764825139381,0.730632668127533,-0.7610827775598307,0.6289889926926342
2014-12-17,2014-12-17 14:00:00,1,0,1,0.0,0.0,0.0,0.0,0.0,-0.0050000000000096,0.0,0.0,-0.0100000000000051,-0.0100000000000051,-0.0100000000000051,0.0,0.0050000000000096,0.0050000000000096,0.0,-0.0049999999999954,-0.004,0.0,-0.0076,0.0025,0.0,0.0239499999999999,0.0261,0.0177999999999998,0.0539999999999999,0.055,0.032,0.78985454536333,0.802709143358836,0.5359886137719048,-0.475423045930702,0.952623968699502
2015-01-28,2015-01-28 14:00:00,0,0,0,0.0,0.0,0.0,0.0,0.0,0.0,0.0,-0.0049999999999954,-0.0050000000000096,-0.0049999999999954,-0.0100000000000051,-0.0150000000000005,-0.0200000000000102,-0.019999999999996,-0.0150000000000005,-0.0200000000000102,-0.0045,-0.014,0.0025,-0.00375,-0.0162999999999999,-0.0227999999999999,-0.0203999999999999,-0.0221999999999997,-0.0129999999999999,-0.0129999999999999,-0.015,-0.2427554589234237,-0.2590673575129533,-0.0042419164978638,-0.0176351291773388,-0.1103284392769205
2015-03-18,2015-03-18 14:00:00,1,0,1,-0.005961538461532977,-0.0150000000000005,-0.0024999999999977,-0.0100000000000051,-0.0150000000000005,-0.0250000000000056,-0.0400000000000062,-0.0600000000000022,-0.0500000000000113,-0.0899999999999892,-0.125,-0.155000000000001,-0.184999999999988,-0.199999999999988,-0.204999999999998,-0.210000000000007,0.001,-0.0092999999999999,-0.0051,-0.0355,-0.123399999999999,-0.1466,-0.1168,-0.0929999999999999,-0.205,-0.132,-0.127,1.909827441587612,1.927039146770088,-1.22540254952227,1.371020753122354,-0.41346233358141
2015-04-29,2015-04-29 14:00:00,0,0,0,-0.0049999999999954,-0.0049999999999954,0.0,-0.0049999999999954,-0.0049999999999954,-0.0050000000000096,-0.0049999999999954,0.0,0.0099999999999909,0.0,0.0,0.0,0.0,0.0,0.0050000000000096,0.0,0.0,-0.001,-0.0051,-0.0077,0.0,-0.0032,-0.0017999999999998,-0.0024000000000001,-0.007,-0.001,-0.001,0.0840555621512516,0.0833631058711444,0.5742883359876653,-0.7029326169688949,0.278105511545591
2015-06-17,2015-06-17 14:00:00,1,0,1,-0.01153846153848369,-0.0150000000000005,-0.0050000000000096,-0.0049999999999954,-0.0150000000000005,-0.0249999999999914,-0.0450000000000017,-0.0450000000000017,-0.0449999999999874,-0.0649999999999977,-0.0799999999999983,-0.0899999999999892,-0.100000000000008,-0.104999999999989,-0.114999999999994,-0.120000000000004,-0.022,-0.018,0.0,-0.0153,-0.0807999999999999,-0.1128,-0.0772999999999997,-0.0302999999999999,-0.139,-0.0909999999999999,-0.0310000000000001,0.6254752033511664,0.6457013033600383,-0.72830872285298,0.7462686567164146,-0.696177062374252
2015-07-29,2015-07-29 14:00:00,0,0,0,-0.0049999999999954,-0.0049999999999954,-0.0024999999999977,-0.0049999999999954,-0.0049999999999954,-0.0050000000000096,-0.0100000000000051,-0.0099999999999909,-0.0049999999999954,-0.0050000000000096,-0.0100000000000051,-0.0150000000000005,-0.0100000000000051,-0.0200000000000102,-0.019999999999996,-0.0150000000000005,-0.006,-0.015,-0.0102,-0.0025999999999999,-0.0119,-0.0165999999999999,-0.0143999999999997,-0.0095999999999998,-0.019,-0.016,-0.01,0.1284130524733694,0.1312179410712155,0.1116636855219802,-0.1448225923244067,0.0161537840239043
2015-09-17,2015-09-17 14:00:00,1,0,1,-0.0634615384615463,-0.0549999999999926,-0.0275000000000034,-0.0499999999999971,-0.0549999999999926,-0.0650000000000119,-0.0600000000000022,-0.0700000000000073,-0.0699999999999931,-0.0799999999999983,-0.0850000000000079,-0.0899999999999892,-0.0850000000000079,-0.0900000000000034,-0.0850000000000079,-0.0799999999999983,-0.006,-0.0105,-0.0432,-0.0662,-0.0848999999999999,-0.0777000000000001,-0.0581,-0.0415999999999998,-0.126,-0.0969999999999999,-0.0629999999999999,-0.273148252276023,-0.274896913657378,-0.632771687145909,0.6794917049064632,-0.711508231984776
2015-10-28,2015-10-28 14:00:00,0,0,0,-0.0050000000000096,0.02599999999999144,0.0,-0.0050000000000096,0.0099999999999909,0.019999999999996,0.0250000000000056,0.0300000000000011,0.019999999999996,0.0300000000000011,0.0450000000000017,0.0549999999999926,0.0550000000000068,0.0649999999999977,0.0549999999999926,0.059999999999988,0.0279999999999999,0.025,0.0025,-0.0025,0.0595499999999999,0.0495000000000001,0.0177999999999998,-0.0110000000000001,0.062,0.03,-0.008,-0.7084171394654086,-0.7111861137897783,0.9547379648134504,-1.22754761260042,0.2737680438028855
2015-12-16,2015-12-16 14:00:00,1,0,1,0.03100000000000104,0.0150000000000005,0.0150000000000005,0.019999999999996,0.0150000000000005,0.0150000000000005,0.0200000000000102,0.0150000000000005,0.0150000000000005,0.0250000000000056,0.0300000000000011,0.0300000000000011,0.0349999999999965,0.0349999999999965,0.0349999999999965,0.0349999999999965,0.0244999999999999,0.0299999999999999,-0.00125,0.023,0.0283999999999999,0.0182999999999999,0.0036,-0.0039000000000002,0.0329999999999999,0.007,-0.0010000000000001,0.9210269901588328,0.9255876263548898,0.4161736504957375,-0.501870608632179,0.3695795006570209
2016-01-27,2016-01-27 14:00:00,0,0,0,-0.0050000000000096,-0.01533333333333364,-0.0024999999999977,-0.0050000000000096,-0.0100000000000051,-0.0150000000000005,-0.0200000000000102,-0.0200000000000102,-0.0200000000000102,-0.0250000000000056,-0.0349999999999965,-0.0349999999999965,-0.0400000000000062,-0.039999999999992,-0.0400000000000062,-0.039999999999992,-0.021,-0.0339999999999999,-0.0025999999999999,-0.0126,-0.0336999999999999,-0.0376,-0.0209999999999999,-0.0144999999999999,-0.0254999999999999,-0.012,-0.0090000000000001,-0.3653231301430906,-0.3683241252302026,-0.0191824248604281,0.0827281919293961,-0.1008912056499113
2016-03-16,2016-03-16 14:00:00,1,0,1,-0.01550000000001509,-0.0600000000000022,-0.0075000000000073,-0.0250000000000056,-0.0600000000000022,-0.0649999999999977,-0.0650000000000119,-0.0849999999999937,-0.0749999999999886,-0.110000000000013,-0.129999999999995,-0.14,-0.144999999999996,-0.149999999999991,-0.155000000000001,-0.149999999999991,-0.007,-0.005,-0.0279999999999999,-0.0664,-0.1216,-0.1143,-0.0584999999999999,-0.0075000000000002,-0.15,-0.0789999999999999,-0.018,0.8305912059727032,0.8201814340748105,-1.20291590946637,1.226772505863256,-1.09087710037828
2016-04-27,2016-04-27 14:00:00,0,0,0,-0.0050000000000096,0.0150000000000288,0.0,-0.0050000000000096,0.0050000000000096,0.0100000000000051,0.0099999999999909,0.0150000000000005,0.0049999999999954,0.0100000000000051,0.0099999999999909,0.0150000000000005,0.0150000000000005,0.0150000000000005,0.0250000000000056,0.0150000000000005,0.014,0.0139999999999999,0.0,-0.0013,0.0119,0.0080999999999999,-0.0017999999999998,-0.0087000000000001,-0.002,-0.0049999999999999,-0.008,0.2354754258419956,0.2279817614590832,0.1669741110616361,-0.2028397565922893,0.1526306338660457
2016-06-15,2016-06-15 14:00:00,1,0,1,0.0,-0.0300000000000011,0.0,-0.0100000000000051,-0.0300000000000011,-0.0300000000000011,-0.0349999999999965,-0.0349999999999965,-0.0350000000000108,-0.0449999999999874,-0.0450000000000017,-0.0450000000000017,-0.0449999999999874,-0.0400000000000062,-0.0400000000000062,-0.0349999999999965,-0.01,-0.0429999999999999,-0.0101999999999999,-0.0229,-0.0442,-0.0338,-0.0084999999999999,0.0123999999999999,-0.074,-0.048,-0.0159999999999999,0.0139267739828635,-0.0120062432464881,-0.153051261617378,0.1956599075062237,0.075521570848672
2016-07-27,2016-07-27 14:00:00,0,0,0,-0.0100000000000051,0.0066666666666939,-0.0049999999999954,-0.0100000000000051,-0.0049999999999954,0.0049999999999954,-0.0049999999999954,0.0024999999999977,0.0050000000000096,0.0049999999999954,0.0049999999999954,0.0049999999999954,0.0049999999999954,0.0049999999999954,0.0,0.0049999999999954,0.011,0.002,-0.0075999999999999,-0.0025,0.004,-0.0065000000000001,-0.012,-0.0119000000000002,-0.011,-0.0159999999999999,-0.016,0.2130181342661004,0.2084539664157498,0.0318746401250369,-0.0636421492863119,0.0662439670672784
2016-09-21,2016-09-21 14:00:00,1,0,1,-0.05000000000000167,-0.03392857142856755,-0.0150000000000005,-0.0450000000000017,-0.0349999999999965,-0.019999999999996,-0.0150000000000005,-0.0150000000000005,-0.019999999999996,-0.0250000000000056,-0.0300000000000011,-0.0349999999999965,-0.0350000000000108,-0.0349999999999965,-0.0400000000000062,-0.0350000000000108,-0.026,-0.0294999999999999,-0.0608999999999999,-0.0457999999999999,-0.0324999999999999,-0.0376999999999998,-0.0433999999999998,-0.0489999999999999,-0.039,-0.046,-0.0519999999999999,0.7526304738352476,0.7727432384966632,-0.271279814695024,0.206056262318578,-0.376759865159622
2016-11-02,2016-11-02 14:00:00,0,0,0,-0.005357142857137928,0.004411764705878294,-0.0049999999999954,0.0,0.0,0.0,0.0050000000000096,0.0,0.0050000000000096,0.0049999999999954,0.0050000000000096,0.0049999999999954,0.0049999999999954,0.0049999999999954,0.0049999999999954,0.0050000000000096,0.006,0.004,0.0,0.0,0.004,0.0015999999999998,0.0035,0.0055,0.002,0.003,0.0079999999999998,0.0419083540493782,0.0477554918815663,0.0339064900104301,-0.0270172910662794,0.0096786682152585
2016-12-14,2016-12-14 14:00:00,1,0,1,-0.00455882352940757,0.005354030501099124,-0.0024999999999977,-0.0050000000000096,0.0050000000000096,0.0150000000000005,0.0200000000000102,0.0275000000000034,0.0,0.0299999999999869,0.0700000000000073,0.1200000000000045,0.1350000000000051,0.1400000000000005,0.1349999999999909,0.1400000000000005,-0.01,-0.01,0.0025999999999999,0.0152999999999999,0.0974000000000001,0.1202,0.0878999999999998,0.0367000000000001,0.137,0.0999999999999999,0.048,-0.711958436069021,-0.605260261912622,1.019902960689178,-1.03364029317798,1.213381868608083
2017-02-01,2017-02-01 14:00:00,0,0,0,-0.005185185185180415,-0.02420138888889433,-0.0049999999999954,-0.0150000000000005,-0.0250000000000056,-0.019999999999996,-0.019999999999996,-0.0225000000000079,-0.0150000000000005,-0.0150000000000005,-0.0249999999999914,-0.0250000000000056,-0.0300000000000011,-0.0300000000000011,-0.0249999999999914,-0.0300000000000011,-0.0169999999999999,-0.0230000000000001,-0.0050999999999999,-0.0050999999999999,-0.0239,-0.0230999999999999,-0.0074,0.0058000000000002,-0.031,-0.011,0.004,0.150621588508839,0.1429671175629605,-0.1195514071050431,0.0930578820025953,-0.1233480176211458
2017-03-15,2017-03-15 14:00:00,1,0,1,0.004843749999995543,-0.0005189732142852367,0.0024999999999977,0.0049999999999954,0.0,-0.0250000000000056,-0.0349999999999965,-0.039999999999992,-0.0425000000000039,-0.0550000000000068,-0.0699999999999931,-0.082499999999996,-0.0949999999999988,-0.105000000000003,-0.115000000000009,-0.125,-0.0170000000000001,-0.028,-0.0229,-0.0358,-0.0772999999999999,-0.1005,-0.0708000000000002,-0.032,-0.114,-0.0869999999999999,-0.046,0.5158850481773466,0.5895357406042742,-0.611138491867919,0.5075665006109454,-0.881865013533576
2017-05-03,2017-05-03 14:00:00,0,0,0,-0.002767857142854597,0.01179687499998915,-0.0024999999999977,0.0049999999999954,0.0150000000000005,0.0049999999999954,0.0099999999999909,0.0150000000000005,0.0150000000000005,0.0150000000000005,0.0150000000000005,0.0150000000000005,0.019999999999996,0.0250000000000056,0.0250000000000056,0.0249999999999914,0.0109999999999998,0.0164999999999999,-0.0050999999999999,0.0128,0.018,0.0229999999999999,0.0179999999999997,0.0125999999999999,0.021,0.0179999999999999,0.0109999999999998,0.0404895671182818,0.0315159155373463,0.1211044727918663,-0.109930377427617,0.1601423487544418
2017-06-14,2017-06-14 14:00:00,1,0,1,0.01875000000000956,0.0100000000000051,0.0100000000000051,0.0200000000000102,0.0100000000000051,0.0100000000000051,0.019999999999996,0.0249999999999914,0.0099999999999909,0.0150000000000005,0.0349999999999965,0.0400000000000062,0.0450000000000017,0.0499999999999971,0.0499999999999971,0.0550000000000068,-0.012,0.0,0.0102,0.0154,0.0486999999999999,0.0444999999999999,0.0303499999999998,0.0136000000000002,0.0559999999999999,0.0424999999999999,0.021,-0.239455157511457,-0.235800697149887,0.6124796617371293,-0.629879347054638,0.63227343535233
2017-07-26,2017-07-26 14:00:00,0,0,0,-0.0049999999999954,-0.005000000000038002,-0.0024999999999977,-0.0049999999999954,-0.0050000000000096,-0.0100000000000051,-0.0150000000000005,-0.0100000000000051,-0.0049999999999954,-0.0150000000000005,-0.0174999999999982,-0.0150000000000005,-0.0200000000000102,-0.019999999999996,-0.0249999999999914,-0.0200000000000102,-0.0109999999999998,0.0,-0.0050999999999998,-0.0064499999999998,-0.0159,-0.0249999999999999,-0.0161000000000002,-0.0031999999999996,-0.03,-0.02,-0.01,0.0185605113017388,0.0100989699050696,-0.3794360538650391,0.4205647583898296,-0.4018574745490291
2017-09-20,2017-09-20 14:00:00,1,0,1,-0.007499999999993161,-0.004913793103458443,-0.00249999999999772,-0.0049999999999954,-0.0050000000000096,0.0200000000000102,0.039999999999992,0.0349999999999965,0.0400000000000062,0.0499999999999971,0.0650000000000119,0.0700000000000073,0.0849999999999937,0.0849999999999937,0.0850000000000079,0.0849999999999937,0.0170000000000001,0.0010000000000001,0.0025999999999999,0.0153,0.0532999999999999,0.0652000000000001,0.0407000000000001,0.0062000000000002,0.078,0.0529999999999999,0.007,-0.0796073502124814,-0.0499201277955271,0.9984613873702732,-1.04930046635577,0.9159482758620654
2017-11-01,2017-11-01 14:00:00,0,0,0,-0.002586206896549345,0.001867816091952305,-0.0024999999999977,0.0,-0.0049999999999954,-0.0050000000000096,0.0,0.0,0.0,0.0049999999999954,0.0,0.0050000000000096,0.0049999999999954,0.0,0.0050000000000096,0.0049999999999954,0.0009999999999998,0.0004999999999999,-0.0025000000000001,0.0026000000000001,0.0038999999999997,0.0049999999999998,0.0081500000000001,0.0064000000000001,0.004,0.004,0.004,0.0880705184909284,0.0874040982810527,0.0728608990401396,-0.0601943417318896,0.1228932584269667
2017-12-13,2017-12-13 14:00:00,1,0,1,0.004305555555551594,0.0049999999999954,0.0024999999999977,0.0,0.0049999999999954,-0.0049999999999954,-0.0100000000000051,-0.0100000000000051,-0.0049999999999954,-0.0150000000000005,-0.019999999999996,-0.0250000000000056,-0.0300000000000011,-0.0300000000000011,-0.0349999999999965,-0.0350000000000108,-0.0155,-0.02,-0.0127999999999999,-0.018,-0.0345999999999999,-0.0384999999999999,-0.0214000000000003,-0.0100000000000002,-0.034,-0.0209999999999999,-0.011,0.0397521863702483,0.0374953130858642,-0.374156548805591,0.3821331521739087,-0.398230088495577
2018-01-31,2018-01-31 14:00:00,0,0,0,-0.0074999999999931,0.01574999999998551,0.0025,-0.0074999999999931,0.0,0.0,0.0049999999999954,0.0099999999999909,0.0,0.0,0.0049999999999954,0.0049999999999954,0.0050000000000096,0.0100000000000051,0.0150000000000005,0.0200000000000102,0.006,0.0049999999999998,0.0,0.0,0.0080999999999997,0.0150999999999998,0.0169000000000001,0.0057,0.0129999999999999,0.014,0.003,-0.0917202585132925,-0.1590106007067137,0.1520336605890687,-0.1610565308423258,0.1098096632503702
2018-03-21,2018-03-21 14:00:00,1,0,1,0.0,-0.005344827586217158,0.0,0.0,-0.0050000000000096,-0.0049999999999954,-0.0099999999999909,-0.0150000000000005,-0.019999999999996,-0.0249999999999914,-0.0250000000000056,-0.019999999999996,-0.0249999999999914,-0.0250000000000056,-0.0249999999999914,-0.0100000000000051,-0.006,-0.0194999999999998,-0.0026000000000001,-0.0129000000000001,-0.0288999999999997,-0.0136000000000002,-0.0036,0.0106999999999999,-0.019,-0.002,0.0109999999999998,-0.122722795071269,-0.137412971784536,-0.431622746185848,0.513321926179416,-0.188199868260094
2018-05-02,2018-05-02 14:00:00,0,0,0,-0.002672413793100989,0.002043610547665462,-0.0024999999999977,0.0,-0.0049999999999954,-0.0049999999999954,-0.0049999999999954,-0.0049999999999954,-0.0049999999999954,-0.0100000000000051,-0.0100000000000051,-0.0100000000000051,-0.0150000000000005,-0.0150000000000005,-0.0174999999999982,-0.0150000000000005,-0.0070000000000001,-0.0099999999999997,-0.0050999999999998,-0.0051999999999998,-0.0160999999999997,-0.0185999999999997,-0.0112,-0.0041000000000002,-0.022,-0.015,-0.0039999999999998,0.159868485547747,0.1603924898575337,-0.3518238722210159,0.4011700793982564,-0.2092621235556271
2018-06-13,2018-06-13 14:00:00,1,0,1,-0.004411764705903353,-0.01018627450979382,-0.0025000000000119,-0.0050000000000096,-0.0099999999999909,-0.0100000000000051,0.0099999999999909,-0.0049999999999954,-0.0024999999999977,0.0100000000000051,0.0249999999999914,0.0349999999999965,0.039999999999992,0.0400000000000062,0.039999999999992,0.039999999999992,0.0029999999999996,0.0209999999999999,-0.0024999999999999,0.0025000000000003,0.0328999999999997,0.0374000000000003,0.0311999999999996,0.0192999999999998,0.038,0.0329999999999999,0.024,-0.175781600330042,-0.179388285944927,0.0929725570659178,-0.0508949020273268,0.1358572593062274
2018-08-01,2018-08-01 14:00:00,0,0,0,-0.002583333333330957,0.0,-0.0024999999999977,-0.0049999999999954,0.0,0.0,-0.0049999999999954,0.0,0.0,-0.0049999999999954,-0.0050000000000096,-0.0049999999999954,-0.0049999999999954,-0.0049999999999954,-0.0049999999999954,-0.0099999999999909,-0.0075000000000002,-0.0070000000000001,0.0,0.0025999999999997,0.0,-0.0034,-0.0056000000000002,-0.0048999999999996,-0.001,-0.004,-0.004,0.0174309609439677,0.026683269589967,-0.07501875468867,0.0514271020827919,-0.1880540879376806
2018-09-26,2018-09-26 14:00:00,1,0,1,0.0100000000000051,0.0100000000000051,0.0,0.0100000000000051,0.0100000000000051,0.0049999999999954,0.0100000000000051,0.0,0.0049999999999954,-0.0050000000000096,-0.0050000000000096,-0.0100000000000051,-0.0100000000000051,-0.0099999999999909,-0.0150000000000005,-0.0149999999999863,0.0069999999999996,-0.004,-0.0050999999999996,-0.0078,-0.0121999999999999,-0.0151999999999996,-0.0186999999999999,-0.0260000000000002,-0.009,-0.013,-0.0210000000000001,-0.0340422328967678,-0.0597728631201434,0.0700942023598257,-0.101971447994569,-0.0442752147348015
2018-11-08,2018-11-08 14:00:00,0,0,0,0.006818181818175544,-0.01079545454544461,0.0049999999999954,0.0,0.0,0.0,0.0,0.0049999999999954,0.0049999999999954,0.0074999999999931,0.0099999999999909,0.0099999999999909,0.0099999999999909,0.0100000000000051,0.0150000000000005,0.0100000000000051,0.004,0.0044999999999997,-0.0005999999999999,-0.0007000000000001,0.0041999999999999,0.0068999999999999,0.0073999999999996,0.0021500000000003,0.0070000000000001,0.0070000000000001,0.002,0.0985646632314548,0.0980130089993762,0.1794940964080448,-0.201736689764053,0.0790236192817661
2018-12-19,2018-12-19 14:00:00,1,0,1,0.02583333333334651,0.019999999999996,0.0100000000000051,0.0250000000000056,0.019999999999996,0.019999999999996,0.0249999999999914,0.019999999999996,0.019999999999996,0.0225000000000079,0.0,-0.019999999999996,-0.0499999999999971,-0.0700000000000073,-0.0900000000000034,-0.0949999999999988,0.0089999999999998,-0.0309999999999996,0.0103000000000004,0.0078,-0.0228000000000001,-0.0455,-0.0589000000000003,-0.0488999999999997,0.002,-0.013,-0.0179999999999997,-2.53925541098606,-2.53668966857809,0.3972893280223479,-0.481189851268596,0.1603135019593806
2019-01-30,2019-01-30 14:00:00,0,0,1,0.0,0.0,-0.0024999999999977,0.0,0.0,-0.0049999999999954,-0.0150000000000005,-0.0200000000000102,-0.0100000000000051,-0.0349999999999965,-0.0499999999999971,-0.0649999999999977,-0.0750000000000028,-0.0850000000000079,-0.0849999999999937,-0.0900000000000034,-0.0325000000000001,-0.0580000000000002,-0.0051000000000001,-0.0234,-0.0644999999999997,-0.0636000000000001,-0.0339999999999998,0.0054000000000002,-0.102999999999999,-0.0725000000000001,-0.028,0.7593147179970073,0.76177936612433,-0.53904140296733,0.5779334500875798,-0.538566864445461
2019-03-20,2019-03-20 14:00:00,1,0,1,0.0,0.0,0.0,0.0049999999999954,0.0,0.0,0.0049999999999954,0.0050000000000096,0.0,-0.0150000000000005,-0.0400000000000062,-0.0600000000000022,-0.0749999999999886,-0.0849999999999937,-0.0799999999999983,-0.0750000000000028,-0.012,-0.04,0.0,-0.0208000000000003,-0.0495999999999998,-0.0673000000000003,-0.0518999999999998,-0.0285999999999999,-0.103,-0.0774999999999999,-0.0479999999999999,0.5251843732374073,0.3806320262016464,-0.574146811619738,0.6518675123326351,-0.699551569506727
2019-05-01,2019-05-01 14:00:00,0,0,1,-0.02583333333333912,0.01734848484848094,-0.0250000000000056,-0.0100000000000051,0.0099999999999909,0.0100000000000051,0.0150000000000005,0.0300000000000011,0.0,0.0400000000000062,0.0549999999999926,0.0600000000000022,0.0700000000000073,0.0699999999999931,0.0699999999999931,0.0699999999999931,0.0289999999999999,0.0470000000000001,-0.0026000000000001,-0.0025999999999997,0.0564,0.0499999999999998,0.0304999999999999,0.0171000000000001,0.047,0.0354999999999999,0.0234999999999999,-0.335280084430859,-0.339126748622297,0.401849948612544,-0.462345514359393,0.3148614609571865
2019-06-19,2019-06-19 14:00:00,1,0,1,0.05454545454544363,-0.0775000000000005,0.019999999999996,0.0499999999999971,-0.0775000000000005,-0.0850000000000079,-0.0949999999999988,-0.11999999999999,-0.109999999999999,-0.150000000000005,-0.180000000000006,-0.174999999999997,-0.170000000000001,-0.155000000000001,-0.14,-0.129999999999995,-0.1185,-0.141999999999999,-0.0333999999999998,-0.0779,-0.133,-0.0924,-0.0586999999999999,-0.0352999999999998,-0.131999999999999,-0.0959999999999999,-0.0699999999999999,0.44145188620351,0.3856041131105398,-0.170410216400454,0.1158748551564381,-0.230712440014765
2019-07-31,2019-07-31 14:00:00,0,0,1,0.0400000000000062,0.06499999999998346,0.0,0.0400000000000062,0.0499999999999971,0.0649999999999977,0.0649999999999977,0.0799999999999983,0.0499999999999971,0.0849999999999937,0.0850000000000079,0.0849999999999937,0.0799999999999983,0.0699999999999931,0.0600000000000022,0.0400000000000062,0.0765,0.072,0.0436,0.0439499999999997,0.0741,0.0262999999999999,-0.0051999999999998,-0.0280999999999997,0.047,0.005,-0.0175,-0.65265923392568,-0.638527241064764,0.4179153160866928,-0.44907490569426,0.2026155829802899
2019-09-18,2019-09-18 14:00:00,1,0,1,0.04687499999999275,0.039999999999992,0.0187499999999971,0.0300000000000011,0.039999999999992,0.039999999999992,0.0300000000000011,0.0349999999999965,0.0700000000000073,0.0649999999999977,0.0750000000000028,0.0749999999999886,0.0749999999999886,0.0649999999999977,0.0649999999999977,0.059999999999988,0.048,0.0549999999999999,-0.0179,0.0245999999999999,0.0925,0.0750999999999999,0.0530499999999998,0.0329999999999999,0.092,0.077,0.0539999999999999,0.0233680738698137,0.0333750521485189,0.3265480513931679,-0.406614258606663,0.2773412221503163
2019-10-04,2019-10-04 11:00:00,0,1,0,0.0,0.0,0.0,0.0,0.0049999999999954,0.0049999999999954,0.0100000000000051,0.0050000000000096,0.0049999999999954,0.0049999999999954,0.0099999999999909,0.0050000000000096,0.0150000000000005,0.0049999999999954,0.0049999999999954,0.0049999999999954,0.0075,0.01,-0.0012999999999998,0.0025999999999999,0.012,0.0047999999999999,0.0034,0.0026999999999999,0.007,0.003,0.002,0.2109286329636694,0.2137300162434812,-0.0252908447142048,0.0182099608485821,-0.0374146478346198
2019-10-30,2019-10-30 14:00:00,0,0,1,-0.0125000000000028,0.006875000000001541,0.0024999999999977,-0.0125000000000028,0.0,0.0100000000000051,0.0050000000000096,0.0050000000000096,0.0100000000000051,0.0,-0.0049999999999954,-0.0150000000000005,-0.0200000000000102,-0.0250000000000056,-0.0250000000000056,-0.019999999999996,-0.0010000000000001,-0.0244999999999997,-0.0484999999999999,-0.0050999999999998,-0.012,-0.0147999999999999,-0.0263999999999999,-0.0348999999999999,0.0139999999999999,0.0025,-0.004,0.4678659509647486,0.445360824742268,-0.244581346323097,0.2788271271811569,-0.119364612983192
2019-12-11,2019-12-11 14:00:00,1,0,1,0.0,0.0,0.0,-0.0049999999999954,0.0,-0.0049999999999954,-0.0050000000000096,-0.0050000000000096,0.0024999999999977,-0.0049999999999954,-0.0100000000000051,-0.019999999999996,-0.0249999999999914,-0.0300000000000011,-0.0300000000000011,-0.0300000000000011,-0.0169999999999999,-0.0189999999999999,0.0,-0.0026000000000001,-0.0242999999999999,-0.0281,-0.0155999999999998,0.0006999999999997,-0.0419999999999999,-0.0219999999999999,-0.002,0.21948924087986,0.2232854864433811,-0.289581236778881,0.3604253018561906,-0.128794848206072
2020-01-29,2020-01-29 14:00:00,0,0,1,0.0100000000000051,-0.0050000000000096,0.0024999999999977,0.0100000000000051,0.0099999999999909,0.0049999999999954,-0.0050000000000096,-0.0100000000000051,0.0,-0.0100000000000051,-0.019999999999996,-0.019999999999996,-0.0250000000000056,-0.0249999999999914,-0.0300000000000011,-0.0249999999999914,-0.014,-0.03,-0.0025999999999999,-0.0051999999999998,-0.0238,-0.0293000000000001,-0.024,-0.0161999999999999,-0.0259999999999999,-0.0199999999999999,-0.012,-0.229544680644054,-0.228119534636149,-0.0570735535421247,0.0545206724216205,-0.0915834783405021
2020-03-03,2020-03-03 10:00:00,0,1,1,-0.2961607142857121,-0.179999999999992,-0.267499999999998,-0.234999999999999,-0.179999999999992,-0.147499999999993,-0.150000000000005,-0.11999999999999,-0.179999999999992,-0.125,-0.120000000000004,-0.120000000000004,-0.0949999999999988,-0.0849999999999937,-0.0850000000000079,-0.0799999999999983,-0.151999999999999,-0.110999999999999,-0.2121,-0.156,-0.1265,-0.0985999999999999,-0.0828999999999999,-0.0466999999999999,-0.12,-0.0989999999999999,-0.054,-0.0003258517765509,0.0244618395303326,-0.364091361291451,0.4404098507999195,-0.33435497353023
2020-03-15,2020-03-15 17:00:00,0,1,1,-0.1889062499999932,-0.039999999999992,-0.0974999999999965,-0.0649999999999977,-0.039999999999992,-0.0450000000000017,-0.039999999999992,-0.039999999999992,-0.163749999999993,-0.0799999999999983,-0.0999999999999943,-0.109999999999999,-0.120000000000004,-0.130000000000009,-0.14,-0.16000000000001,-0.044,-0.105,0.0,-0.00514999999999998,-0.2027,-0.4001,-0.3297,-0.0782,-0.23,-0.263,-0.0895,-8.00584281930786,-3.79391100702576,-0.769691615641591,0.9891152161149012,-0.6817969552629026
2020-03-19,2020-03-19 09:00:00,0,1,0,0.01291666666665478,0.0100000000000051,0.0049999999999954,0.0100000000000051,0.0100000000000051,0.0024999999999977,0.0049999999999954,0.0,-0.0600000000000022,-0.0500000000000113,-0.0349999999999965,-0.0249999999999914,-0.0250000000000056,-0.0300000000000011,-0.0400000000000062,-0.0300000000000011,-0.0055,-0.0159999999999999,0.0012999999999999,-0.0303999999999999,-0.026,-0.031,-0.0228999999999999,-0.0159500000000001,-0.035,-0.0479999999999999,-0.006,-0.333597431299779,0.2205650666946749,-0.2596639067169669,0.2879702740362174,0.0820643749430139
2020-03-23,2020-03-23 08:00:00,0,1,0,-0.009687499999991087,-0.0099999999999909,-0.0024999999999977,-0.0099999999999909,-0.0099999999999909,-0.0050000000000096,-0.0049999999999954,0.0,-0.0450000000000017,-0.0375000000000085,-0.0400000000000062,-0.0350000000000108,-0.0349999999999965,-0.0349999999999965,-0.0400000000000062,-0.039999999999992,-0.002,-0.0035,0.0,0.0075999999999999,-0.0241,-0.0525999999999999,-0.0886,-0.1055999999999999,-0.046,-0.091,-0.107,0.0,6.305084745762712,-0.9213227353653698,0.9836987071388588,-0.6494677972217201
2020-03-31,2020-03-31 08:30:00,0,1,0,-0.0024999999999977,0.0,0.0,-0.0024999999999977,0.0,0.0049999999999954,-0.0049999999999954,0.0049999999999954,-0.019999999999996,-0.0049999999999954,-0.0049999999999954,-0.0099999999999909,0.0,-0.0049999999999954,0.0,0.0,-0.004,-0.016,-0.0356,0.0049999999999999,-0.002,-0.0015999999999999,0.0015999999999999,0.0011000000000001,-0.01,0.002,-0.0279999999999999,-0.4503835684236547,0.1647765823398274,-0.1623881075771012,0.1826150474799125,-0.1658527596056452
2020-04-29,2020-04-29 14:00:00,0,0,1,-0.0275000000000034,-0.0237500000000067,-0.0024999999999977,-0.0275000000000034,-0.0250000000000056,-0.019999999999996,-0.0099999999999909,-0.0150000000000005,0.0049999999999954,-0.0050000000000096,-0.0099999999999909,0.0,-0.0024999999999977,0.0,0.0,0.0,-0.0129999999999999,-0.0069999999999999,-0.0076999999999999,-0.0100999999999999,-0.0018999999999999,0.0015999999999999,0.0095,0.0163999999999999,0.001,0.003,-0.0034999999999999,0.3447274037048575,0.3406864832637765,-0.128416068060516,0.1381215469613107,-0.103044496487118
2020-06-10,2020-06-10 14:00:00,1,0,1,0.0,0.0,0.0,0.0,0.0,0.0049999999999954,0.0,0.0049999999999954,-0.0025000000000119,-0.0050000000000096,-0.0049999999999954,-0.0049999999999954,-0.0150000000000005,-0.0150000000000005,-0.019999999999996,-0.0250000000000056,0.0,-0.028,-0.0050999999999999,-0.0077,-0.0118999999999999,-0.0349999999999999,-0.0345999999999999,-0.0037500000000001,-0.0519999999999999,-0.0425,-0.0049999999999999,0.2261192747942669,0.2187670911789983,-0.260118614088024,0.3518648838845886,-0.0932314003356409
2020-07-29,2020-07-29 14:00:00,0,0,1,0.0049999999999954,0.005000000000025828,0.0,0.0049999999999954,0.0050000000000096,0.0,0.0050000000000096,0.0049999999999954,0.0,-0.0150000000000005,-0.0050000000000096,-0.0050000000000096,-0.0049999999999954,-0.0049999999999954,-0.0049999999999954,-0.0049999999999954,-0.0049999999999999,-0.0055,-0.0051,-0.0051,-0.0038999999999999,-0.0134,-0.0146999999999999,-0.0043999999999999,-0.0110000000000001,-0.011,0.0,0.3598345807496071,0.3703417946146131,-0.0289248008741728,-0.0084839229659785,-0.0095238095238143
2020-08-27,2020-08-27 09:10:00,0,1,0,0.0,0.0,0.0,0.0,-0.0050000000000096,0.0,-0.0049999999999954,0.0,0.0,-0.0049999999999954,0.0,0.0,0.0,-0.0024999999999977,-0.0050000000000096,-0.0049999999999954,-0.002,0.01,-0.0026,0.0,-0.003,-0.0047999999999999,-0.0098,-0.0102999999999999,0.0139999999999997,0.0070000000000001,0.004,0.1785134230020736,0.2374271530325922,-0.2767279344466957,0.2956830277942096,-0.226265673611761
2020-09-16,2020-09-16 14:00:00,1,0,1,0.0,0.0,0.0,0.0,0.0,-0.0050000000000096,0.0,0.0,0.0,0.0,0.0,0.0,0.0,-0.0049999999999954,0.0,0.0,0.0,-0.015,-0.0075999999999999,-0.0025,-0.002,0.0055999999999999,0.0196,0.0292000000000001,-0.0050000000000001,0.0135,0.0249999999999999,-0.369178035961121,-0.403462441314554,0.1633231972664865,-0.219854557754114,0.0095210892126107
2020-11-05,2020-11-05 14:00:00,0,0,1,0.0,0.0,0.0,0.0,-0.0049999999999954,0.0,0.0,0.0,0.0,0.0,0.0049999999999954,0.0,-0.0100000000000051,0.0,0.0049999999999954,0.0,-0.001,-0.0015,-0.0025,-0.0049999999999999,-0.004,0.0023999999999999,0.0017,-0.006,0.018,0.0144999999999999,0.003,-0.0338188277087049,-0.0711794433767527,-0.130507469125825,0.11849344054169,-0.163950236281224
2020-12-16,2020-12-16 14:00:00,1,0,1,0.0,0.0,0.0,0.0,0.0,0.0,0.0,0.0050000000000096,-0.0050000000000096,-0.0049999999999954,0.0,0.0,0.0,0.0,-0.0049999999999954,0.0,0.001,0.0139999999999999,0.0025,0.0,-0.0019999999999999,-0.0008,0.0017,0.0029999999999998,0.008,0.0050000000000001,-0.004,0.273367366804378,0.2974580854515954,-0.168141592920355,0.188927221948412,-0.192957067052583
2021-01-27,2021-01-27 14:00:00,0,0,1,0.0,0.01107142857141839,0.0,0.0,0.0049999999999954,0.0,0.0049999999999954,0.0,0.0050000000000096,0.0,0.0,0.0049999999999954,0.0050000000000096,0.0,0.0,0.0,0.003,0.0029999999999999,-0.0025,0.0,-0.0018999999999999,0.0055499999999999,0.01105,0.0124999999999999,-0.0089999999999998,-0.002,0.005,-1.14774475676731,-1.1439529193943,0.15909668438091,-0.1155401502022,0.0960614793467901
2021-03-17,2021-03-17 14:00:00,1,0,1,-0.01107142857144983,-0.0099999999999909,-0.0050000000000096,-0.0100000000000051,-0.0099999999999909,-0.0099999999999909,-0.0099999999999909,-0.0100000000000051,-0.0100000000000051,-0.0099999999999909,-0.0150000000000005,-0.0100000000000051,-0.019999999999996,-0.0299999999999869,-0.0400000000000062,-0.0550000000000068,-0.0115,-0.0179999999999999,-0.0075999999999999,-0.0051,-0.0181,-0.0635,-0.0335,-0.0075000000000002,-0.0469999999999999,-0.047,-0.0189999999999999,0.7941418880365195,0.8053776396727756,-0.552450138112529,0.5457598656591058,-0.402635431918006
2021-04-28,2021-04-28 14:00:00,0,0,1,-0.0100000000000051,-0.004642857142866958,0.0,-0.0100000000000051,-0.0075000000000073,-0.0100000000000051,-0.0049999999999954,-0.0049999999999954,-0.0049999999999954,-0.0024999999999977,-0.0049999999999954,-0.0100000000000051,-0.0100000000000051,-0.0150000000000005,-0.0300000000000011,-0.0349999999999965,-0.0059999999999999,-0.0125,-0.0024999999999999,-0.0051,-0.0098,-0.0336999999999999,-0.0302,-0.0224000000000001,-0.0315,-0.023,-0.017,0.0880114546251488,0.1077070368597415,-0.278312524063583,0.2979392534966521,-0.2478883584282
2021-06-16,2021-06-16 14:00:00,1,0,1,0.02678571428572029,0.0124999999999886,0.0125000000000028,0.019999999999996,0.0124999999999886,0.0049999999999954,0.0100000000000051,0.0100000000000051,0.0100000000000051,0.0149999999999863,0.0150000000000005,0.0300000000000011,0.0450000000000017,0.0699999999999931,0.0900000000000034,0.1050000000000039,0.0094999999999999,0.0279999999999999,0.0177,0.0075999999999999,0.034,0.0953,0.0746,0.0272000000000001,0.1940000000000001,0.1579999999999999,0.086,0.0258717846333473,0.0354463283511549,0.7233013461134988,-0.792406108130421,0.5913929578746299
2021-07-28,2021-07-28 14:00:00,0,0,1,-0.0049999999999954,0.01374999999998735,0.0,-0.0049999999999954,0.0,-0.0050000000000096,-0.0049999999999954,0.0,-0.0050000000000096,-0.0049999999999954,0.0,0.0,0.0050000000000096,0.0099999999999909,0.0150000000000005,0.0150000000000005,-0.009,0.0204999999999999,-0.005,0.0025,-0.001,0.0016,-0.0083999999999999,-0.0123999999999999,-0.0460000000000002,-0.0479999999999998,-0.0359999999999999,0.2755723272156909,0.2905651777575205,-0.254012862779008,0.2793532548886888,-0.127168680170769
2021-09-22,2021-09-22 14:00:00,1,0,1,0.0,0.0,0.0,0.0,0.0,0.0,0.0049999999999954,0.0,0.0049999999999954,0.0050000000000096,0.0149999999999863,0.0250000000000056,0.0300000000000011,0.0349999999999965,0.0349999999999965,0.0349999999999965,0.004,0.0185,0.005,0.0025,0.0201999999999999,0.0242999999999999,0.0051000000000001,-0.01,0.0439999999999998,0.022,0.002,0.2375802074874661,0.2566295979469632,0.1394460772745751,-0.18761726078799,0.1459321415541742
2021-11-03,2021-11-03 14:00:00,0,0,1,0.0,-0.009687499999991087,0.0,-0.0049999999999954,-0.0049999999999954,0.0,0.0,0.0,-0.0024999999999977,0.0049999999999954,0.0100000000000051,0.0,-0.0099999999999909,-0.0150000000000005,-0.0099999999999909,-0.0150000000000005,0.0135,-0.005,-0.0025,0.0,-0.006,-0.0017,0.0262999999999999,0.054,-0.0150000000000001,0.015,0.0509999999999999,0.6684500652014509,0.67157712305026,-0.120130974655553,0.1467668134334639,0.0526269625471345
2021-12-15,2021-12-15 14:00:00,1,0,1,-0.004843749999995543,-0.0100000000000051,-0.0024999999999977,-0.0050000000000096,-0.0100000000000051,0.0100000000000051,0.0249999999999914,0.0250000000000056,0.0200000000000102,0.039999999999992,0.0349999999999965,0.0300000000000011,0.0249999999999914,0.0250000000000056,0.0100000000000051,0.0,0.022,0.021,-0.0025999999999999,0.0050999999999999,0.0121,0.0130999999999998,0.0203999999999999,0.0252000000000001,-0.0560000000000002,-0.025,-0.008,1.524613658618828,1.518590575010808,-0.283538225919948,0.3064623584277107,0.0702062308029822
2022-01-26,2022-01-26 14:00:00,0,0,1,-0.0050000000000096,0.046666666666698,-0.0024999999999977,-0.0050000000000096,0.0200000000000102,0.0450000000000017,0.0700000000000073,0.0750000000000028,0.0799999999999983,0.1099999999999994,0.125,0.1400000000000005,0.1325000000000074,0.1374999999999886,0.1124999999999971,0.125,0.0789999999999999,0.1089999999999999,0.0075999999999999,0.02165,0.1051999999999999,0.0899,0.0606999999999999,0.0398999999999998,0.137,0.0899999999999999,0.0494999999999999,-1.87970179906722,-1.88679245283018,0.4340268742779246,-0.433935529578454,0.218703525500831
2022-03-16,2022-03-16 14:00:00,1,0,1,-0.02066666666667721,-0.03138271604938241,-0.0100000000000051,-0.0150000000000005,-0.0300000000000011,-0.0200000000000102,-0.0049999999999954,0.019999999999996,0.0200000000000102,0.0499999999999971,0.0649999999999977,0.0600000000000022,0.0550000000000068,0.0450000000000017,0.0350000000000108,0.0224999999999937,0.0289999999999999,0.036,-0.0151999999999999,0.0013,0.0512999999999999,0.0201999999999999,-0.008,-0.0291000000000001,0.036,0.013,-0.0129999999999999,0.4452493976378761,0.429060126398794,-0.274458172979543,0.33670033670034,0.0252887128045192
2022-05-04,2022-05-04 14:00:00,0,0,1,-0.0172222222222228,-0.0727777777777806,-0.0150000000000005,-0.0450000000000017,-0.0750000000000028,-0.109999999999999,-0.122500000000002,-0.14,-0.0949999999999988,-0.149999999999991,-0.170000000000001,-0.180000000000006,-0.164999999999992,-0.144999999999996,-0.13499999999999,-0.125,-0.116999999999999,-0.137,-0.0508999999999999,-0.0835000000000001,-0.151,-0.109399999999999,-0.0526999999999997,-0.008,-0.201499999999999,-0.111999999999999,-0.0439999999999999,2.287907236738371,2.332256907068532,-0.719956676884992,0.6547110731568371,-0.791577005840763
2022-06-15,2022-06-15 14:00:00,1,0,1,0.039999999999992,-0.0450000000000017,0.019999999999996,0.0300000000000011,-0.0450000000000017,-0.0549999999999926,-0.0850000000000079,-0.105000000000003,-0.120000000000004,-0.189999999999997,-0.154999999999986,-0.159999999999996,-0.135000000000005,-0.130000000000009,-0.120000000000004,-0.120000000000004,-0.1175,-0.141,-0.0587999999999999,-0.0985,-0.132099999999999,-0.123699999999999,-0.0842,-0.0232999999999998,-0.1845,-0.114999999999999,-0.04,1.321890301805316,1.359777129211993,-0.644139187189316,0.5769230769230774,-0.535714285714284
2022-07-27,2022-07-27 14:00:00,0,0,1,-0.0150000000000005,-0.04833333333335084,0.0,-0.0150000000000005,-0.0250000000000056,-0.0450000000000017,-0.0649999999999977,-0.0775000000000005,-0.0549999999999926,-0.0999999999999943,-0.125,-0.105000000000003,-0.0749999999999886,-0.0499999999999971,-0.0300000000000011,-0.0150000000000005,-0.0870000000000001,-0.0759999999999996,-0.0334000000000003,-0.0261,-0.0792000000000001,-0.0254000000000003,0.0073000000000003,0.0301,-0.076,-0.0379999999999999,0.001,1.541591132391403,1.527533316570279,-0.734017732151193,0.759818432997811,-0.539083557951489
2022-09-21,2022-09-21 14:00:00,1,0,1,-0.024999999999977,-0.03035714285714568,-0.0074999999999931,-0.0300000000000011,-0.0300000000000011,0.0099999999999909,0.0350000000000108,0.0649999999999977,0.0600000000000022,0.0849999999999937,0.1049999999999897,0.0949999999999988,0.0500000000000113,0.0349999999999965,0.0,-0.0099999999999909,0.0498000000000002,0.0430000000000001,-0.0450499999999998,0.0264000000000002,0.0415499999999999,-0.016,-0.0529000000000001,-0.0792999999999999,0.004,-0.0344999999999999,-0.0564999999999999,-1.25719968721376,-1.28912262698819,0.1460340926505115,-0.192229866450819,-0.242836328314711
2022-11-02,2022-11-02 14:00:00,0,0,1,-0.002678571428568964,-0.01602941176469132,-0.0024999999999977,-0.0099999999999909,-0.0150000000000005,0.0150000000000005,0.0300000000000011,0.0600000000000022,0.0,0.0600000000000022,0.1049999999999897,0.1299999999999954,0.1050000000000039,0.1000000000000085,0.0899999999999892,0.0849999999999937,0.0659999999999998,0.0770000000000008,-0.0103999999999997,0.0,0.0706999999999995,0.0651999999999999,0.0708000000000002,0.0590000000000001,0.0430000000000001,0.0454999999999998,0.0339999999999998,-1.77978840712383,-1.79648485634606,0.5640127531546096,-0.566285772069981,0.5441806679817777
2022-12-14,2022-12-14 14:00:00,1,0,1,-0.002279411764703694,8.442265795198867e-05,-0.0012499999999988,0.0025000000000119,0.0,0.0050000000000096,0.0300000000000011,0.059999999999988,0.0,0.0450000000000017,0.0699999999999931,0.0749999999999886,0.0750000000000028,0.059999999999988,0.0450000000000017,0.0300000000000011,0.0469000000000008,0.0459999999999993,0.0129000000000001,0.0211999999999994,0.0585000000000004,0.0102999999999999,-0.02,-0.0435000000000003,0.0230000000000001,0.0024999999999999,-0.0224999999999999,-1.49607767354735,-1.32058006788028,0.1390645974369537,-0.131024801123076,0.2889959244164615
2023-02-01,2023-02-01 14:00:00,0,0,1,-0.007777777777770622,-0.01543209876546716,-0.0074999999999931,-0.0100000000000051,-0.0100000000000051,-0.0250000000000056,-0.0300000000000011,-0.0350000000000108,-0.0400000000000062,-0.0649999999999977,-0.115000000000009,-0.155000000000001,-0.189999999999997,-0.189999999999997,-0.185000000000002,-0.170000000000001,-0.0487999999999999,-0.109499999999999,0.0103999999999997,-0.016,-0.1144,-0.108499999999999,-0.0750999999999999,-0.0381999999999997,-0.150999999999999,-0.106,-0.0609999999999999,1.678975704030925,1.707721604521163,-0.703291522193963,0.7513974159259585,-0.533106698601558
2023-03-22,2023-03-22 14:00:00,1,0,1,0.0344444444444131,0.007380952380961386,0.0099999999999909,0.0349999999999965,0.0100000000000051,-0.0074999999999931,-0.0150000000000005,-0.0374999999999943,-0.0400000000000062,-0.0899999999999892,-0.13499999999999,-0.204999999999998,-0.25,-0.254999999999995,-0.245000000000004,-0.224999999999994,-0.0769999999999999,-0.161999999999999,-0.0207999999999994,-0.072,-0.153399999999999,-0.140649999999999,-0.0583999999999997,0.0042999999999997,-0.171,-0.0779999999999998,-0.0230000000000001,0.0003750525073478,-0.0371931564592115,-0.768764399175461,0.8615099583140423,-0.91272535264387
2023-05-03,2023-05-03 14:00:00,0,0,1,0.01107142857143422,0.02781249999998756,0.0100000000000051,0.019999999999996,0.0099999999999909,0.0100000000000051,0.0049999999999954,-0.0049999999999954,0.0049999999999954,-0.0150000000000005,-0.0349999999999965,-0.0549999999999926,-0.0600000000000022,-0.0549999999999926,-0.0499999999999971,-0.0450000000000017,-0.0090000000000003,-0.0260000000000002,0.0053,0.0,-0.0391999999999996,-0.0231499999999997,0.0038,0.0183999999999997,-0.034,-0.016,-0.002,-0.753444968258483,-0.771363143304808,-0.0315522732426828,0.0542986425339306,-0.13297872340426
2023-06-14,2023-06-14 14:00:00,1,0,1,-0.01406250000001369,0.0,-0.0075000000000073,-0.0150000000000005,0.0,0.0099999999999909,0.0200000000000102,0.0700000000000073,-0.0100000000000051,0.0499999999999971,0.125,0.1599999999999966,0.1650000000000062,0.1599999999999966,0.1400000000000005,0.1149999999999948,0.0770999999999997,0.1059999999999998,-0.0012999999999996,0.0188000000000005,0.1146000000000002,0.0849999999999999,0.0407999999999999,0.0119000000000002,0.0869999999999999,0.0474999999999998,0.0189999999999999,-0.0892754060544899,-0.0971206581352833,0.2686183672674857,-0.248687482730049,0.3873744619799082
2023-07-26,2023-07-26 14:00:00,0,0,1,0.0049999999999954,-0.002499999999997699,0.0024999999999977,0.0049999999999954,0.0024999999999977,0.0049999999999954,-0.019999999999996,-0.0300000000000011,-0.0150000000000005,-0.0349999999999965,-0.0499999999999971,-0.0649999999999977,-0.0799999999999983,-0.0750000000000028,-0.0699999999999931,-0.0749999999999886,-0.0313499999999997,-0.0519999999999996,-0.0077999999999995,-0.0133999999999998,-0.0602,-0.0541,-0.0295999999999998,-0.0129999999999999,-0.0499999999999998,-0.0319999999999998,-0.0150000000000001,0.0411592192260749,0.0327296530656775,-0.217301120088499,0.1987891930965916,-0.249039419382378
2023-09-20,2023-09-20 14:00:00,1,0,1,0.0,0.005172413793113379,0.0,0.0,0.0050000000000096,0.019999999999996,0.0249999999999914,0.0349999999999965,0.0300000000000011,0.0699999999999931,0.0999999999999943,0.125,0.1099999999999994,0.1000000000000085,0.0750000000000028,0.0649999999999977,0.05485,0.0810000000000004,0.0,0.0053,0.0791000000000003,0.0607000000000006,0.0300000000000002,-0.0004999999999997,0.0759999999999996,0.046,0.0100000000000002,-0.568137117167735,-0.617352614015572,0.4295327638047085,-0.46607009694257,0.2912687123213485
2023-11-01,2023-11-01 14:00:00,0,0,1,-0.002586206896549345,-0.03257662835250971,-0.0024999999999977,-0.0200000000000102,-0.0300000000000011,-0.039999999999992,-0.0400000000000062,-0.0450000000000017,-0.0349999999999965,-0.0549999999999926,-0.0750000000000028,-0.0900000000000034,-0.0900000000000034,-0.0900000000000034,-0.0799999999999983,-0.0750000000000028,-0.0542999999999995,-0.072,-0.0038999999999997,-0.0187999999999997,-0.0759500000000006,-0.0724,-0.0442,-0.0173500000000004,-0.0865,-0.0534999999999996,-0.0310000000000001,0.7300752763915911,0.739076450067995,-0.257035770032438,0.2657807308970017,-0.244822338384175
2023-12-13,2023-12-13 14:00:00,1,0,1,-0.004305555555551594,-0.0249999999999914,-0.0024999999999977,0.0,-0.0249999999999914,-0.0499999999999971,-0.0949999999999988,-0.155000000000001,-0.0125000000000028,-0.13499999999999,-0.219999999999998,-0.254999999999995,-0.27000000000001,-0.260000000000005,-0.24499999999999,-0.215000000000003,-0.160499999999999,-0.203999999999999,-0.0234999999999994,-0.0362,-0.1992,-0.177799999999999,-0.1157,-0.0768000000000004,-0.214499999999999,-0.146999999999999,-0.0969999999999999,0.9491777165489784,0.9252286175363098,-0.858542595070127,0.769373377827213,-1.33664048504891
2024-01-31,2024-01-31 14:00:00,0,0,1,0.0025000000000119,0.05886363636363699,0.0,0.0025000000000119,0.0225000000000079,0.0499999999999971,0.0499999999999971,0.0450000000000017,0.0450000000000017,0.0349999999999965,0.0300000000000011,0.0250000000000056,0.0100000000000051,0.0099999999999909,0.0100000000000051,0.0,0.0365999999999999,0.0300000000000002,0.0195499999999997,0.0400999999999998,0.0205000000000001,0.0259,0.0226999999999999,0.0187499999999998,0.006,0.008,0.008,-0.60605317073768,-0.60528992878942,0.4092485325170958,-0.396386430678463,0.5256331490203985
2024-03-20,2024-03-20 14:00:00,1,0,1,-0.007045454545448064,-0.01009848484849033,-0.0024999999999977,-0.0049999999999954,-0.0100000000000051,-0.0250000000000056,-0.0349999999999965,-0.0499999999999971,-0.0450000000000017,-0.0749999999999886,-0.0799999999999983,-0.0750000000000028,-0.0700000000000073,-0.0500000000000113,-0.0400000000000062,-0.0300000000000011,-0.0506000000000002,-0.0449999999999999,-0.0026000000000001,-0.0213999999999998,-0.0594999999999998,-0.0319000000000002,-0.0079000000000002,0.0165000000000006,-0.064,-0.032,-0.008,0.954608740853672,0.9451073985680192,-0.461955998691128,0.460108585626198,-0.303490136570547
2024-05-01,2024-05-01 14:00:00,0,0,1,0.0,-0.008333333333325666,0.0,-0.0049999999999954,-0.0049999999999954,-0.0049999999999954,-0.0150000000000005,-0.0249999999999914,-0.0099999999999909,-0.0300000000000011,-0.0550000000000068,-0.0724999999999909,-0.0750000000000028,-0.0750000000000028,-0.0649999999999977,-0.0600000000000022,-0.0375000000000005,-0.0579999999999998,-0.0026000000000001,-0.0133999999999998,-0.0646000000000004,-0.0514000000000001,-0.0247999999999999,0.0,-0.0750000000000001,-0.0459999999999998,-0.0189999999999996,1.069542665268071,0.9796645391123644,-0.222199207238425,0.2340604812283444,-0.133240276632198
2024-06-12,2024-06-12 14:00:00,1,0,1,0.0,0.0150000000000005,0.0,0.0049999999999954,0.0150000000000005,0.0250000000000056,0.0300000000000011,0.0400000000000062,0.0074999999999931,0.0300000000000011,0.0600000000000022,0.0700000000000073,0.0750000000000028,0.0850000000000079,0.0799999999999983,0.0799999999999983,0.0448500000000002,0.0650000000000003,0.0,0.0267000000000008,0.0609000000000001,0.0595999999999996,0.0543999999999993,0.0446999999999997,0.0699999999999998,0.0590000000000001,0.0510000000000001,-0.255858553216084,-0.248275862068965,0.3593020916172427,-0.313624204409193,0.5966127790608204
2024-07-31,2024-07-31 14:00:00,0,0,1,0.0,-0.02500000000001275,0.0,0.0,-0.0100000000000051,-0.0250000000000056,-0.0350000000000108,-0.0450000000000017,-0.019999999999996,-0.0600000000000022,-0.0750000000000028,-0.0949999999999988,-0.0900000000000034,-0.0949999999999988,-0.0900000000000034,-0.0799999999999983,-0.0553499999999997,-0.0794999999999994,-0.0026000000000001,-0.0213,-0.0701999999999998,-0.0574000000000003,-0.0327999999999999,-0.0119000000000006,-0.0669999999999999,-0.0409999999999999,-0.0189999999999996,-0.0116924080922254,-0.0270112096520055,-0.187048565481393,0.0924727205474488,-0.64947975346278
2024-09-18,2024-09-18 14:00:00,1,0,1,-0.1187499999999985,-0.08777173913043367,-0.0474999999999994,-0.109999999999999,-0.0949999999999988,-0.0900000000000034,-0.0750000000000028,-0.0649999999999977,-0.0799999999999983,-0.0700000000000073,-0.0450000000000017,-0.0400000000000062,-0.0049999999999954,0.0050000000000096,0.0249999999999914,0.0300000000000011,-0.0715499999999997,-0.036,-0.1272,-0.0741999999999993,-0.0335,-0.0035000000000002,0.0169000000000001,0.0358999999999998,-0.012,0.01,0.028,0.2740367475296752,0.2791934411699535,-0.0168602287040394,0.0269565998741995,0.1057007962793359
2024-11-07,2024-11-07 14:00:00,0,0,1,0.0,0.0,0.0,0.0,-0.0100000000000051,0.0100000000000051,0.0150000000000005,0.0099999999999909,0.00499999999999545,0.0150000000000005,0.019999999999996,0.0150000000000005,0.0100000000000051,0.00499999999999545,0.0,-0.00499999999999545,0.0109999999999992,0.00999999999999978,0.0116999999999993,0.00129999999999963,0.00209999999999954,-0.0104999999999995,-0.0253000000000005,-0.0269000000000003,0.00199999999999977,-0.0150000000000001,-0.0220000000000002,0.3035822707953763,0.262806607708993,-0.0574767698055391,0.0463005833873455,-0.0849728740440522
2024-12-18,2024-12-18 14:00:00,1,0,1,-0.01192307692309981,0.019999999999996,-0.0050000000000096,-0.0099999999999909,0.019999999999996,0.0300000000000011,0.0449999999999874,0.0700000000000073,0.0600000000000022,0.1149999999999948,0.1500000000000056,0.1700000000000017,0.1700000000000017,0.1650000000000062,0.1599999999999966,0.1500000000000056,0.0875000000000003,0.1265,-0.0026000000000001,0.0264999999999995,0.1289000000000006,0.1457999999999994,0.1051000000000002,0.0539999999999993,0.155,0.1109999999999997,0.0539999999999998,-2.0300724589861,-2.02390766694146,1.109418373164611,-1.23939365049098,0.5462348809988317
2025-01-29,2025-01-29 14:00:00,0,0,1,0.0049999999999954,0.017916666666687,0.0,0.0049999999999954,0.0100000000000051,0.0250000000000056,0.0150000000000005,0.019999999999996,0.0150000000000005,0.0099999999999909,0.0050000000000096,-0.0050000000000096,-0.0100000000000051,-0.0100000000000051,-0.0099999999999909,0.0049999999999954,0.0120000000000004,0.0060000000000002,0.0050030000000003,0.0104994999999998,0.0069999999999996,-0.0020000000000006,-0.0070000000000005,-0.0089999999999994,0.0063200000000001,-0.0079834999999994,-0.0090164999999999,0.2502090595219464,0.243028380771924,0.039830673323644,-0.0383877159308978,0.1353877893107984
2025-03-19,2025-03-19 14:00:00,1,0,1,0.0,-0.0129166666666732,0.0,0.0049999999999954,-0.0100000000000051,-0.0150000000000005,-0.0300000000000011,-0.0400000000000062,-0.0350000000000108,-0.0750000000000028,-0.1050000000000039,-0.125,-0.1349999999999909,-0.1350000000000051,-0.125,-0.1149999999999948,-0.0581999999999993,-0.0969999999999999,-0.0030000000000001,-0.0109989999999999,-0.1029999999999997,-0.0899999999999998,-0.0685000000000002,-0.048,-0.1103389999999999,-0.0751429999999999,-0.0550000000000001,0.8119151834169205,0.8022694029519968,-0.2666615323892691,0.2208927749654816,-0.6402561024409817
2025-05-07,2025-05-07 14:00:00,0,0,1,0.0,0.0062499999999943,0.0,0.0024999999999977,0.0100000000000051,0.0100000000000051,0.0049999999999954,0.0049999999999954,0.0,-0.0049999999999954,-0.0049999999999954,-0.0150000000000005,-0.019999999999996,-0.019999999999996,-0.0249999999999914,-0.0250000000000056,-0.0007999999999999,-0.0128999999999996,0.0049989999999997,0.0055005000000001,-0.0139999999999997,-0.016,-0.0120000000000004,-0.008,0.011687,0.0050299999999998,0.0083910000000004,-0.4235091136279664,-0.3061224489795918,0.1968029560607257,-0.2292162567222214,0.1393922497909235
2025-06-18,2025-06-18 14:00:00,1,0,1,0.0062499999999943,0.0049999999999954,0.0024999999999977,0.0049999999999954,0.0049999999999954,0.0,-0.0099999999999909,-0.019999999999996,-0.0100000000000051,-0.0250000000000056,-0.0100000000000051,-0.0049999999999954,0.0099999999999909,0.019999999999996,0.0250000000000056,0.0250000000000056,-0.0116000000000004,0.0020000000000002,-0.0020009999999999,-0.0004989999999995,0.0,0.0129999999999999,0.0119999999999995,0.0129999999999999,-0.003848,-0.0042869999999997,-0.0032140000000002,-0.3023299987336885,-0.324810527192471,0.2506963788300859,-0.2609149417289869,0.2693742229589628
2025-07-30,2025-07-30 14:00:00,0,0,1,0.0049999999999954,0.0396153846154141,0.0,0.0049999999999954,0.0200000000000102,0.0449999999999874,0.0649999999999977,0.0650000000000119,0.0549999999999926,0.0799999999999983,0.0800000000000125,0.0600000000000022,0.0500000000000113,0.0450000000000017,0.0349999999999965,0.0249999999999914,0.0571999999999999,0.0496999999999996,0.0100009999999999,0.0319989999999998,0.0539999999999998,0.0329999999999999,0.0140000000000002,-0.0010000000000003,0.045779,0.0249730000000001,0.0071020000000001,-0.6942639455611769,-0.7049659201557936,0.4445696123594448,-0.50522648083622,0.3492511249916114
2025-09-17,2025-09-17 14:00:00,1,0,1,0.011538461538451,-0.0249999999999914,0.0049999999999954,0.0099999999999909,-0.0249999999999914,-0.0250000000000056,-0.0250000000000056,-0.0300000000000011,-0.0300000000000011,-0.0250000000000056,-0.0150000000000005,-0.0150000000000005,0.0050000000000096,0.0,0.0100000000000051,0.0150000000000005,-0.0214999999999996,-0.0114,-0.0080020000000002,-0.0149989999999999,-0.0130000000000003,0.0,0.0069999999999996,0.0049999999999998,-0.0046969999999999,0.0008619999999999,-0.0059420000000001,0.1787235590697274,0.1628664495114006,0.0816807626294934,-0.07592373882233,0.191374478846286
2025-10-29,2025-10-29 14:00:00,0,0,1,0.0300000000000011,0.0816666666666837,0.0,0.0300000000000011,0.0650000000000119,0.0849999999999937,0.1050000000000039,0.1050000000000039,0.1099999999999994,0.1149999999999948,0.0949999999999988,0.0799999999999983,0.0649999999999977,0.0549999999999926,0.0550000000000068,0.0550000000000068,0.0891999999999999,0.0752000000000001,0.0600010000000001,0.0659990000000001,0.0810000000000004,0.068,0.0499999999999998,0.0310000000000005,0.077655,0.0523504999999999,0.035085,-0.4035796515921614,-0.3928211042237278,0.5354738791995186,-0.55803571428571,0.4596795376937146
2025-12-10,2025-12-10 14:00:00,1,0,1,-0.0036904761904938,-0.0049999999999954,-0.0025000000000119,0.0,-0.0049999999999954,-0.0099999999999909,-0.019999999999996,-0.0249999999999914,-0.0125000000000028,-0.0349999999999965,-0.0450000000000017,-0.039999999999992,-0.039999999999992,-0.0400000000000062,-0.039999999999992,-0.0350000000000108,-0.0249999999999999,-0.0322,-0.0439989999999999,-0.024,-0.0540000000000002,-0.0459999999999998,-0.0270000000000001,0.0,-0.0489189999999999,-0.0293954999999999,-0.0005969999999999,0.8099711246756042,0.8143144056965492,-0.3132578819725021,0.3088008234688666,-0.3132391485009327
2026-01-28,2026-01-28 14:00:00,0,0,1,0.0,0.0,0.0,0.0,0.0,0.0050000000000096,0.0099999999999909,0.0049999999999954,0.0049999999999954,0.0025000000000119,0.0,0.0,0.0,0.0,0.0,0.0,0.0054000000000002,0.0036999999999998,-0.0409999999999999,0.0030000000000001,-0.0019999999999997,-0.0070000000000001,-0.0100000000000006,-0.0124999999999992,-0.0103869999999999,-0.0142115,-0.0157770000000003,0.0811739532002021,0.0749839320145683,-0.2462722860897543,0.2181208053691407,-0.3378158903397714
2026-03-18,2026-03-18 14:00:00,1,0,1,0.0,0.0100000000000051,0.0,0.0049999999999954,0.0100000000000051,0.0150000000000005,0.0250000000000056,0.0250000000000056,0.0300000000000011,0.0349999999999965,0.0499999999999971,0.0549999999999926,0.0499999999999971,0.0549999999999926,0.0450000000000017,0.0400000000000062,0.0290999999999996,0.0405000000000002,0.0040009999999996,0.0149984999999999,0.0430000000000001,0.0429999999999997,0.0309999999999996,0.0244999999999997,0.0536265,0.042688,0.0218979999999997,-0.5067662512562422,-0.5056747949207776,0.3196456842822527,-0.3387180823345505,0.2320913310751503
2026-04-29,2026-04-29 14:00:00,0,0,1,0.0024999999999977,-0.0032692307692277,0.0,0.0024999999999977,0.0,0.0,0.0049999999999954,0.0100000000000051,0.0,0.019999999999996,0.0349999999999965,0.0499999999999971,0.0400000000000062,0.0349999999999965,0.0250000000000056,0.0150000000000005,0.0213,0.0276999999999998,0.0,0.0049990000000001,0.0230000000000001,0.0190000000000001,0.0120000000000004,0.0095,0.0289569999999999,0.0217909999999998,0.0125949999999996,0.0628544330614256,0.027941741469037,0.0981225216476576,-0.1026781894412672,0.0623908160718706
2026-06-17,2026-06-17 14:00:00,1,0,1,0.0,0.0749999999999886,0.0,0.0074999999999931,0.0749999999999886,0.0999999999999943,0.1349999999999909,0.1599999999999966,0.1500000000000056,0.1950000000000074,0.1899999999999977,0.1650000000000062,0.1400000000000005,0.1200000000000045,0.1149999999999948,0.095000000000013,0.1493000000000002,0.1430000000000002,0.041001,0.098001,0.1400000000000005,0.0999999999999996,0.0590000000000001,0.0034999999999998,0.143051,0.0842714999999998,0.0155034999999998,-1.013573370669329,-1.055084040605758,0.7695394802849361,-0.845191893057355,0.3058294844588747
2026-07-29,2026-07-29 14:00:00,0,0,1,-0.0649999999999977,-0.0996153846153836,-0.0049999999999954,-0.0649999999999977,-0.0799999999999983,-0.1050000000000039,-0.1200000000000045,-0.1149999999999948,-0.1199999999999903,-0.1099999999999994,-0.1000000000000085,-0.0849999999999937,-0.0600000000000022,-0.0450000000000017,-0.0299999999999869,-0.0249999999999914,-0.1016499999999993,-0.0767000000000006,-0.072003,-0.1130000000000004,-0.0839999999999996,-0.0259999999999998,0.0219999999999993,0.0809999999999995,-0.0663930000000001,-0.0119059999999997,0.0536880000000001,-0.1304369026721294,-0.171931362303206,-0.4292523115483696,0.4737673276013399,-0.2319902319902465
2026-09-16,2026-09-16 14:00:00,1,0,1,0.0294642857142893,0.0600000000000022,0.0137500000000017,0.0300000000000011,0.0600000000000022,0.0700000000000073,0.0799999999999983,0.0949999999999988,0.0900000000000034,0.1499999999999914,0.1699999999999875,0.1550000000000011,0.1400000000000005,0.1149999999999948,0.0999999999999943,0.082499999999996,0.1163500000000006,0.1232999999999995,0.0399995000000004,0.0664999999999995,0.1210000000000004,0.0999999999999996,0.0650000000000003,0.0270000000000001,0.13904,0.0967029999999997,0.048918,-1.106852693286778,-1.103665746945211,0.582666425978301,-0.5808409189423431,0.6445375443119562
