Date,date_time,SEP,Unscheduled,MP1,MP2,FF1,FF2,FF3,FF4,FF5,FF6,ED1,ED2,ED3,ED4,ED5,ED6,ED7,ED8,OIS1Y,OIS2Y,UST3M,UST6M,UST2Y,UST5Y,UST10Y,UST30Y,TIPS5Y,TIPS10Y,TIPS30Y,SP500,SPFUT,DXY,EURUSD,USDJPY
1994-02-04,1994-02-04 11:05:00,0,0,0.1633333333333334,-0.05478037037037044,0.14,0.10001,0.08,0.0,0.0,0.0,0.13,0.15,0.14,0.15,0.13,0.13,0.13,0.13,,,0.149000168,,0.142000198,0.111999989,0.073999882,0.015999794,,,,,,0.86530442035029,,
1994-03-22,1994-03-22 14:20:00,0,0,0.0,-0.08857142857142858,0.0,-0.04,-0.04,0.0,0.0,0.0,-0.05,-0.05,-0.03,-0.04,-0.05,-0.05,-0.05,-0.05,,,-0.020999908,,-0.052000046,-0.072999954,-0.065999985,-0.051000118,,,,,,0.22727272727273,,
1994-04-18,1994-04-18 10:06:00,0,1,0.150025,-0.005030357142857119,0.06001,0.08,0.09,0.12,0.0,0.0,0.08,0.09,0.08,0.11,0.07,0.08,0.08,0.07,,,0.144999981,,0.125,0.111000061,0.084000111,0.032000065,,,,,,0.315822718180858,,
1994-05-17,1994-05-17 14:26:00,0,0,0.1107142857142857,-0.05137142857142857,0.05,0.05,-0.02,0.05,-0.05,0.0,-0.04,-0.06,-0.07,-0.07,-0.11,-0.1,-0.11,-0.11,,,0.036000252,,-0.06000042,-0.090999603,-0.100000381,-0.087999821,,,,,,0.225491248792019,,
1994-07-06,1994-07-06 14:18:00,0,0,-0.0496,0.05290666666666666,-0.04,0.0,0.0,0.0,0.0,0.0,-0.015,-0.01,-0.005,-0.01,0.01,0.01,0.0,0.0,,,-0.010000229,,0.004000187,0.013000011,0.018000126,0.017999649,,,,,,-0.0558222619180497,,
1994-08-16,1994-08-16 13:18:00,0,0,0.124,0.0,0.06,0.09,0.0,0.0,0.0,0.0,0.08,0.03,0.01,0.01,0.01,0.0,0.0,0.0,,,0.083000183,,0.044000149,-0.011000156,-0.035999775,-0.021999836,,,,,,0.533707865168533,,
1994-09-27,1994-09-27 14:18:00,0,0,-0.09,-0.01000000000000001,-0.02,-0.09,-0.05,-0.03,0.0,0.0,-0.03,-0.025,-0.01,-0.005,0.0,0.01,0.0,0.0,,,-0.062000275,,-0.009000301,0.021000385,0.020999908,0.036000252,,,,,,-0.233485193621865,,
1994-11-15,1994-11-15 14:20:00,0,0,0.12,0.007272727272727307,0.06,0.08,0.05,0.08,0.08,0.08,0.04,0.03,0.02,0.035,0.0,0.01,0.01,0.01,,,0.072999954,,0.039999962,0.008000374,-0.010000229,-0.015000343,,,,,,0.295959021058628,,
1994-12-20,1994-12-20 14:17:00,0,0,-0.2254545454545455,-0.0435016835016835,-0.08,-0.14,-0.05,-0.05,-0.05,-0.05,-0.07,-0.005,0.015,0.04,0.0,0.01,0.0,0.0,,,-0.078000069,,-0.009000301,-0.004000187,0.008999825,0.015000343,,,,,,-0.0557537912578182,,
1995-02-01,1995-02-01 14:15:00,0,0,0.0725925925925926,0.05,0.07,0.02,0.05,0.045,0.0,0.0,0.06,0.07,0.07,0.06,0.05,0.07,0.09,0.06,,,0.046999931,,0.06400013,0.049000263,0.031000137,0.015999794,,,,,,-0.0625711035267426,,
1995-03-28,1995-03-28 14:15:00,0,0,0.0,0.0,0.0,0.0,0.0,0.01,0.01,0.05,0.01,0.02,0.03,0.02,0.02,0.02,0.02,0.04,,,0.01099968,,0.008999825,0.011000156,0.016000271,0.008999825,,,,,,-0.00603136308805241,,
1995-05-23,1995-05-23 14:15:00,0,0,0.0,0.0,0.0,0.02,0.0,0.0,-0.01,0.0,-0.01,-0.02,-0.005,-0.01,-0.01,0.0,-0.01,-0.02,,,-0.005000114,,0.0,0.002999783,0.002000332,0.001999855,,,,,,0.0,,
1995-07-06,1995-07-06 14:15:00,0,0,-0.0868,-0.1322666666666667,-0.07,-0.1,-0.14,-0.145,0.0,0.0,-0.2,-0.27,-0.265,-0.25,-0.25,-0.22,-0.17999,-0.2,,,-0.145999908,,-0.190000057,-0.169000149,-0.134000301,-0.083000183,,,,,,-0.0183710961420705,,
1995-08-22,1995-08-22 14:15:00,0,0,0.03444444444444444,0.01,0.01,0.03,0.01,0.01,0.02,0.0,0.055,0.04,0.06,0.04,0.05,0.03,0.03,0.04,,,0.009999752,,0.035000324,0.036000252,0.026000023,0.037000179,,,,,,-0.0347342827370628,,
1995-09-26,1995-09-26 14:15:00,0,0,0.02,0.03999999999999999,0.0,0.02,0.03,0.04,0.025,0.0,0.07,0.07,0.07,0.05,0.04,0.05,0.05,0.04,,,0.084000111,,0.039000034,0.044999599,0.032000065,0.013000011,,,,,,0.0117813383600437,,
1995-11-15,1995-11-15 14:15:00,0,0,0.06,-0.04333333333333333,0.03,0.02,0.03,0.02,0.04,0.0,0.04,0.025,0.02,0.025,0.02,0.02,0.02,0.03,,,0.016000271,,0.03000021,0.022000313,0.015999794,0.00399971,,,,,,0.095670892131067,,
1995-12-19,1995-12-19 14:15:00,0,0,-0.0775,-0.07,-0.03,-0.08,-0.07,-0.04,-0.09,-0.11,-0.045,-0.04,-0.04,-0.04,-0.05,-0.05,-0.03,-0.04,,,-0.020999908,,-0.016999722,-0.022000313,-0.007999897,-0.014999866,,,,,,0.0940955069395416,,
1996-01-31,1996-01-31 14:15:00,0,0,-0.0300000000000011,-0.0100000000000051,-0.0025,-0.0300000000000011,-0.0100000000000051,-0.0100000000000051,-0.0049999999999954,-0.0349999999999965,-0.0250000000000056,-0.0300000000000011,-0.0400000000000062,-0.0400000000000062,-0.0400000000000062,-0.039999999999992,-0.0300000000000011,-0.0499999999999971,,,-0.008,-0.0339999999999998,-0.00399999999999955,-0.0255,-0.0280000000000004,-0.0110000000000001,,,,0.0498796554345158,,0.0458032749341649,,0.0
1996-03-26,1996-03-26 11:39:00,0,0,0.019999999999996,-0.01099999999997579,0.0,0.019999999999996,0.0100000000000051,0.0,0.0100000000000051,0.0,0.0150000000000147,0.019999999999996,0.0299999999999869,0.0300000000000011,0.0349999999999965,0.0300000000000011,0.0200000000000102,0.0100000000000051,,,0.00900000000000034,0.0170000000000003,0.00599999999999933,0.0,0.0229999999999996,0.00999999999999978,,,,0.127706060652692,,0.0115687181860309,,0.0328993749118868
1996-05-21,1996-05-21 14:15:00,0,0,0.01549999999998574,0.00941071428570574,0.0049999999999954,-0.0025,0.0099999999999909,0.019999999999996,0.0200000000000102,0.019999999999996,0.0,0.0100000000000051,0.0100000000000051,0.0300000000000011,0.0300000000000011,0.0400000000000062,0.0300000000000011,0.0300000000000011,,,0.0170000000000003,0.0179999999999997,0.0100000000000006,0.0210000000000007,0.0220000000000002,0.0,,,,-0.200103757503894,,0.0225504566467426,,0.10274612366897
1996-07-03,1996-07-03 14:15:00,0,0,-0.06089285714286467,-0.002012987012990792,-0.0550000000000068,-0.0400000000000062,-0.035,-0.025,-0.03,0.0,-0.0500000000000113,-0.0249999999999914,-0.0150000000000005,-0.0100000000000051,-0.0099999999999909,-0.019999999999996,-0.019999999999996,-0.0249999999999914,,,0.0,-0.0330000000000003,0.00600000000000022,-0.0409999999999994,-0.0260000000000006,-0.0219999999999993,,,,0.149046845423516,,-0.0911161731207269,,0.0181110205560047
1996-08-20,1996-08-20 14:15:00,0,0,-0.02818181818183256,0.0,-0.0100000000000051,-0.0099999999999909,0.0,0.0100000000000051,0.0100000000000051,0.0,-0.0299999999999869,0.0,0.0100000000000051,0.0099999999999909,0.0,0.0100000000000051,0.0100000000000051,0.0,,,0.0129999999999999,-0.0169999999999994,0.00900000000000034,-0.0100000000000006,0.0150000000000005,-0.0110000000000001,,,,-0.13651979537034,,-0.0807102502017841,,-0.0737803190998916
1996-09-24,1996-09-24 14:15:00,0,0,-0.129999999999995,-0.1123529411764815,-0.0249999999999914,-0.129999999999995,-0.120000000000004,-0.120000000000004,-0.0699999999999931,-0.0499999999999971,-0.100000000000008,-0.0799999999999983,-0.0899999999999892,-0.0849999999999937,-0.0900000000000034,-0.0900000000000034,-0.0799999999999983,-0.0850000000000079,,,-0.0259999999999998,-0.0954999999999994,-0.0104999999999995,-0.125,-0.0600000000000005,-0.118,,,,0.299063516433949,,-0.0571951498512893,,-0.136549840691844
1996-11-13,1996-11-13 14:15:00,0,0,0.0,0.0,0.0,0.0,0.0,-0.0099999999999909,0.0,-0.019999999999996,-0.0100000000000051,-0.0150000000000005,-0.019999999999996,-0.0250000000000056,-0.0300000000000011,-0.0099999999999909,-0.0100000000000051,-0.019999999999996,,,-0.0209999999999999,-0.00849999999999973,-0.0190000000000001,-0.0100000000000006,-0.0149999999999996,-0.0110000000000001,,,,0.243922492942688,,0.138664201525295,,0.314183123877912
1996-12-17,1996-12-17 14:15:00,0,0,0.0,0.0,0.0,0.0099999999999909,0.0,0.0100000000000051,0.0,0.0100000000000051,-0.0150000000000147,-0.0100000000000051,-0.0100000000000051,0.0499999999999971,0.0499999999999971,0.0600000000000022,-0.0100000000000051,0.0499999999999971,,,0.00899999999999945,0.0,0.00300000000000011,0.000500000000000611,0.0149999999999996,-0.00999999999999978,,,,-0.0751993818472775,,-0.0113007119448422,,0.013171181454977
1997-02-05,1997-02-05 14:15:00,0,0,-0.03043478260870247,-0.0099999999999909,-0.0250000000000056,-0.0099999999999909,-0.0099999999999909,0.0,0.0,0.019999999999996,-0.0200000000000102,0.0050000000000096,0.0100000000000051,0.0300000000000011,0.0200000000000102,0.019999999999996,0.0100000000000051,0.019999999999996,,,-0.0100000000000006,0.0110000000000001,0.0,0.0220000000000002,0.0175,0.0229999999999996,,,,-0.2981605013139293,,-0.0107215610592804,,0.0647668393782369
1997-03-25,1997-03-25 14:15:00,0,0,0.0499999999999971,0.02181818181816454,0.0150000000000005,0.0499999999999971,0.039999999999992,0.0499999999999971,0.0300000000000011,0.0400000000000062,0.0400000000000062,0.0600000000000022,0.0600000000000022,0.0550000000000068,0.0600000000000022,0.0699999999999931,0.0499999999999971,0.0499999999999971,,,-0.0110000000000001,0.0099999999999997,0.0434999999999998,0.0529999999999999,0.0439999999999995,0.0380000000000002,,,,-0.4547999320630818,,-0.0418497593638753,,-0.129230272191258
1997-05-20,1997-05-20 14:15:00,0,0,-0.08454545454545764,-0.06899686520375416,-0.0300000000000011,-0.0850000000000079,-0.0699999999999931,-0.0799999999999983,-0.0799999999999983,-0.0600000000000022,-0.0650000000000119,-0.0524999999999948,-0.0450000000000017,-0.0450000000000017,-0.0400000000000062,-0.0499999999999971,-0.0400000000000062,-0.039999999999992,,,-0.0830000000000001,-0.0970000000000004,-0.0350000000000001,-0.0220000000000002,-0.0039999999999995,0.0019999999999997,,,,0.5232830901370187,,-0.4991503823279512,,-0.8771929824561403
1997-07-02,1997-07-02 14:15:00,0,0,-0.02137931034482331,0.00801724137932708,-0.019999999999996,-0.0099999999999909,-0.0200000000000102,-0.019999999999996,0.0,-0.1099999999999994,-0.0099999999999909,-0.0024999999999977,-0.0049999999999954,0.0,-0.0099999999999909,-0.0100000000000051,-0.0100000000000051,-0.0099999999999909,,,-0.0110000000000001,-0.0110000000000001,-0.016,0.0,-0.008,-0.0070000000000005,,,,0.1733703190013946,,-0.0417536534446681,,0.0262306548920181
1997-08-19,1997-08-19 14:15:00,0,0,0.0,0.0,0.0,-0.0100000000000051,0.0,0.0,0.0100000000000051,0.0,-0.0024999999999977,0.0049999999999954,0.0125000000000028,0.0125000000000028,-0.0049999999999954,0.019999999999996,0.0,0.0200000000000102,,,0.0,0.0099999999999997,-0.0169999999999994,0.0114999999999998,0.0170000000000003,0.0169999999999994,,,,-0.3779919852702273,,-0.0400200100050087,,-0.0084602368866371
1997-09-30,1997-09-30 14:15:00,0,0,-0.0150000000000005,-0.006666666666651166,-0.0035,-0.0150000000000005,-0.0099999999999909,-0.019999999999996,-0.019999999999996,-0.019999999999996,0.0,-0.0050000000000096,0.0,0.0,0.0100000000000051,0.0099999999999909,0.0100000000000051,0.019999999999996,,,0.0,-0.032,0.0,0.0,0.008,0.0099999999999997,,,,-0.2074884466660398,-0.3241280954233113,0.0308864408524669,,0.1744186046511575
1997-11-12,1997-11-12 14:15:00,0,0,-0.05000000000000183,-0.02933333333334419,-0.0300000000000011,-0.0400000000000062,-0.0300000000000011,-0.019999999999996,-0.0299999999999869,0.0,-0.0324999999999988,-0.0300000000000011,-0.0299999999999869,-0.0375000000000085,-0.039999999999992,-0.0300000000000011,-0.0400000000000062,-0.0300000000000011,,,-0.0410000000000003,-0.0430000000000001,-0.0509999999999992,-0.0185000000000004,-0.0209999999999999,-0.016,,,,-0.4999673934308533,-0.4599567099567099,-0.1460158531497711,,0.2457781653849221
1997-12-16,1997-12-16 14:15:00,0,0,0.0,0.0,0.0,0.0,0.0,0.0,-0.019999999999996,0.0100000000000051,0.0049999999999954,-0.0074999999999931,0.0174999999999982,0.0150000000000005,0.0100000000000051,0.0,0.0,0.0300000000000011,,,-0.0110000000000001,-0.0110000000000001,-0.0170000000000003,0.0069999999999996,-0.0039999999999995,-0.0020000000000006,,,,-0.1010111421474163,-0.1029866117404737,-0.0100897992130008,,-0.0496752006113636
1998-02-04,1998-02-04 14:12:00,0,0,0.03500000000000129,0.0099999999999909,0.0300000000000011,0.0300000000000011,0.0099999999999909,0.0099999999999909,0.0100000000000051,0.0200000000000102,0.0100000000000051,0.0150000000000005,0.0174999999999982,0.0200000000000102,0.0099999999999909,0.0150000000000005,0.0149999999999863,0.0300000000000011,,,0.0,0.0109999999999992,0.0084999999999997,0.0069999999999996,0.0,0.0,,,,-0.2628837855265093,-0.3209084176746482,-0.0604716790969585,,-0.1050505050505013
1998-03-31,1998-03-31 14:15:00,0,0,-0.0049999999999954,-0.01791666666668713,-0.005,-0.0049999999999954,-0.0100000000000051,0.0010000000000047,0.0,-0.0100000000000051,0.0025000000000119,-0.0024999999999977,0.0050000000000096,0.0,-0.0100000000000051,0.0,0.0,0.0099999999999909,,,0.0,-0.0110000000000001,0.0,0.0069999999999996,0.0040000000000004,0.0039999999999995,,,,-0.0375287117252322,0.0447727781508842,-0.0590958337437233,,-0.1723750281046377
1998-05-19,1998-05-19 14:15:00,0,0,-0.0387500000000013,-0.01937499999999583,-0.0150000000000005,-0.0300000000000011,-0.019999999999996,-0.0100000000000051,0.0,-0.0200000000000102,-0.0275000000000034,-0.0100000000000051,-0.0099999999999909,-0.0149999999999863,-0.0099999999999909,0.0,-0.0099999999999909,-0.0100000000000051,,,-0.0209999999999999,-0.0099999999999997,-0.0084999999999997,-0.0039999999999995,-0.0019999999999997,0.0,,,,-0.1330468630606188,-0.2461400760796598,-0.099790440075835,0.2444987775061056,-0.0439335139488923
1998-07-01,1998-07-01 14:15:00,0,0,-0.005166666666666667,-0.040538461538452,-0.005,-0.019999999999996,0.0,0.01,-0.0400000000000062,-0.01,-0.0250000000000056,-0.0300000000000011,-0.0400000000000062,-0.0449999999999874,-0.0699999999999931,-0.059999999999988,,,,,-0.0030000000000001,-0.024,-0.0499999999999998,-0.0440000000000004,-0.0199999999999995,-0.008,,,,1.119971802440854,0.5437146585471945,0.0394438418302004,-0.1466410044908849,-0.0578410816282354
1998-08-18,1998-08-18 14:15:00,0,0,0.01192307692309981,0.0099999999999909,0.0050000000000096,0.0,0.0099999999999909,0.019999999999996,0.0,0.0,0.0074999999999931,0.0050000000000096,0.0150000000000005,0.0250000000000056,0.0,0.0200000000000102,0.0150000000000005,0.0,,,-0.0210000000000007,-0.0110000000000001,0.0,0.0,-0.0019999999999997,0.0019999999999997,,,,0.1685608829118782,0.272975432211101,0.0684261974584627,0.0,0.0482825217271496
1998-09-29,1998-09-29 14:15:00,0,0,0.0549999999999926,0.06653846153847628,0.0050000000000096,0.0549999999999926,0.0600000000000022,0.0699999999999931,0.0400000000000062,0.0200000000000102,0.0575000000000045,0.0049999999999954,0.0124999999999886,0.0150000000000005,0.0,-0.0075000000000073,0.0100000000000051,0.0075000000000073,,,0.0209999999999999,0.0369999999999999,0.0330000000000003,0.0069999999999996,-0.0190000000000001,-0.0110000000000001,,,,-0.6627459743173859,-0.9660697455230914,-0.0312793243665948,0.0424989375265571,0.193682955899874
1998-10-15,1998-10-15 15:15:00,0,1,-0.1646875000000153,-0.1538701923076644,-0.0850000000000079,-0.1599999999999966,-0.1400000000000005,-0.1400000000000005,-0.1299999999999954,-0.1199999999999903,-0.164999999999992,-0.164999999999992,-0.1899999999999977,-0.1899999999999977,-0.1550000000000011,-0.2199999999999988,-0.1599999999999966,-0.2549999999999954,,,-0.1394999999999999,-0.2109999999999994,-0.2160000000000002,-0.1819999999999995,-0.1424999999999991,-0.0779999999999994,,,,2.113667927898756,2.267186738176499,-0.4624650462465119,0.0,-0.646203554119552
1998-11-17,1998-11-17 14:15:00,0,0,-0.06923076923077176,0.0658974358974383,-0.0300000000000011,-0.0300000000000011,-0.0400000000000062,-0.0400000000000062,0.0,-0.039999999999992,-0.0275000000000034,-0.019999999999996,0.0049999999999954,0.0049999999999954,0.0099999999999909,-0.0100000000000051,-0.0174999999999982,0.0050000000000096,,,-0.032,-0.064,0.0,-0.0175,-0.0120000000000004,-0.0019999999999997,,,,0.5970320491039994,0.7707553402334287,0.0632111251580302,0.135604712263755,0.3886545935665251
1998-12-22,1998-12-22 14:15:00,0,0,-0.01722222222220638,0.002066666666664765,-0.0049999999999954,0.0,0.0,0.0099999999999909,0.0200000000000102,0.0,0.0100000000000051,-0.0074999999999931,-0.0100000000000051,0.0024999999999977,-0.0049999999999954,-0.0100000000000051,-0.0049999999999954,-0.0049999999999954,,,0.0109999999999992,0.0164999999999997,0.0254999999999991,0.0034999999999998,0.0,0.0020000000000006,,,,-0.1298415766832782,-0.164271047227926,-0.0316923727023041,0.0,0.0855066267635693
1999-02-03,1999-02-03 14:12:00,0,0,0.005600000000010753,0.0100000000000051,0.0050000000000096,-0.0100000000000051,0.0100000000000051,0.0100000000000051,0.0099999999999909,0.0,-0.0050000000000096,0.0024999999999977,0.0100000000000051,0.0,0.0100000000000051,0.0150000000000005,0.0100000000000051,0.0100000000000051,,,-0.0110000000000001,0.0,0.0,0.0070000000000005,0.0119999999999995,0.0095,,,,0.104861059096709,0.0981546917942677,0.0,0.0176694054245251,-0.0044308564845544
1999-03-30,1999-03-30 14:12:00,0,0,0.0,-0.02384615384616601,0.0049999999999954,0.0,-0.0100000000000051,-0.019999999999996,0.0,-0.0100000000000051,-0.0125000000000028,-0.0250000000000056,-0.0300000000000011,-0.0275000000000034,-0.0249999999999914,-0.0300000000000011,-0.0250000000000056,-0.0300000000000011,,,-0.0099999999999997,-0.0099999999999997,-0.0169999999999994,-0.0149999999999996,-0.0039999999999995,-0.0019999999999997,,,,-0.2411074896163275,-0.1896453631708704,0.0,0.0093266181682511,-0.0997091815537934
1999-05-18,1999-05-18 14:11:00,0,0,0.0,0.0300000000000011,0.0,-0.0100000000000051,0.0300000000000011,0.0300000000000011,0.0750000000000028,0.0600000000000022,0.0324999999999988,0.1149999999999948,0.1500000000000056,0.1599999999999966,0.1550000000000011,0.1000000000000085,0.1400000000000005,0.1400000000000005,,,0.026000023,0.0430000000000001,0.1209999999999995,0.1239999999999996,0.0990000000000002,0.0590000000000001,,,,-1.308286059704271,-1.353606526979418,-0.0545905707196097,0.0842933408260654,-0.0162390386489087
1999-06-30,1999-06-30 14:15:00,0,0,-0.0449999999999874,-0.0699999999999931,0.0,-0.0449999999999874,-0.0600000000000022,-0.0699999999999931,-0.0799999999999983,-0.0899999999999892,-0.0799999999999983,-0.0999999999999943,-0.1050000000000039,-0.1199999999999903,-0.1149999999999948,-0.1249999999999857,-0.1099999999999994,-0.1099999999999994,,,-0.0309999999999996,-0.064,-0.1089999999999999,-0.1014999999999997,-0.0769999999999999,-0.0500000000000007,,,,1.613491951163178,1.717768747691171,-0.2760959069992701,0.3396079953425246,-0.090826521344232
1999-08-24,1999-08-24 14:15:00,0,0,0.0375000000000085,0.004711538461525978,0.0150000000000005,0.0375000000000085,0.0099999999999909,0.0250000000000056,0.0249999999999914,0.0049999999999954,0.0099999999999909,0.0,-0.0024999999999977,-0.0224999999999937,-0.0249999999999914,-0.0250000000000056,-0.0349999999999965,-0.0225000000000079,,,-0.0110000000000001,0.0054999999999996,-0.0179999999999997,-0.0220000000000002,-0.016,-0.0119999999999995,,,,0.5808936656152702,0.6043956043956044,0.2733870166020535,-0.285225328009138,0.2342764462065283
1999-10-05,1999-10-05 14:12:00,0,0,-0.04769230769231508,0.0009340659340623758,-0.0400000000000062,-0.0250000000000056,0.0,0.0450000000000017,0.0150000000000005,0.0799999999999983,0.0300000000000011,0.0725000000000051,0.0949999999999988,0.0899999999999892,0.082499999999996,0.0899999999999892,0.0850000000000079,0.0700000000000073,,,0.0110000000000001,0.0430000000000001,0.0510000000000001,0.0740000000000007,0.0549999999999997,0.0460000000000002,,,,-0.6259566399378633,-0.8292499057670562,-0.2284611869827834,0.3463770829432724,-0.0561167227833915
1999-11-16,1999-11-16 14:15:00,0,0,0.05357142857144057,0.1509999999999553,0.0250000000000056,0.0849999999999937,0.0850000000000079,0.0449999999999874,0.0750000000000028,0.1000000000000085,0.0625,0.0750000000000028,0.0700000000000073,0.0600000000000022,0.0600000000000022,0.0450000000000017,0.019999999999996,0.0374999999999943,,,0.0469999999999997,0.0269999999999992,0.0859999999999994,0.0509999999999992,0.0389999999999997,0.024,,,,-0.3486295739916559,-0.352547153181738,-0.0792785650579707,0.1018527500242717,-0.0094473311289474
1999-12-21,1999-12-21 14:15:00,0,0,0.01549999999998574,-0.006518518518512521,0.0049999999999954,-0.0099999999999909,-0.0049999999999954,-0.0049999999999954,0.0200000000000102,0.0,0.0150000000000005,0.0450000000000017,0.0400000000000062,0.0499999999999971,0.0474999999999994,0.0450000000000017,0.0549999999999926,0.0450000000000017,,,0.0110000000000001,0.032,0.0440000000000004,0.0300000000000002,0.0419999999999998,0.0369999999999999,,,,0.4787039896678507,0.4678565239993069,0.0294348508634234,0.0198255352894506,0.1371876531112205
2000-02-02,2000-02-02 14:15:00,0,0,-0.0537037037037006,0.004277777777782097,-0.0499999999999971,-0.0349999999999965,-0.0150000000000005,0.0049999999999954,0.0,-0.0300000000000011,-0.0200000000000102,-0.0049999999999954,0.0025000000000119,0.0150000000000005,0.019999999999996,0.019999999999996,0.019999999999996,0.0274999999999892,,,-0.0209999999999999,-0.0160000000000009,0.0340000000000006,0.0429999999999992,0.0295000000000005,0.0010000000000003,,,,-0.3337080478786227,-0.246175487954985,-0.038222646918305,0.0460099176933757,0.0369310312990416
2000-03-21,2000-03-21 14:15:00,0,0,-0.03100000000001581,0.02273333333333036,-0.0100000000000051,-0.019999999999996,-0.0050000000000096,-0.0099999999999909,-0.0049999999999954,-0.0200000000000102,-0.0049999999999954,-0.0050000000000096,0.0049999999999954,0.0,0.0,0.0049999999999954,0.0050000000000096,0.0024999999999977,,,0.0,0.0264999999999995,0.0169999999999994,0.024,-0.0039999999999995,-0.0069999999999996,,,,0.0064559972816717,0.1510320523577781,-0.0141864094197763,0.0414293112376961,0.0186776242061972
2000-05-16,2000-05-16 14:15:00,0,0,0.04133333333332507,0.0500000000000113,0.019999999999996,0.0500000000000113,0.0500000000000113,0.0549999999999926,0.039999999999992,0.0300000000000011,0.0512500000000102,0.0524999999999948,0.0499999999999971,0.0450000000000017,0.0425000000000039,-0.0174999999999982,-0.0225000000000079,0.0475000000000136,,,0.0209999999999999,0.0215999999999993,0.0827999999999997,0.0465999999999997,0.0217,0.0045000000000001,,,,-0.6397562314029454,-0.6779661016949152,-0.0989564591579699,0.1546277888226273,-0.1002826146412612
2000-06-28,2000-06-28 14:15:00,0,0,-0.019999999999996,-0.019999999999996,0.0,-0.019999999999996,-0.019999999999996,-0.0150000000000005,-0.0300000000000011,-0.0100000000000051,-0.0250000000000056,-0.0299999999999869,-0.0450000000000017,-0.0450000000000017,-0.0450000000000017,-0.0400000000000062,-0.0324999999999988,-0.0424999999999897,,,-0.0392000000000001,-0.0108000000000005,-0.0042999999999997,-0.0223000000000004,-0.0128000000000003,-0.0132000000000003,,,,0.2649808188078256,0.2700877785280216,-0.0650981121547543,0.1376681139468355,0.052122820318416
2000-08-22,2000-08-22 14:15:00,0,0,0.01722222222220638,-0.001845238095236398,0.0049999999999954,-0.0050000000000096,0.0,0.1050000000000039,0.0049999999999954,0.0,-0.0024999999999977,0.0150000000000005,0.019999999999996,0.0200000000000102,0.0300000000000011,0.0150000000000005,0.0099999999999909,0.0150000000000005,,,0.0,0.0053999999999998,0.0174000000000003,0.0057,-0.0083000000000001,0.0,,,,-0.1693901952969431,-0.1654259718775848,-0.0715563506261165,0.0779683671196171,0.0
2000-10-03,2000-10-03 14:12:00,0,0,0.0,0.0099999999999908,0.0,0.0049999999999954,0.0099999999999909,0.0200000000000102,0.0299999999999869,0.0300000000000011,0.0225000000000079,0.0349999999999965,0.0450000000000017,0.0600000000000022,0.059999999999988,0.0600000000000022,0.0450000000000017,0.0625,,,0.0,0.0,0.0464999999999999,0.0441000000000002,0.0254000000000003,0.0076999999999998,,,,-0.194353096577997,-0.2378121284185493,0.1841297676457763,-0.251112886656772,0.0459981600735944
2000-11-15,2000-11-15 14:12:00,0,0,0.0,0.0,0.0,0.0,0.0049999999999954,0.0150000000000005,0.0,0.0,0.0075000000000073,0.0100000000000051,0.0049999999999954,0.0024999999999977,0.0,-0.0049999999999954,0.0,-0.0099999999999909,,,0.0,0.0,0.0,0.0017999999999993,-0.0084999999999997,-0.0200999999999993,,,,-0.6356343055784925,-0.6430868167202572,0.0773129456232311,-0.0933162253586739,0.0045901037363402
2000-12-19,2000-12-19 14:15:00,0,0,0.05166666666665633,0.0150000000000005,0.019999999999996,0.0449999999999874,0.0150000000000005,0.0100000000000051,0.0099999999999909,-0.0150000000000005,0.0349999999999965,0.0224999999999937,0.0075000000000073,-0.0049999999999954,-0.0049999999999954,0.0550000000000068,0.0575000000000045,0.0049999999999954,,,0.0261000000000004,-0.0053,0.0256000000000007,0.0053999999999998,0.0223000000000004,0.0286999999999997,,,,-0.6067500948046916,-0.622938805423232,-0.0881445570736082,0.1234567901234556,-0.0355271338484823
2001-01-03,2001-01-03 13:13:00,0,1,-0.3874999999999937,-0.1749999999999971,-0.3499999999999943,-0.1749999999999971,-0.1550000000000011,-0.1700000000000017,-0.1099999999999994,-0.1299999999999954,-0.1400000000000005,-0.1349999999999909,-0.1050000000000039,-0.0799999999999983,-0.0575000000000045,-0.0549999999999926,-0.0549999999999926,-0.0349999999999965,,,-0.1616999999999997,-0.0857000000000001,-0.0041999999999999,0.0552000000000001,0.0158999999999993,0.0678,,,,4.374885451234399,4.623386630706993,0.2842993396918452,-0.4233700254022019,0.0481484723802789
2001-01-31,2001-01-31 14:15:00,0,0,0.0300000000000011,0.07227272727273007,0.0,0.0300000000000011,0.0450000000000017,-0.0100000000000051,0.0300000000000011,-0.0150000000000005,0.0300000000000011,-0.0125000000000028,-0.0300000000000011,-0.0450000000000017,-0.0500000000000113,-0.0374999999999943,-0.0349999999999965,-0.0175000000000125,,,0.0208000000000003,0.0265999999999992,0.0124000000000004,0.0108999999999994,0.0082000000000004,0.0039999999999995,,,,-0.6174988215671416,-0.487452608774147,-0.1445608962775666,0.2145922746781117,0.0
2001-03-20,2001-03-20 14:15:00,0,0,0.0563636363636251,-0.07221590909090841,0.019999999999996,0.0275000000000034,-0.0100000000000051,-0.0700000000000073,-0.0600000000000022,0.0,-0.0400000000000062,-0.0649999999999977,-0.0850000000000079,-0.0825000000000102,-0.0925000000000011,-0.082499999999996,-0.0750000000000028,-0.0725000000000193,,,0.0622000000000007,-0.0423999999999997,-0.0294999999999996,-0.0419999999999998,-0.0138999999999995,-0.0114,,,,-0.6011870897620007,-0.5889777029869584,0.0436528723589987,-0.0497319997789756,0.0570962479608543
2001-04-18,2001-04-18 10:54:00,0,1,-0.4625000000000055,-0.3898437499999948,-0.1850000000000022,-0.425,-0.4600000000000079,-0.4299999999999926,-0.4699999999999988,-0.5,-0.480000000000004,-0.4500000000000028,-0.4399999999999977,-0.22,-0.3449999999999988,-0.3449999999999988,-0.3250000000000028,-0.3100000000000023,,,-0.2845,-0.2955999999999998,-0.3343000000000007,-0.2615999999999996,-0.1638000000000001,-0.0575999999999998,,,,2.338867469680577,2.935139573070608,-0.7176420333190974,0.9245519917817596,-0.2935660115795477
2001-05-15,2001-05-15 14:15:00,0,0,-0.09687499999999438,-0.1200000000000045,-0.0499999999999971,-0.0900000000000034,-0.1200000000000045,-0.125,-0.1200000000000045,-0.2000000000000028,-0.1099999999999994,-0.1375000000000028,-0.1299999999999954,-0.157500000000013,-0.1550000000000011,-0.0524999999999948,-0.1274999999999977,-0.1050000000000039,,,0.0,-0.0840999999999998,-0.1349,-0.075499999999999,-0.0276499999999995,0.0247000000000001,,,,0.3739284125476398,0.4799040191961607,0.0771538791255801,-0.0909814625270127,0.1055280461076349
2001-06-27,2001-06-27 14:12:00,0,0,0.1050000000000039,0.04300000000001634,0.0150000000000005,0.1050000000000039,0.0850000000000079,0.0749999999999886,0.0699999999999931,0.0649999999999977,0.0750000000000028,0.0750000000000028,0.0749999999999886,0.059999999999988,0.0549999999999926,0.0249999999999914,0.0274999999999892,0.0400000000000062,,,0.0541500000000003,0.0261999999999997,0.0594999999999998,0.0345999999999993,0.0062999999999995,-0.0022000000000002,,,,-0.4840991724659848,-0.4498057656920875,0.0761356907199081,-0.0927643784786668,0.0402187902187993
2001-08-21,2001-08-21 14:15:00,0,0,0.02635,-0.02319655172413366,0.0085,0.0150000000000005,-0.019999999999996,-0.0050000000000096,-0.0550000000000068,-0.019999999999996,-0.0275000000000034,-0.0900000000000034,-0.0899999999999892,-0.1099999999999994,-0.0799999999999983,-0.0900000000000034,-0.0750000000000028,-0.0450000000000017,,,-0.0158,-0.0367999999999999,-0.0968,-0.0756000000000005,-0.0496999999999996,-0.0361000000000002,,,,-1.487642625931369,-1.928374655647383,-0.5111483211421506,0.7019083132265805,-0.0166763945635039
2001-09-17,2001-09-17 08:20:00,0,1,-0.2134615384615738,-0.07881299734748366,-0.0925000000000153,-0.0875000000000056,0.0,0.0,0.0,0.0,0.0,-0.0349999999999965,-0.0499999999999971,-0.0150000000000005,-0.0100000000000051,-0.0024999999999977,,,,,-0.185,-0.1865000000000001,-0.032,0.0349999999999997,0.0245000000000006,0.0229999999999996,,,,0.0,,0.0894054537326853,-0.1078283372870391,0.1535967232699094
2001-10-02,2001-10-02 14:15:00,0,0,-0.03741379310344453,-0.04689655172414098,-0.0349999999999965,-0.0450000000000017,-0.0450000000000017,-0.0400000000000062,-0.0900000000000034,-0.1099999999999994,-0.0474999999999994,-0.0700000000000073,-0.0625,-0.0574999999999903,-0.0374999999999943,-0.0300000000000011,-0.0275000000000034,-0.0049999999999954,,,-0.0411000000000001,-0.0362999999999997,-0.0121999999999999,0.0,0.0029500000000002,0.0158000000000004,,,,-0.3359924737685875,-0.4068932503590234,-0.110404522169228,0.1309186122627077,-0.1900826446281024
2001-11-06,2001-11-06 14:20:00,0,0,-0.1468750000000085,-0.1207187499999882,-0.1175000000000068,-0.1299999999999954,-0.1400000000000005,-0.1450000000000102,-0.1650000000000062,-0.1500000000000056,-0.1599999999999966,-0.1525000000000034,-0.1624999999999943,-0.164999999999992,-0.1400000000000005,-0.1350000000000051,-0.1499999999999914,-0.125,,,-0.1539999999999999,-0.1347,-0.0829499999999998,-0.0907,-0.0247999999999999,0.0072999999999998,,,,0.6118522436102051,0.6376679571851515,0.0348523133223022,-0.0667779632721128,0.0413018338014184
2001-12-11,2001-12-11 14:15:00,0,0,-0.00775000000001488,-0.0349999999999965,-0.0050000000000096,0.0099999999999909,-0.0349999999999965,-0.0300000000000011,-0.0499999999999829,-0.0949999999999988,-0.019999999999996,-0.0600000000000022,-0.0949999999999988,-0.0949999999999988,-0.0949999999999988,-0.0999999999999943,-0.0949999999999988,-0.0949999999999988,,,-0.0256,-0.0258,-0.0617999999999998,-0.0971000000000001,-0.0310000000000005,-0.0139999999999993,,,,0.2778505897772008,0.3057436121423891,-0.0516706854977628,0.0673400673400599,0.0396416395782219
2002-01-30,2002-01-30 14:15:00,0,0,0.0200000000000102,0.01999999999997351,0.0,0.0200000000000102,0.019999999999996,0.0225000000000079,0.0225000000000079,0.0300000000000011,0.0249999999999914,0.019999999999996,0.0275000000000034,0.0250000000000056,0.0125000000000028,0.0024999999999977,0.0049999999999954,0.0100000000000051,,,0.0153,0.0051000000000001,0.0080999999999997,-0.0027999999999996,-0.0077999999999995,-0.0083000000000001,,,,-0.0614810091993971,-0.0455477112275108,0.0376269910949468,-0.0463392029657038,0.0301386377335684
2002-03-19,2002-03-19 14:15:00,0,0,-0.0387500000000013,-0.03390625000001357,-0.0150000000000005,-0.0200000000000102,-0.0350000000000108,-0.0400000000000062,-0.0474999999999852,-0.0099999999999909,-0.0600000000000022,-0.0750000000000028,-0.0799999999999983,-0.0900000000000034,-0.0725000000000051,-0.0875000000000056,-0.0799999999999983,-0.082499999999996,,,-0.0257,-0.0466999999999999,-0.0695999999999998,-0.0602,-0.0454499999999988,-0.0253999999999994,,,,-0.3818876159301513,-0.3828972559029994,-0.0340049307149469,0.0567022000453555,0.0378357926598433
2002-05-07,2002-05-07 14:15:00,0,0,0.0,0.0,0.0,0.0049999999999954,0.0,-0.0200000000000102,-0.0300000000000011,-0.0450000000000017,-0.0149999999999863,-0.0300000000000011,-0.0524999999999948,-0.0649999999999977,-0.0474999999999994,-0.0450000000000017,-0.0349999999999965,-0.0324999999999988,,,-0.0153999999999998,-0.0155,-0.0337,-0.0196000000000005,-0.0165000000000006,-0.0092500000000006,,,,-0.304581011927849,-0.3073286052009456,-0.0876808417360756,0.1203106201465591,-0.1287402957125518
2002-06-26,2002-06-26 14:15:00,0,0,0.0,0.008611111111103189,0.0,0.0,0.0049999999999954,0.0050000000000096,0.0099999999999909,0.0049999999999954,0.0150000000000005,0.0099999999999909,0.0049999999999954,0.0024999999999977,0.0049999999999954,-0.0024999999999977,-0.0025000000000119,0.0,,,0.0050999999999998,-0.0103999999999999,0.0125000000000001,0.0104999999999999,0.0091000000000001,0.0006000000000003,,,,-0.4791766495135339,-0.4685059864653826,-0.1596394027608242,0.1721693336033951,-0.1755119097367387
2002-08-13,2002-08-13 14:15:00,0,0,0.03444444444443756,-0.0099999999999909,0.019999999999996,0.0300000000000011,-0.0099999999999909,-0.0400000000000062,-0.0349999999999965,-0.0500000000000113,-0.0224999999999937,-0.0750000000000028,-0.1550000000000011,-0.2049999999999983,-0.1899999999999977,-0.1599999999999966,-0.1150000000000091,-0.0900000000000034,,,-0.0308000000000001,-0.0516,-0.0915999999999999,-0.0739,-0.0700000000000002,-0.0297999999999998,,,,-0.5028941171292174,-0.4675467546754675,-0.0839630562552508,0.1121533442088081,-0.0504159314343351
2002-09-24,2002-09-24 14:15:00,0,0,0.019999999999996,0.001249999999995249,0.0049999999999954,0.019999999999996,0.0049999999999954,-0.0050000000000096,0.0100000000000051,0.0100000000000051,-0.0024999999999977,-0.0100000000000051,-0.019999999999996,-0.0349999999999965,-0.0300000000000011,-0.019999999999996,-0.0099999999999909,-0.0150000000000005,,,0.0051999999999998,0.0155,-0.0020999999999999,-0.0303999999999997,-0.0267500000000002,-0.0033999999999991,,,,-1.027705194044981,-1.056444310292786,-0.1300631735414349,0.1836172600224445,0.0
2002-11-06,2002-11-06 14:15:00,0,0,-0.2031250000000106,-0.09886904761903238,-0.1625000000000085,-0.1324999999999931,-0.1049999999999897,-0.0750000000000028,-0.0900000000000034,-0.1299999999999954,-0.0825000000000102,-0.0600000000000022,-0.0649999999999977,-0.0649999999999977,-0.082499999999996,-0.0900000000000034,-0.0749999999999886,-0.1050000000000039,,,-0.1791,-0.1493,-0.0471000000000001,-0.1488,-0.0547500000000003,-0.0263499999999998,,,,-0.5231476414578183,-0.6024096385542169,-0.4241281809613465,0.4913265817707827,-0.3438113948919464
2002-12-10,2002-12-10 14:15:00,0,0,0.0,0.0049999999999954,0.0,-0.0049999999999954,0.0049999999999954,0.0050000000000096,-0.0100000000000051,0.0,0.0050000000000096,0.0099999999999909,0.0300000000000011,0.0400000000000062,0.0349999999999965,0.0400000000000062,0.0474999999999852,0.0324999999999988,,,-0.0102999999999999,0.0,0.0242999999999999,0.0171999999999998,0.0148999999999999,0.0116000000000004,,,,-0.2904720725514983,-0.2772387025228722,-0.0379506641366283,0.0445964025568665,-0.0404334465469813
2003-01-29,2003-01-29 14:15:00,0,0,0.0050000000000096,0.02884615384614175,0.0,0.0050000000000096,0.0150000000000005,0.0250000000000056,0.0275000000000034,0.0175000000000125,0.0324999999999988,0.039999999999992,0.0550000000000068,0.0499999999999971,0.0550000000000068,0.0450000000000017,0.0549999999999926,0.0550000000000068,,,0.0103000000000001,0.0102999999999999,0.0457999999999998,0.0430999999999999,0.0413999999999998,0.0285999999999999,,,,0.1571594877764869,0.2040816326530612,0.0705645161290253,-0.0922339051835557,0.0507227998985443
2003-03-18,2003-03-18 14:15:00,0,0,0.02384615384616601,-0.01192307692307414,0.0100000000000051,0.0150000000000005,-0.0049999999999954,-0.0100000000000051,-0.0050000000000096,0.0100000000000051,0.0099999999999909,-0.0049999999999954,0.0024999999999977,-0.0100000000000051,-0.0249999999999914,-0.0474999999999994,-0.0250000000000056,-0.0150000000000005,,,0.0154,0.0051000000000001,-0.0060999999999999,-0.0137,-0.0157499999999997,-0.0038999999999997,,,,-0.4516136503120871,-0.4486251808972503,-0.0693137934448887,0.0564812199943456,-0.0126103404791934
2003-05-06,2003-05-06 14:15:00,0,0,0.03099999999998934,-0.0250000000000056,0.0249999999999914,0.0149999999999863,-0.0250000000000056,-0.0499999999999971,-0.0300000000000011,-0.0549999999999926,-0.0300000000000011,-0.0775000000000005,-0.1099999999999994,-0.1450000000000102,-0.1500000000000056,-0.1375000000000028,-0.1350000000000051,-0.1300000000000096,,,-0.0281,-0.0128999999999999,-0.0982,-0.0847000000000002,-0.0516999999999998,-0.0261000000000004,,,,0.1569875477904298,0.2137323002938819,-0.2089427496865888,0.2506927035228939,-0.0805391886736457
2003-06-25,2003-06-25 14:15:00,0,0,0.125,0.1086842105263073,0.0300000000000011,0.125,0.1149999999999948,0.1050000000000039,0.0999999999999943,0.1049999999999897,0.1150000000000091,0.1149999999999948,0.1350000000000051,0.1299999999999954,0.1050000000000039,0.0799999999999983,0.0550000000000068,0.0300000000000011,,,0.0715,0.0974,0.0697000000000001,0.0468999999999999,0.028,-0.0053,,,,-0.1925132606173573,-0.1522842639593908,0.2240956141287034,-0.2242345838723532,0.2636727056221845
2003-08-12,2003-08-12 14:15:00,0,0,0.0,0.0,0.0,0.0,0.0,0.0,-0.0099999999999909,-0.0100000000000051,-0.0049999999999954,-0.0150000000000005,-0.0499999999999971,-0.0799999999999983,-0.082499999999996,-0.0924999999999869,-0.0900000000000034,-0.0849999999999937,,,-0.0050999999999999,-0.0154,-0.0447999999999999,-0.0472999999999999,-0.0284000000000004,-0.0163000000000002,,,,-0.0621377420570662,-0.0764720876879938,-0.0415973377703744,0.1591793420587215,-0.0168790615241758
2003-09-16,2003-09-16 14:15:00,0,0,0.0,0.0050000000000096,0.0,0.0,0.0050000000000096,0.0,-0.0049999999999954,-0.0024999999999977,0.0,-0.0050000000000096,0.0,-0.0024999999999977,0.0049999999999954,-0.0049999999999954,-0.019999999999996,-0.0150000000000005,,,-0.0101999999999999,0.0,-0.0081500000000001,-0.0136000000000002,-0.0156,-0.0061999999999997,,,,-0.1262440914829352,-0.0978712992414974,-0.062060405461318,0.0716075904045948,-0.0258220003442943
2003-10-28,2003-10-28 14:15:00,0,0,0.0,0.0,0.0,0.0,0.0,-0.0100000000000051,-0.0250000000000056,-0.0400000000000062,-0.0224999999999937,-0.0850000000000079,-0.1200000000000045,-0.125,-0.1400000000000005,-0.144999999999996,-0.1400000000000005,-0.1499999999999914,,,-0.0050999999999999,-0.0154,-0.1142,-0.1131999999999999,-0.0887500000000001,-0.0571999999999999,,,,-0.0284315426280453,0.0,-0.2610398085708015,0.3082719643774659,-0.1521508598828826
2003-12-09,2003-12-09 14:15:00,0,0,0.0,-0.0050000000000096,0.0,0.0049999999999954,-0.0050000000000096,-0.0049999999999954,0.0,0.0150000000000005,-0.0050000000000096,0.0024999999999977,0.0499999999999971,0.0749999999999886,0.0949999999999988,0.1050000000000039,0.1124999999999971,0.125,0.0449999999999999,,0.0,0.0,0.0445999999999999,0.0790999999999999,0.0784499999999992,0.0652999999999996,,,,-0.1125017578399705,-0.117205813408345,-0.0902221720987913,0.1144632491210731,-0.0560014933731587
2004-01-28,2004-01-28 14:15:00,0,0,0.0,0.02066666666667721,0.0,0.0,0.0100000000000051,0.0100000000000051,0.0400000000000062,0.0249999999999914,0.0275000000000034,0.1099999999999994,0.1875000000000142,0.2450000000000045,0.2600000000000051,0.2700000000000102,0.2650000000000005,0.2600000000000051,0.0879999999999998,,0.0152999999999999,0.0255999999999999,0.1654,0.1387,0.0975000000000001,0.0024999999999995,,,,-0.9106746221854584,-0.9374318726836712,1.008344923504873,-1.171071372052534,0.5067967602898655
2004-03-16,2004-03-16 14:15:00,0,0,0.01033333333332383,0.004209876543206003,0.0049999999999954,0.0,0.0049999999999954,-0.0100000000000051,-0.0200000000000102,-0.0249999999999914,-0.0249999999999914,-0.0549999999999926,-0.0849999999999937,-0.1000000000000085,-0.1200000000000045,-0.1325000000000074,-0.0775000000000005,-0.1350000000000051,-0.0414999999999998,,-0.0051999999999999,-0.0102999999999999,-0.0713000000000001,-0.0826000000000002,-0.0672000000000001,-0.0474000000000005,,,,-0.0351297549024113,-0.0787933363349842,0.056439778756064,-0.0814929508597597,-0.0045909466531957
2004-05-04,2004-05-04 14:15:00,0,0,-0.01148148148147103,-0.0050000000000096,-0.0099999999999909,-0.0075000000000073,-0.0050000000000096,-0.0075000000000073,-0.0125000000000028,-0.0049999999999954,-0.0049999999999954,0.0049999999999954,0.0150000000000005,0.0150000000000005,0.0100000000000051,-0.0049999999999954,0.019999999999996,0.0100000000000051,0.0064999999999999,,-0.0102999999999999,0.0,0.0079999999999995,0.0211000000000001,0.0184000000000006,0.0321999999999995,,,,0.3616271879116908,0.3589053387169134,-0.0222494159528268,0.0248344370860899,-0.0727603456116401
2004-06-30,2004-06-30 14:15:00,0,0,-0.0099999999999909,-0.02476190476190319,0.0,-0.0099999999999909,-0.019999999999996,-0.0149999999999863,-0.0174999999999982,-0.0549999999999926,-0.039999999999992,-0.0300000000000011,-0.0249999999999914,-0.0249999999999914,-0.019999999999996,-0.0249999999999914,-0.0150000000000005,-0.019999999999996,-0.0224999999999999,,-0.0152999999999998,-0.0155,-0.0121999999999999,0.0068999999999999,0.0137999999999998,0.0201999999999999,,,,0.2812009661324577,0.2865329512893982,-0.1123595505617913,0.0739341164872998,-0.3841229193341884
2004-08-10,2004-08-10 14:15:00,0,0,0.01476190476191229,0.01555555555553966,0.0100000000000051,0.0150000000000005,0.0350000000000108,0.0400000000000062,0.0499999999999971,0.0550000000000068,0.0349999999999965,0.0449999999999874,0.0499999999999971,0.0499999999999971,0.0499999999999971,0.0499999999999971,0.0499999999999971,0.0499999999999971,0.0409999999999999,,0.0051000000000001,0.0102999999999999,0.0324999999999997,0.0415,0.0251000000000001,0.0101000000000004,,,,-0.3083860508883517,-0.3495688650664181,0.2717083663534415,-0.2925639983746303,0.3067207938655872
2004-09-21,2004-09-21 14:15:00,0,0,0.0,0.0,0.0,0.0,0.0,-0.0049999999999954,0.0,-0.0049999999999954,-0.0150000000000005,-0.0150000000000005,-0.0200000000000102,-0.0300000000000011,-0.0400000000000062,-0.0349999999999965,-0.0350000000000108,-0.0550000000000068,-0.0149999999999996,,-0.0209999999999999,-0.016,-0.008,-0.0269999999999996,-0.0339999999999998,-0.032,,,,0.0261940490672319,0.0221877080097625,-0.2998585572843005,0.3991203062637374,-0.1272727272727278
2004-11-10,2004-11-10 14:15:00,0,0,0.0,-0.00911764705881514,0.0,-0.0049999999999954,-0.0049999999999954,-0.0100000000000051,0.0,0.0,-0.0049999999999954,-0.0249999999999914,-0.0350000000000108,-0.0499999999999971,-0.0549999999999926,-0.0550000000000068,-0.0499999999999971,-0.0450000000000017,-0.0909999999999997,,-0.0110000000000001,-0.0049999999999998,-0.0370000000000003,-0.036,-0.0289999999999999,-0.0270000000000001,,,,0.1072666735317532,0.1500857632933104,-0.0828794695713866,0.0776216719708057,-0.1491285301519347
2004-12-14,2004-12-14 14:15:00,0,0,0.0,-0.00538461538461043,0.0,0.0024999999999977,-0.0049999999999954,-0.0049999999999954,-0.0099999999999909,-0.0150000000000005,-0.0075000000000073,-0.0150000000000005,-0.0150000000000005,-0.0200000000000102,-0.0200000000000102,-0.0150000000000005,-0.0200000000000102,-0.019999999999996,-0.012,,-0.0209999999999999,-0.0129999999999999,-0.008,-0.0130000000000003,-0.0170000000000003,-0.0129999999999999,,,,0.0641554394647588,-0.0208116545265348,-0.1456310679611705,0.1278964790851666,-0.1326636975267701
2005-02-02,2005-02-02 14:15:00,0,0,-0.00538461538461043,0.01316239316238105,-0.0049999999999954,0.0,0.0,0.0,0.0,-0.0100000000000051,-0.0050000000000096,-0.0099999999999909,-0.0150000000000005,-0.0150000000000005,-0.0200000000000102,-0.0249999999999914,-0.0200000000000102,-0.0250000000000056,-0.0114999999999998,,0.0129999999999999,-0.0109999999999996,-0.008,-0.0139999999999997,-0.0229999999999996,-0.024,-0.0189,-0.024000049,-0.021700025,0.0918759046001094,-0.0419375131054728,-0.0717789209235581,0.0690607734806724,-0.0481093043394701
2005-03-22,2005-03-22 14:15:00,0,0,0.0,0.008303571428579511,0.0,0.0,0.0075000000000073,0.0100000000000051,0.0150000000000005,0.0349999999999965,0.0300000000000011,0.0699999999999931,0.0949999999999988,0.1050000000000039,0.1149999999999948,0.1149999999999948,0.1149999999999948,0.125,0.056,,0.0100000000000002,0.016,0.072,0.1089999999999999,0.1070000000000002,0.0919999999999996,0.0745,0.100500107,0.057500005,-0.343987989856954,-0.3562447611064543,0.3867069486404751,-0.4394938243540219,0.209324452901997
2005-05-03,2005-05-03 14:15:00,0,0,0.0,0.0050000000000096,0.0,0.0,0.0050000000000096,0.0100000000000051,0.0100000000000051,0.0099999999999909,0.0099999999999909,0.0250000000000056,0.0324999999999988,0.0349999999999965,0.0349999999999965,0.039999999999992,0.0450000000000017,0.0349999999999965,0.0219999999999997,,0.0060000000000002,0.0079999999999995,0.032,0.024,0.0140000000000002,0.0030000000000001,0.0132,0.027899981,0.015699983,0.1093470174955212,0.3870967741935484,0.0829383886255843,-0.108611326609763,0.0285360981641787
2005-06-30,2005-06-30 14:15:00,0,0,-0.0025000000000119,0.008068181818180205,0.0,-0.0025000000000119,0.0049999999999954,0.0150000000000005,0.0349999999999965,0.0349999999999965,0.0449999999999874,0.0549999999999926,0.0550000000000068,0.0600000000000022,0.0600000000000022,0.0499999999999971,0.0400000000000062,0.0300000000000011,0.0349999999999997,,0.0049999999999998,0.0210000000000003,0.0609999999999999,0.0389999999999997,0.0150000000000001,-0.0030000000000001,0.0275,-0.005299926,-0.003100038,-0.4303072968953505,-0.4565262502593899,0.0784841349927204,-0.0661868122776647,0.0811615114077044
2005-08-09,2005-08-09 14:15:00,0,0,-0.007045454545448064,-0.0009090909091326732,-0.0049999999999954,-0.0050000000000096,-0.0100000000000051,-0.0150000000000005,-0.0150000000000005,-0.0099999999999909,-0.0049999999999954,-0.019999999999996,-0.0250000000000056,-0.0300000000000011,-0.0250000000000056,-0.0300000000000011,-0.0300000000000011,-0.0249999999999914,-0.0190000000000001,,-0.0100000000000002,-0.0260000000000002,-0.0209999999999999,-0.0230000000000005,-0.0229999999999996,-0.0229999999999996,-0.0251,-0.015899897,-0.020200133,0.2144963803735893,0.2230784830663151,-0.1703771013175893,0.1862951563259509,-0.204991087344032
2005-09-20,2005-09-20 14:15:00,0,0,0.0450000000000015,0.04500000000000171,0.0150000000000005,0.0300000000000011,0.0450000000000017,0.0350000000000108,0.0349999999999965,0.0300000000000011,0.0349999999999965,0.0250000000000056,0.0150000000000005,0.0200000000000102,0.0099999999999909,0.0100000000000051,0.0200000000000102,0.0149999999999863,0.0149999999999996,,0.0310000000000001,0.0209999999999999,0.0250000000000003,0.012999999999999,-0.0190000000000001,-0.0354999999999998,0.0036,-0.024199963,-0.040300012,-0.1313991167059657,-0.1412429378531073,0.2036659877800484,-0.2301306813511887,0.2418271383788589
2005-11-01,2005-11-01 14:15:00,0,0,-0.005172413793113379,0.003735632183915219,-0.0050000000000096,0.0,0.0,0.0,0.0049999999999954,0.019999999999996,0.0049999999999954,0.0150000000000005,0.0150000000000005,0.0150000000000005,0.0150000000000005,0.0150000000000005,0.0200000000000102,0.0099999999999909,0.0034999999999998,,0.0049999999999998,0.0049999999999998,0.0119999999999995,0.0090000000000003,0.0040000000000004,-0.0010000000000003,0.0075,0.005400062,0.00330019,0.2265019782558214,0.2280738129794733,0.0666222518321144,-0.074956275505965,0.0771671096630398
2005-12-13,2005-12-13 14:15:00,0,0,-0.008611111111127645,-0.0050000000000096,-0.0050000000000096,0.0,-0.0050000000000096,-0.0049999999999954,-0.0200000000000102,-0.019999999999996,-0.0025000000000119,-0.0250000000000056,-0.0400000000000062,-0.0400000000000062,-0.0350000000000108,-0.0400000000000062,-0.0299999999999869,-0.0250000000000056,-0.0339999999999998,,-0.0310000000000001,-0.0099999999999997,-0.0250000000000003,-0.0249999999999994,-0.0200000000000004,-0.0110000000000001,-0.0157,-0.016599894,-0.008000135,0.5232592710047264,0.5547850208044383,-0.2319673036562553,0.2513826043237717,-0.2163961714523554
2006-01-31,2006-01-31 14:15:00,0,0,0.0099999999999909,0.0249999999999914,0.0,0.0099999999999909,0.0100000000000051,0.0249999999999914,0.0249999999999914,0.0249999999999914,0.0300000000000011,0.0250000000000056,0.0349999999999965,0.0400000000000062,0.0450000000000017,0.0450000000000017,0.0450000000000017,0.0450000000000017,0.0149999999999996,,0.0150000000000005,0.0100000000000006,0.0369999999999999,0.0380000000000002,0.032,0.0289999999999999,0.0398,0.036599874,0.02459991,-0.2558462426483185,-0.2528199144301828,0.3603603603603686,-0.3696402168555896,0.4531076344361812
2006-03-28,2006-03-28 14:15:00,0,0,0.0049999999999954,0.03452380952381998,0.0050000000000096,0.0049999999999954,0.0250000000000056,0.0300000000000011,0.0349999999999965,0.0300000000000011,0.0350000000000108,0.0499999999999971,0.0600000000000022,0.0600000000000022,0.059999999999988,0.059999999999988,0.059999999999988,0.0550000000000068,0.0439999999999995,,0.0099999999999997,0.0264999999999995,0.0490000000000003,0.056,0.0430000000000001,0.0300000000000002,0.0543,0.047199965,0.027300119,-0.6252969394167023,-0.6277344493056877,0.356149137451316,-0.3895565685868153,0.3835990111669958
2006-05-10,2006-05-10 14:15:00,0,0,0.0,0.0300000000000011,0.0,0.0100000000000051,0.0300000000000011,0.0349999999999965,0.0349999999999965,0.0450000000000017,0.0349999999999965,0.0550000000000068,0.0649999999999977,0.0649999999999977,0.0649999999999977,0.0600000000000022,0.0649999999999977,0.0600000000000022,0.0469999999999997,,0.0110000000000001,0.0185000000000004,0.0630000000000006,0.0590000000000001,0.04,0.0350000000000001,0.047,0.042700052,0.03760004,-0.2065099813157649,-0.1885369532428356,0.0354609929078027,-0.0312670991948861,0.1086562839550928
2006-06-29,2006-06-29 14:15:00,0,0,-0.0150000000000005,-0.03521739130434913,-0.0050000000000096,-0.0150000000000005,-0.0300000000000011,-0.0300000000000011,-0.0400000000000062,-0.0400000000000062,-0.0499999999999971,-0.0550000000000068,-0.0549999999999926,-0.0550000000000068,-0.0450000000000017,-0.0400000000000062,-0.0249999999999914,-0.019999999999996,-0.0419999999999998,,-0.0180000000000006,-0.048,-0.0460000000000002,-0.0270000000000001,-0.008,0.008,-0.0315,-0.013399839,-0.003700018,0.5485974536797331,0.5334914048606995,-0.7723342939481288,0.8139813263107483,-0.7056191377678283
2006-08-08,2006-08-08 14:15:00,0,0,-0.04717391304349282,-0.01065217391300387,-0.0350000000000108,-0.0349999999999965,-0.0349999999999965,-0.0349999999999965,-0.0300000000000011,-0.0450000000000017,-0.0349999999999965,-0.0349999999999965,-0.0250000000000056,-0.0300000000000011,-0.0350000000000108,-0.0349999999999965,-0.0349999999999965,-0.0350000000000108,-0.0279999999999995,,-0.0309999999999996,-0.0260000000000006,-0.0290000000000008,-0.0179999999999997,0.0,0.0179999999999997,-0.0352,-0.017400026,-0.0007,-0.2422956633382022,-0.2341006632852126,-0.0825763831544098,0.1168224299065464,-0.0521285838401286
2006-09-20,2006-09-20 14:15:00,0,0,0.0,0.0,0.0,-0.0049999999999954,0.0,0.0,0.0049999999999954,0.0074999999999931,0.0150000000000005,0.0150000000000005,0.019999999999996,0.0300000000000011,0.0250000000000056,0.0200000000000102,0.019999999999996,0.0200000000000102,0.0099999999999997,,0.0,0.016,0.0255,0.0179,0.0118999999999998,0.0041999999999999,0.0146,0.012500048,0.010599852,-0.2658993499401141,-0.2801643630930145,0.0933271115258962,-0.0944064196365249,0.034103504135043
2006-10-25,2006-10-25 14:15:00,0,0,-0.0049999999999954,-0.0049999999999954,0.0049999999999954,-0.0049999999999954,-0.0049999999999954,-0.0049999999999954,-0.0049999999999954,-0.019999999999996,-0.0049999999999954,-0.0049999999999954,-0.0150000000000005,-0.0100000000000051,-0.0049999999999954,-0.0099999999999909,-0.0100000000000051,-0.0050000000000096,-0.0100000000000006,,-0.0052000000000003,0.0,-0.0041999999999999,-0.0109000000000003,-0.0181000000000004,-0.0148000000000001,-0.0112,-0.018199921,-0.013799906,-0.0638337999970899,-0.0722412858948889,-0.1039861351819796,0.119189511323008,-0.1174496644295306
2006-12-12,2006-12-12 14:15:00,0,0,0.0,-0.0024999999999977,0.0,0.0,-0.0024999999999977,-0.0049999999999954,-0.0150000000000005,-0.0200000000000102,-0.0049999999999954,-0.0150000000000005,-0.0499999999999971,-0.0549999999999926,-0.0550000000000068,-0.0550000000000068,-0.059999999999988,-0.0600000000000022,-0.0270000000000001,,-0.0103999999999997,-0.0053,-0.0463000000000004,-0.0407000000000001,-0.0312999999999998,-0.0229000000000008,-0.0416,-0.03030014,-0.023499966,0.2532553794568368,0.1419950301739439,-0.3245192307692259,0.3929570014358115,-0.2305131050968974
2007-01-31,2007-01-31 14:15:00,0,0,-0.0049999999999954,-0.0049999999999954,0.0,-0.0049999999999954,-0.0049999999999954,0.0,-0.0049999999999954,0.0,0.0,-0.0049999999999954,-0.0099999999999909,-0.0099999999999909,-0.0150000000000005,-0.0050000000000096,-0.0100000000000051,-0.0100000000000051,-0.0070000000000005,,-0.0156,0.00265,-0.0083000000000001,-0.0106999999999999,-0.0133,-0.0160999999999997,-0.0158,-0.012500048,-0.013200045,0.5023543487234787,0.5578800557880056,-0.1298088270002353,0.0999000999001059,-0.0413736036408747
2007-03-21,2007-03-21 14:15:00,0,0,0.0,-0.01409090909091628,0.0,-0.0049999999999954,-0.0100000000000051,-0.0099999999999909,-0.039999999999992,-0.0499999999999971,-0.0500000000000113,-0.0949999999999988,-0.1150000000000091,-0.1200000000000045,-0.1199999999999903,-0.1149999999999948,-0.1049999999999897,-0.0949999999999988,-0.0685000000000002,,-0.0052000000000003,-0.0373999999999998,-0.0849000000000002,-0.0673000000000003,-0.0473000000000007,-0.0372000000000003,-0.0639,-0.047500134,-0.041500092,0.8218344873435997,0.8419575513067883,-0.432692307692307,0.4848348179050508,-0.3054212267752604
2007-05-09,2007-05-09 14:15:00,0,0,0.007045454545448064,0.0050000000000096,0.0049999999999954,0.0,0.0050000000000096,0.0049999999999954,0.0150000000000005,0.019999999999996,0.0049999999999954,0.0349999999999965,0.0550000000000068,0.0700000000000073,0.0700000000000073,0.0600000000000022,0.0500000000000113,0.0450000000000017,0.0309999999999996,,-0.0103999999999997,0.0213999999999998,0.0461999999999998,0.0337000000000005,0.0217999999999998,0.0149999999999996,0.0405,0.025099993,0.019799948,-0.1325047370443493,-0.1320567844172994,0.1245771095667939,-0.1475796930342386,0.083395880243523
2007-06-28,2007-06-28 14:15:00,0,0,0.0,0.0,0.0,0.0,0.0,0.0050000000000096,0.0,0.0049999999999954,0.0050000000000096,0.0100000000000051,0.0200000000000102,0.0250000000000056,0.0350000000000108,0.0300000000000011,0.0299999999999869,0.0324999999999988,0.0149999999999996,,0.0052000000000003,0.0,0.0167000000000001,0.0144000000000001,0.0104000000000006,0.0076999999999998,0.0142,0.005700111,0.009500027,-0.2673089138259557,-0.2625102543068088,0.0133720718201941,-0.0297331450234115,-0.0487171159467378
2007-08-07,2007-08-07 14:15:00,0,0,0.006458333333345734,0.002812499999969899,0.0050000000000096,0.0049999999999954,0.0099999999999909,0.0,-0.0150000000000005,-0.0074999999999931,-0.0049999999999954,-0.019999999999996,-0.0400000000000062,-0.039999999999992,-0.039999999999992,-0.0349999999999965,-0.0349999999999965,-0.0249999999999914,-0.0177500000000003,,-0.0130500000000006,-0.0213999999999998,-0.0416999999999996,-0.0335999999999998,-0.0143000000000004,-0.0030000000000001,-0.0252,-0.003499985,-0.00150013,-1.038812165938616,-1.081081081081081,-0.1099153589637036,0.0799941822412988,-0.3711827231314424
2007-08-10,2007-08-10 09:15:00,0,1,0.01476190476189133,-0.009642857142848495,0.0099999999999909,0.0049999999999954,0.0,-0.0050000000000096,0.0,0.0250000000000056,0.0099999999999909,-0.0049999999999954,-0.0050000000000096,-0.0049999999999954,-0.0049999999999954,-0.0050000000000096,-0.0100000000000051,-0.0100000000000051,0.0010000000000003,,-0.0390000000000005,0.0238999999999993,0.0041999999999999,-0.0106999999999999,-0.0118999999999998,-0.0152000000000001,-0.0109,-0.014199972,-0.022899866,-0.8636767165144592,-0.0346440325653906,0.0483151635282476,-0.0219330311449018,0.1190374968114961
2007-08-17,2007-08-17 08:00:00,0,1,-0.02214285714286844,0.05821428571431541,-0.0100000000000051,0.0100000000000051,-0.017499999999984,-0.0249999999999914,-0.0400000000000062,-0.065,-0.0574999999999903,-0.0550000000000068,-0.0300000000000011,-0.0350000000000108,-0.019999999999996,-0.0250000000000056,-0.0250000000000056,-0.0250000000000056,-0.0209999999999999,,-0.0492000000000003,0.0265000000000004,0.0125999999999999,0.0105500000000002,0.0196000000000005,0.0271999999999996,0.0144,0.01240015,0.02760005,-0.6832180621833548,1.83843026339049,-0.1552909403388079,0.1633137851681374,0.3925373792616708
2007-09-18,2007-09-18 14:15:00,0,0,-0.2125000000000198,-0.1549999999999869,-0.0850000000000079,-0.1800000000000068,-0.1549999999999869,-0.1550000000000011,-0.1500000000000056,-0.144999999999996,-0.1799999999999926,-0.1850000000000022,-0.1750000000000113,-0.1599999999999966,-0.1400000000000005,-0.125,-0.1150000000000091,-0.1099999999999994,-0.1799999999999997,,-0.1063999999999998,-0.1884999999999994,-0.1306999999999996,-0.0637999999999996,0.0029500000000002,0.0419,-0.1053,-0.029599905,0.013000011,1.335934346831705,1.378614660390047,-0.4532898041185387,0.4968317972350162,-0.1898679554673331
2007-10-31,2007-10-31 14:15:00,1,0,-0.019999999999996,0.03424999999999858,0.0,-0.019999999999996,0.0150000000000005,0.0300000000000011,0.0499999999999971,0.0750000000000028,0.0150000000000005,0.0600000000000022,0.0849999999999937,0.0900000000000034,0.0900000000000034,0.0900000000000034,0.0849999999999937,0.0800000000000125,0.0550000000000006,,0.0828999999999999,0.0549000000000003,0.0782000000000002,0.0693999999999999,0.0468999999999999,0.0343,0.077,0.053999901,0.040099859,-0.4283023211327312,-0.3718073068218558,-0.0091303950852452,-0.0207440188079081,-0.0347071583514154
2007-12-11,2007-12-11 14:15:00,0,0,0.03100000000001581,0.0250000000000056,0.0200000000000102,0.0450000000000017,0.0250000000000056,0.0350000000000108,0.0249999999999914,0.0125000000000028,0.1850000000000022,0.125,0.019999999999996,-0.0549999999999926,-0.0999999999999943,-0.1050000000000039,-0.1000000000000085,-0.0949999999999988,-0.004,,-0.0515999999999996,-0.0577,-0.1234999999999999,-0.1096500000000002,-0.0745000000000004,-0.0613000000000001,-0.0693,-0.041100025,-0.045000076,-1.737701685780936,-1.805054151624549,0.0853870001576345,-0.1767625263444256,-0.6712010023268302
2008-01-22,2008-01-22 08:20:00,0,1,-0.4650000000000176,-0.2250000000000085,-0.1350000000000051,-0.2250000000000085,-0.1599999999999966,-0.1099999999999994,-0.1149999999999948,-0.1149999999999948,-0.1299999999999954,-0.0949999999999988,-0.0499999999999971,-0.019999999999996,-0.0049999999999954,0.0049999999999954,0.0250000000000056,0.0274999999999892,-0.1167500000000001,,0.0617,-0.0104000000000001,0.0203999999999999,0.0721499999999997,0.0825999999999997,0.0639000000000002,0.0437,0.011600018,0.091500044,0.0,1.40761300555115,-0.2683095197780625,0.4273209731890539,0.1880759826970122
2008-01-30,2008-01-30 14:15:00,1,0,-0.1099999999999994,-0.09807692307693319,0.0024999999999977,-0.1099999999999994,-0.1050000000000039,-0.125,-0.1550000000000011,-0.1349999999999909,-0.144999999999996,-0.1300000000000096,-0.1099999999999994,-0.0849999999999937,-0.0450000000000017,-0.019999999999996,0.0,0.0300000000000011,-0.1160000000000001,,-0.0771000000000001,-0.072,-0.0443000000000002,0.0,0.0167999999999999,0.0347999999999997,-0.0293,-0.023299932,-0.003999949,0.8828989436152741,0.827966881324747,-0.3836596759765294,0.4459158164988811,-0.223776223776219
2008-03-11,2008-03-11 08:30:00,0,1,0.08524999999998854,0.01311538461538284,0.0549999999999926,0.0449999999999874,0.0949999999999988,0.0974999999999965,0.1149999999999948,0.1299999999999954,0.0350000000000108,0.0850000000000079,0.1050000000000039,0.1200000000000045,0.1149999999999948,0.1199999999999903,0.1175000000000068,0.1099999999999994,0.0955000000000001,,0.1587499999999999,0.1235499999999998,0.1694999999999999,0.1598999999999999,0.0905,0.0396999999999998,0.159,0.086410046,0.042699933,0.5803497805037107,1.813572542901716,0.5713420342529961,-0.5951225823145156,0.9105149794399772
2008-03-18,2008-03-18 14:15:00,0,0,0.1073076923076964,0.0799999999999983,0.0450000000000017,0.125,0.0799999999999983,0.0799999999999983,0.0799999999999983,0.0649999999999977,0.0499999999999971,0.019999999999996,0.0100000000000051,0.0050000000000096,0.0150000000000005,0.019999999999996,0.0300000000000011,0.0350000000000108,0.0564999999999999,,-0.0357,0.0564,0.0242999999999999,-0.0016000000000002,-0.0222999999999999,-0.0361000000000002,0.0009,-0.024760067,-0.023900032,-1.076983380966704,-1.047220106626047,0.0659547297961174,-0.1393022225036395,-0.6380392951184884
2008-04-30,2008-04-30 14:15:00,1,0,-0.0600000000000022,-0.0649999999999977,0.0,-0.0600000000000022,-0.0649999999999977,-0.0649999999999977,-0.0725000000000051,-0.0750000000000028,-0.0600000000000022,-0.0799999999999983,-0.0799999999999983,-0.0500000000000113,-0.0300000000000011,-0.019999999999996,-0.0100000000000051,0.0,-0.0724999999999997,,-0.0307999999999999,-0.0206999999999999,-0.0161999999999999,-0.0051000000000001,-0.0019,-0.0019,-0.0064,-0.003399968,-0.0008,0.266284896206158,0.1608291636883488,-0.1942600613669504,0.2313030069390932,-0.0478652115642323
2008-06-25,2008-06-25 14:15:00,1,0,-0.0100000000000051,-0.03980769230768715,0.0,-0.0100000000000051,-0.0349999999999965,-0.0450000000000017,-0.059999999999988,-0.0349999999999965,-0.0649999999999977,-0.0499999999999971,-0.0450000000000017,-0.0600000000000022,-0.0700000000000073,-0.0674999999999954,-0.059999999999988,-0.0499999999999971,-0.0274999999999998,,-0.01285,-0.0076500000000003,-0.0689000000000001,-0.0348999999999999,-0.0217,-0.0101000000000004,-0.0301,-0.014199972,-0.007400036,0.085608366237887,0.0188288457917529,-0.3153583617747366,0.3785934291581119,-0.2218114602587884
2008-08-05,2008-08-05 14:15:00,0,0,-0.005961538461549907,-0.01461538461538246,-0.0050000000000096,-0.0100000000000051,-0.0224999999999937,-0.0250000000000056,-0.0349999999999965,-0.0549999999999926,-0.0250000000000056,-0.0349999999999965,-0.0300000000000011,-0.039999999999992,-0.0449999999999874,-0.0450000000000017,-0.0400000000000062,-0.0375000000000085,0.0049999999999998,,-0.0153999999999998,-0.0051999999999998,-0.0161999999999999,0.0051999999999998,0.0137,0.0179,0.0104,0.010499954,0.022099972,0.1344075456867782,0.1572636131315117,-0.0121748305669417,-0.0129315918789588,-0.1015509601181678
2008-09-16,2008-09-16 14:15:00,0,0,0.1124999999999889,0.1300000000000096,0.0524999999999948,0.1050000000000039,0.1300000000000096,0.1274999999999977,0.1149999999999948,0.1099999999999994,0.1400000000000005,0.0999999999999943,0.0900000000000034,0.0900000000000034,0.1149999999999948,0.1299999999999954,0.1450000000000102,0.125,0.0868500000000001,,0.005,0.0869000000000002,0.0769999999999999,0.0696999999999996,0.0525999999999999,0.0343999999999997,0.0683,0.070899963,0.053600073,-0.6299648528264717,-0.0419287211740041,0.1809347875597852,-0.2331990672037368,0.0
2008-10-08,2008-10-08 07:00:00,0,1,-0.1314130434782562,-0.0249999999999914,-0.0974999999999965,-0.0249999999999914,-0.0300000000000011,-0.0200000000000102,-0.0100000000000051,-0.019999999999996,0.019999999999996,-0.0200000000000102,-0.0150000000000005,-0.0099999999999909,-0.0300000000000011,-0.0300000000000011,-0.0150000000000005,0.0049999999999954,-0.02,,-0.0255,-0.0759,0.0398999999999998,0.0509999999999997,0.0497,0.0533999999999998,0.0404,0.047199965,0.052000046,-1.096132419220468,2.593152064451158,-0.3077379407511713,0.4625890300315715,0.5610660254483542
2008-10-29,2008-10-29 14:17:00,1,0,-0.0500000000000113,-0.060333333333306,0.0,-0.0500000000000113,-0.0549999999999926,-0.0649999999999977,-0.0300000000000011,-0.039999999999992,0.0,-0.0400000000000062,-0.0749999999999886,-0.0849999999999937,-0.0749999999999886,-0.0499999999999971,-0.0349999999999965,-0.0250000000000056,0.0265,,0.005,-0.0355,-0.0358,-0.0186000000000001,-0.0419,-0.0143000000000004,0.0,-0.024199963,0.00909996,-1.172688724634938,-1.349206349206349,0.5145351756567615,-0.680377300139179,-0.4732510288065925
2008-12-16,2008-12-16 14:11:00,0,0,-0.1498333333333439,-0.1699999999999875,-0.0725000000000051,-0.1850000000000022,-0.1699999999999875,-0.1850000000000022,-0.1850000000000022,-0.1700000000000017,-0.2600000000000051,-0.2600000000000051,-0.2650000000000005,-0.269999999999996,-0.2549999999999954,-0.25,-0.2400000000000091,-0.2300000000000039,-0.05815,,-0.0152999999999999,-0.0654,-0.1263999999999999,-0.1131999999999999,-0.0838999999999998,-0.0128500000000002,-0.1149,-0.099499941,-0.04189992,1.102872453112358,1.415227851684121,-0.7073679048669832,0.7675597393193296,-0.6552643269657967
2009-01-28,2009-01-28 14:15:00,1,0,0.0049999999999954,-0.006923076923070554,0.0,0.0049999999999954,0.0,0.0,0.0049999999999954,0.0,0.0,-0.0100000000000051,-0.0150000000000005,-0.0150000000000005,-0.0249999999999914,-0.0150000000000005,-0.0050000000000096,-0.0049999999999954,-0.0089999999999999,,-0.0051,0.0,-0.0078999999999999,0.0166999999999999,0.0172000000000003,0.0278,0.027,0.015200019,0.021999836,-0.2177400870960322,-0.230017251293847,0.6863001641411116,-0.8828856021732602,0.3110074419637911
2009-03-18,2009-03-18 14:15:00,0,0,0.0,-0.0049999999999954,0.0,-0.0074999999999931,-0.0049999999999954,-0.0150000000000005,-0.0150000000000005,-0.0250000000000056,-0.0499999999999971,-0.0600000000000022,-0.0699999999999931,-0.0700000000000073,-0.0649999999999977,-0.0650000000000119,-0.0650000000000119,-0.0600000000000022,0.0025,,0.0,-0.0101999999999999,-0.0688999999999999,-0.2558,-0.4343000000000003,-0.3313000000000001,-0.1859,-0.32980001,-0.399700046,1.814499276643628,1.929260450160772,-1.9428148251004,2.066021193870542,-1.916216491692993
2009-04-29,2009-04-29 14:15:00,1,0,0.0,0.0,-0.0024999999999977,0.0,0.0049999999999954,0.0,0.0,0.0049999999999954,0.0,0.0100000000000051,0.0150000000000005,0.0350000000000108,0.0450000000000017,0.0550000000000068,0.0600000000000022,0.0600000000000022,0.012,,0.0,0.0038,0.0236999999999999,0.0595999999999998,0.0715999999999996,0.0800999999999998,0.0825,0.043900013,0.060899973,0.6260138454157073,0.6018916595012898,0.3454662012964017,-0.3450086252156257,0.7314309261357865
2009-06-24,2009-06-24 14:15:00,1,0,0.0,0.0081578947368346,0.0,0.0,0.0049999999999954,0.0100000000000051,0.0050000000000096,0.0099999999999909,0.0100000000000051,0.0349999999999965,0.0499999999999971,0.0700000000000073,0.0900000000000034,0.0949999999999988,0.1049999999999897,0.1000000000000085,0.018,,-0.0100999999999999,0.0026,0.0515999999999998,0.0910999999999999,0.0971000000000001,0.0662000000000002,0.0708,0.086500049,0.085500002,-0.6460254551668271,-0.6923289947382997,0.4938887503117817,-0.5715918833952564,0.4718464926077263
2009-08-12,2009-08-12 14:15:00,0,0,0.0,0.0,0.0,0.0,0.0,-0.0049999999999954,-0.0150000000000005,-0.0100000000000051,0.0,-0.019999999999996,-0.0450000000000017,-0.0300000000000011,-0.0300000000000011,-0.0150000000000005,-0.0125000000000028,-0.0150000000000005,-0.0165,,-0.005,-0.005,-0.0040999999999999,0.0152999999999998,0.0257,0.0307000000000003,0.0069,0.020699978,0.014999866,-0.2913252569568232,-0.3231419338801889,0.4793285590939074,-0.5554383744638822,0.1664759130163319
2009-09-23,2009-09-23 14:15:00,0,0,-0.0099999999999909,-0.01576923076923275,0.0,-0.0099999999999909,-0.0150000000000005,-0.019999999999996,-0.0200000000000102,-0.0350000000000108,-0.0499999999999971,-0.0999999999999943,-0.125,-0.1350000000000051,-0.1350000000000051,-0.1350000000000051,-0.125,-0.1149999999999948,-0.0075,,-0.0051,-0.0113499999999999,-0.087,-0.0837499999999997,-0.0764,-0.0609000000000001,-0.0384,-0.061600089,-0.049099922,0.5132982439796908,0.5146198830409356,-0.3283080317276882,0.3044037069606946,-0.4921798096904766
2009-11-04,2009-11-04 14:15:00,1,0,-0.005769230769241846,-0.00934615384615712,-0.0050000000000096,-0.0075000000000073,-0.0100000000000051,-0.0100000000000051,-0.0150000000000005,-0.0200000000000102,-0.0150000000000005,-0.0150000000000005,-0.0349999999999965,-0.039999999999992,-0.0349999999999965,-0.0349999999999965,-0.019999999999996,-0.0049999999999954,0.0072999999999999,,-0.0075999999999999,-0.0126,-0.0318,0.0050999999999996,0.0245999999999999,0.0344999999999995,-0.0141,0.005099893,0.007699966,0.0843513946413265,0.0,-0.0514172709294492,0.0875597763858071,0.065984823490584
2009-12-16,2009-12-16 14:15:00,0,0,-0.02583333333333912,0.0,-0.0125000000000028,-0.0150000000000005,0.0,-0.0025000000000119,-0.0100000000000051,0.0024999999999977,-0.0049999999999954,-0.0049999999999954,0.0,0.0150000000000005,0.0250000000000056,0.0300000000000011,0.039999999999992,0.039999999999992,-0.0015,,-0.0025,-0.0050999999999999,0.0080999999999999,0.0253000000000001,0.0323999999999999,0.0303000000000004,0.0355,0.011799932,0.025100112,-0.0538885046838214,-0.0449034575662326,0.1821920304000424,-0.1787678767876743,0.2227667631989338
2010-01-27,2010-01-27 14:15:00,1,0,-0.0050000000000096,0.005333333333343574,0.0,-0.0050000000000096,0.0,0.0,0.0,0.0050000000000096,-0.0050000000000096,0.0150000000000005,0.0400000000000062,0.0650000000000119,0.0750000000000028,0.0799999999999983,0.0849999999999937,0.0799999999999983,0.0194999999999999,,0.0076,0.0051,0.05335,0.0453000000000001,0.0270999999999999,0.0059000000000004,0.0583,0.024999976,0.009900093,0.0814193649289317,0.2077082852527117,0.2239071802961706,-0.2207348333808104,0.4356568364611267
2010-03-16,2010-03-16 14:15:00,0,0,-0.01033333333332383,-0.0100000000000051,-0.0049999999999954,-0.0074999999999931,-0.0100000000000051,-0.0099999999999909,-0.0100000000000051,-0.0200000000000102,-0.0150000000000005,-0.039999999999992,-0.0499999999999971,-0.0600000000000022,-0.0550000000000068,-0.0600000000000022,-0.0549999999999926,-0.0549999999999926,-0.0399999999999999,,-0.0025999999999999,-0.0127,-0.0404999999999999,-0.0369999999999999,-0.0190000000000001,0.0004999999999997,-0.0301,-0.017099977,0.0,0.1936674638660815,0.1733102253032929,-0.1488663017982796,0.1529497450837575,-0.1214396113932429
2010-04-28,2010-04-28 14:15:00,1,0,0.0,-0.0100000000000051,-0.0024999999999977,0.0,-0.0050000000000096,-0.0100000000000051,-0.0150000000000005,-0.019999999999996,-0.0099999999999909,-0.0100000000000051,-0.0150000000000005,-0.0100000000000051,0.0,0.0049999999999954,0.0049999999999954,0.0099999999999909,-0.01,,-0.0025,-0.0025,-0.0038999999999997,0.0101999999999997,0.0135,0.0115999999999996,0.0122,0.003499985,0.0,0.1587174954547065,0.1684565171615077,-0.1684542204447625,0.227963525835858,0.1274561869357305
2010-05-09,2010-05-09 21:15:00,0,1,0.0,-0.0049999999999954,0.0,0.0,-0.0049999999999954,-0.0100000000000051,-0.0100000000000051,-0.0049999999999954,-0.019999999999996,-0.0250000000000056,-0.0150000000000005,-0.0150000000000005,-0.0050000000000096,0.0074999999999931,0.0099999999999909,0.0150000000000005,0.02,,0.0,0.0050999999999999,0.0119999999999999,0.0215999999999998,0.0264999999999999,0.0175,0.0,0.0,0.0,0.0,0.1989829759009507,-0.2472834486530166,0.405363267851582,0.4327131112072757
2010-06-23,2010-06-23 14:15:00,1,0,0.0050000000000096,-0.002380952380956953,0.0,0.0050000000000096,0.0,0.0,0.0,0.0,0.0049999999999954,-0.0049999999999954,0.0050000000000096,0.0050000000000096,-0.0049999999999954,-0.0100000000000051,-0.0100000000000051,-0.0099999999999909,0.02,,0.0,0.0,-0.004,-0.0050000000000001,-0.0017999999999998,-0.0039000000000006,-0.0065,0.003399968,0.0,0.3374547316823403,0.3443526170798898,-0.3086993930656035,0.3990228013029419,-0.0887705281846408
2010-08-10,2010-08-10 14:15:00,0,0,0.003690476190493757,-0.008611111111152099,0.0025000000000119,0.0,0.0049999999999954,0.0,0.0,-0.0049999999999954,-0.0100000000000051,-0.019999999999996,-0.0349999999999965,-0.039999999999992,-0.0450000000000017,-0.0549999999999926,-0.0550000000000068,-0.0600000000000022,-0.0279999999999999,,0.0,0.0025,-0.0159,-0.0552999999999999,-0.0621999999999998,-0.0341999999999997,-0.0527,-0.040809989,-0.04519999,0.726819737950577,0.7186166629238715,-0.7194952464117579,0.7779133618059783,-0.6406523005241668
2010-09-21,2010-09-21 14:15:00,0,0,0.0,0.005555555555550444,0.0,0.0,0.0049999999999954,0.0049999999999954,0.0,0.0,0.0,-0.0099999999999909,-0.0150000000000005,-0.0150000000000005,-0.019999999999996,-0.0250000000000056,-0.0350000000000108,-0.0349999999999965,0.006,,0.0,-0.0025999999999999,-0.0039999999999999,-0.0213999999999998,-0.0072,0.0025999999999997,-0.0136,0.0,-0.002599955,0.5931500173422736,0.5952380952380952,-0.6123607990320863,0.7078702998934285,-0.1524569016066558
2010-11-03,2010-11-03 14:15:00,1,0,0.008333333333325667,0.0204901960784386,0.0074999999999931,0.0150000000000005,0.0049999999999954,0.0099999999999909,0.0099999999999909,0.0049999999999954,0.0049999999999954,-0.0100000000000051,0.0,-0.0050000000000096,-0.0150000000000005,-0.019999999999996,-0.0250000000000056,-0.0349999999999965,0.0025,,-0.0051,0.0,-0.0117999999999999,-0.0402,0.0669999999999997,0.1487500000000006,-0.0407,0.067849994,0.121399999,-0.3304001746460852,-0.3787878787878788,0.1904240195119231,-0.1635730033425765,0.2832512315270984
2010-12-14,2010-12-14 14:15:00,0,0,0.00455882352940757,0.0049999999999954,0.0024999999999977,0.0050000000000096,0.0049999999999954,0.0049999999999954,0.0,0.0,0.0049999999999954,0.0,0.0,-0.0050000000000096,-0.0049999999999954,0.0,0.0,0.0,0.008,,0.0026,0.0025,-0.0161,-0.0034,0.0154999999999998,0.0107999999999996,0.0143,0.020699978,0.005499959,0.002007346889605,0.0,0.0707195716414484,-0.0893987931162996,0.0479731350443826
2011-01-26,2011-01-26 14:15:00,1,0,-0.0049999999999954,-0.0049999999999954,0.0,-0.0049999999999954,-0.0049999999999954,0.0,-0.0049999999999954,-0.0049999999999954,-0.0049999999999954,-0.0050000000000096,-0.0099999999999909,-0.019999999999996,-0.0299999999999869,-0.0350000000000108,-0.0349999999999965,-0.0300000000000011,-0.0142499999999999,,-0.0025,-0.005,-0.0275999999999999,-0.0083999999999997,0.0147500000000002,0.0301,-0.0036,0.019299984,0.024800062,-0.0558771165866508,-0.077264825188333,-0.005771598604565,0.0292654375182876,0.0484789722457787
2011-03-15,2011-03-15 14:15:00,0,0,-0.004843749999995543,0.0,-0.0024999999999977,0.0,0.0,0.0,0.0050000000000096,0.0,0.0,0.0,0.0049999999999954,0.0200000000000102,0.0349999999999965,0.0400000000000062,0.0550000000000068,0.0600000000000022,0.008,,0.0,0.0,0.0281,0.0396,0.0219999999999997,-0.0013500000000004,0.0147,0.011489987,0.007200003,0.2829557328866579,0.2935420743639921,0.0078524781112175,-0.0143092222937667,-0.0864624505928769
2011-04-27,2011-04-27 12:30:00,1,0,0.0,-0.01874999999998275,0.0,0.0,-0.0049999999999954,-0.0049999999999954,0.0,-0.0049999999999954,-0.0100000000000051,-0.0100000000000051,-0.019999999999996,-0.0300000000000011,-0.0349999999999965,-0.0450000000000017,-0.0400000000000062,-0.0450000000000017,-0.0065,,0.0,-0.0012999999999999,-0.0198,-0.0282999999999997,-0.0167999999999999,-0.0137,-0.0312,-0.003289998,-0.008999944,0.1641987324749456,0.1676289811883032,-0.2483807873738764,0.2728699092707554,-0.254206512528742
2011-06-22,2011-06-22 12:30:00,1,0,0.0,0.0,0.0,-0.0049999999999954,0.0,0.0,-0.0024999999999977,0.0,0.0,0.0,0.0049999999999954,0.0100000000000051,0.0150000000000005,0.019999999999996,0.0250000000000056,0.0350000000000108,0.005,,-0.0026,-0.0026,0.0161999999999999,0.0253499999999999,0.0182000000000002,0.0117000000000002,0.0281,0.017439961,0.012799978,0.0968681859406139,0.0968804495252858,0.0174279087849945,-0.0069362558091134,0.0999000999000977
2011-08-09,2011-08-09 14:15:00,0,0,-0.007045454545468073,-0.000227272727273163,-0.0050000000000096,-0.0050000000000096,-0.0050000000000096,0.0,0.0,0.0,0.0250000000000056,0.0,-0.039999999999992,-0.0849999999999937,-0.1349999999999909,-0.1950000000000074,-0.2450000000000045,-0.2849999999999966,-0.009,-0.089,-0.0153,-0.0075999999999999,-0.0952,-0.1343,-0.0242,0.0409000000000001,-0.0814,0.029939,0.052899957,-0.9507977553784672,-1.060070671378092,-0.1876172607879932,0.1757839966249591,-0.1684592458209089
2011-09-21,2011-09-21 14:15:00,0,0,0.008333333333325666,0.02083333333334481,0.0024999999999977,0.0150000000000005,0.0200000000000102,0.0150000000000005,0.0150000000000005,0.0150000000000005,0.0550000000000068,0.0799999999999983,0.1099999999999994,0.095000000000013,0.0849999999999937,0.0799999999999983,0.0849999999999937,0.0700000000000073,0.0365,0.033,0.0026,0.00875,0.0443999999999999,0.0273999999999999,-0.0499,-0.1589,0.0262,-0.02689,-0.085500002,-0.2500669075337891,-0.6935687263556116,0.5401817093171665,-0.6168359941944813,0.3668763102725382
2011-11-02,2011-11-02 12:30:00,1,0,0.0,0.0,0.0,0.0,0.0050000000000096,0.0099999999999909,0.0050000000000096,0.0049999999999954,0.0049999999999954,0.0049999999999954,0.0099999999999909,0.0099999999999909,0.019999999999996,0.0249999999999914,0.0300000000000011,0.0300000000000011,0.023,0.009,0.0,0.0,0.0118,0.0222999999999999,0.0069999999999996,0.0,0.01,0.001545005,-0.006200016,-0.1438976871276221,-0.1419302514193025,0.1702470531664655,-0.2105110336817583,0.0640532923392225
2011-12-13,2011-12-13 14:15:00,0,0,0.004305555555551594,-0.0049999999999954,0.0024999999999977,0.0,-0.0049999999999954,0.0,0.0,0.0049999999999954,0.0024999999999977,0.0099999999999909,0.0099999999999909,0.0100000000000051,0.0099999999999909,0.0100000000000051,0.0150000000000005,0.0150000000000005,0.005,0.006,0.0,-0.0025999999999999,0.0,-0.0015999999999999,-0.0156,-0.0259,0.0035,-0.008601002,-0.024599969,-0.7010256266044174,-0.8035355564483728,0.2752718309330449,-0.3282693335369089,0.0898587933247666
2012-01-25,2012-01-25 12:30:00,1,0,-0.0050000000000096,0.003611111111118045,0.0,-0.0050000000000096,0.0,-0.0049999999999954,0.0,-0.0050000000000096,0.0,-0.0150000000000005,-0.0249999999999914,-0.0349999999999965,-0.0349999999999965,-0.0400000000000062,-0.0499999999999971,-0.0649999999999977,-0.005,-0.0186999999999999,-0.0025999999999999,-0.0025,-0.0156,-0.0663,-0.0510999999999997,-0.0177999999999998,-0.0614,-0.054969996,-0.023699999,0.3036452690846406,0.3444976076555024,-0.3887190366257059,0.4004929143561378,-0.4351164576401374
2012-03-13,2012-03-13 14:15:00,0,0,0.0,0.0,0.0,-0.0049999999999954,0.0,0.0,0.0,0.0,0.0025000000000119,0.0100000000000051,0.0150000000000005,0.0249999999999914,0.0250000000000056,0.0300000000000011,0.0349999999999965,0.0300000000000011,0.005,0.009,0.0,0.0050999999999999,0.008,0.0276,0.0352000000000001,0.0315000000000003,0.0107,0.029990003,0.02670002,-0.0018076448917664,-0.0180766449746926,0.2537753775377397,-0.2822057814049299,0.3143893591293723
2012-04-25,2012-04-25 12:30:00,1,0,0.0,-0.0149999999999862,0.0,0.0,-0.0049999999999954,0.0,0.0,0.0,0.0,0.0,0.0,0.0,-0.0050000000000096,0.0,0.0,0.0049999999999954,0.0204999999999999,0.002,0.0025,-0.0025,0.0,0.0096999999999999,0.0141,0.0163000000000002,0.0089,0.006209999,0.014799953,-0.0274118852163289,-0.0180897250361794,0.0764443882869566,-0.105988341282464,0.0860162202015328
2012-06-20,2012-06-20 12:30:00,1,0,0.007500000000035699,0.004916666666660724,0.0025000000000119,0.0100000000000051,0.0049999999999954,0.0099999999999909,0.0099999999999909,0.0099999999999909,0.0150000000000005,0.0200000000000102,0.0249999999999914,0.019999999999996,0.019999999999996,0.0200000000000102,0.019999999999996,0.019999999999996,0.013,0.011,0.0,,0.0201999999999999,0.0032999999999999,-0.0393000000000001,-0.0632999999999999,0.0379,-0.007670045,-0.029100031,-0.0347154258363869,-0.0371126368528483,0.1424658880168989,-0.1417434443656999,0.0
2012-08-01,2012-08-01 14:15:00,0,0,0.01550000000000052,0.01461764705882402,0.0150000000000005,0.0150000000000005,0.0049999999999954,0.0050000000000096,0.0049999999999954,0.0099999999999909,0.0100000000000051,0.0100000000000051,0.0150000000000005,0.0150000000000005,0.019999999999996,0.0249999999999914,0.0350000000000108,0.0450000000000017,0.0125,0.021,0.0051,0.0025,0.0196,0.0399,0.0255,0.0100999999999999,0.0371,0.025340021,0.005400002,-0.1478228734157926,-0.163576881134133,0.4226987409745557,-0.4715447154471567,0.4225893200153647
2012-09-13,2012-09-13 12:30:00,1,0,0.008823529411756587,0.019999999999996,0.0049999999999954,0.0150000000000005,0.019999999999996,0.019999999999996,0.019999999999996,0.019999999999996,0.0099999999999909,0.0125000000000028,0.0150000000000005,0.0250000000000056,0.0250000000000056,0.0349999999999965,0.0400000000000062,0.0499999999999971,0.0189999999999999,0.0219999999999999,0.0012999999999999,0.0049999999999999,0.0279999999999999,0.0667,0.0798999999999998,0.0844999999999998,0.0472,0.054539979,0.061100036,0.6175266232252633,0.6263048016701461,-0.0075286087131101,0.0465260545905655,0.3486570247933833
2012-10-24,2012-10-24 14:15:00,0,0,0.0,-0.0081578947368346,0.0,0.0,-0.0049999999999954,0.0,0.0049999999999954,0.0,0.0,0.0,-0.0024999999999977,0.0,-0.0049999999999954,-0.0049999999999954,-0.0049999999999954,-0.0100000000000051,0.0005,-0.002,0.005,0.0,0.0,-0.0113999999999999,-0.0018,0.0055999999999998,-0.0081,0.00150001,0.003800005,0.0031805941349895,-0.017733640716439,-0.0206323502747772,0.0385772702723512,0.0
2012-12-12,2012-12-12 12:30:00,1,0,0.0040789473684173,0.0,0.0024999999999977,0.0049999999999954,0.0,0.0,-0.0049999999999954,-0.0049999999999954,0.0,-0.0050000000000096,-0.0050000000000096,-0.0050000000000096,-0.0050000000000096,-0.0049999999999954,0.0,0.0100000000000051,-0.002,-0.001,0.0,-0.005,0.0,0.0007999999999999,0.0326999999999999,0.0451999999999999,-0.0033,0.045100033,0.047500014,0.3942677385529605,0.4020276175493795,-0.2744590530850029,0.3527066400858716,0.0
2013-01-30,2013-01-30 14:15:00,0,0,0.0050000000000096,-0.009090909090926545,0.0,0.0050000000000096,0.0,0.0049999999999954,0.0,0.0050000000000096,0.0,0.0,-0.0050000000000096,-0.0049999999999954,-0.0099999999999909,-0.0100000000000051,-0.0100000000000051,-0.0049999999999954,-0.001,-0.007,-0.0051,0.0,-0.0058499999999999,-0.0144,-0.0108000000000001,-0.0113000000000003,-0.0155,-0.00879997,-0.0097,-0.0713484525682305,-0.0998502246630054,-0.020186727226855,0.0294767870302104,0.0109745390693491
2013-03-20,2013-03-20 14:00:00,1,0,0.0,0.005166666666661913,0.0,0.0049999999999954,0.0049999999999954,0.0049999999999954,0.0,0.0,0.0,0.0049999999999954,0.0049999999999954,0.0,-0.0024999999999977,0.0,0.0,0.0,0.005,0.0,0.0,0.0,0.0,-0.0063999999999999,-0.0052,-0.0080999999999997,0.0,0.002999961,0.0009,0.1085727501670385,0.1451612903225806,-0.0568044476673882,0.1235712079085608,0.1358553662869636
2013-05-01,2013-05-01 14:00:00,0,0,0.0,0.0,0.0,0.0,0.0,-0.0049999999999954,0.0,0.0,-0.0049999999999954,-0.0049999999999954,-0.0050000000000096,0.0,0.0,0.0,0.0100000000000051,0.0,-0.0035,0.001,0.0,0.0,0.0038999999999999,0.008,0.0153,0.0156999999999998,0.0059,0.014999986,0.013599992,0.1750402119405867,0.2689447872172125,-0.0925914570584187,0.128817155414095,0.1337723811483797
2013-06-19,2013-06-19 14:00:00,1,0,0.0,0.0050000000000096,0.0,0.0030000000000001,0.0050000000000096,0.0,0.0,0.0,0.0,0.0,0.0049999999999954,0.0100000000000051,0.0250000000000056,0.0449999999999874,0.0600000000000022,0.0799999999999983,0.0015,0.0179999999999999,0.0025,0.0026,0.0242,0.0750999999999999,0.0615999999999998,0.0355000000000003,0.0913,0.099800002,0.08739996,-0.0597007688367987,-0.0909228671010759,0.5351245313004362,-0.4400686208696961,0.9132899433130278
2013-07-31,2013-07-31 14:00:00,0,0,0.0,0.0,0.0,0.0,0.0,0.0,0.0,-0.0049999999999954,0.0,0.0,-0.0049999999999954,-0.0099999999999909,-0.0150000000000005,-0.0150000000000005,-0.0200000000000102,-0.0250000000000056,-0.003,-0.011,-0.0026,-0.0050999999999999,-0.0078999999999999,-0.0358,-0.0342000000000002,-0.0230999999999999,-0.0402,-0.039499998,-0.023000002,-0.0408352887913082,-0.059347181008902,0.0097815056182468,0.0075255869957848,-0.061037639877927
2013-09-18,2013-09-18 14:00:00,1,0,0.0,-0.0049999999999954,0.0,-0.0050000000000096,-0.0049999999999954,0.0,-0.0049999999999954,-0.0100000000000051,-0.0100000000000051,-0.0150000000000005,-0.0200000000000102,-0.0300000000000011,-0.0499999999999971,-0.0750000000000028,-0.0999999999999943,-0.1349999999999909,-0.008,-0.034,-0.0051,-0.0049999999999999,-0.0403,-0.1385,-0.1108000000000002,-0.0414000000000003,-0.1751,-0.144599974,-0.062600017,1.007075956428542,1.057113492879166,-0.6381534283774559,0.6954310924998195,-0.5664003236573301
2013-10-30,2013-10-30 14:00:00,0,0,0.0,0.0,0.0,0.0,0.0,0.0,-0.0049999999999954,0.0,0.0,0.0,0.0050000000000096,0.0049999999999954,0.0150000000000005,0.0200000000000102,0.0249999999999914,0.0349999999999965,0.0,0.0109999999999999,0.0,0.0,0.0058499999999999,0.0404999999999999,0.0434000000000001,0.0301999999999997,0.0303,0.034299999,0.023100019,-0.2932783766645565,-0.3264726756564939,0.3319460336221043,-0.3413465030140116,0.356524396455123
2013-12-18,2013-12-18 14:00:00,1,0,0.0,0.0049999999999954,0.0,0.0050000000000096,0.0049999999999954,0.0,0.0,-0.0049999999999954,0.0100000000000051,0.0050000000000096,-0.0050000000000096,-0.0099999999999909,-0.0150000000000005,-0.0250000000000056,-0.0300000000000011,-0.0499999999999971,-0.001,-0.0128,-0.0025999999999999,-0.0025,-0.0118,-0.02235,-0.0091000000000001,-0.0009000000000001,-0.0053,0.013700008,0.010800004,0.7612826937695307,0.7743207095593411,-0.0224766804440401,0.087202964900797,0.2228682170542674
2014-01-29,2014-01-29 14:00:00,0,0,0.0,0.0,-0.0025000000000119,0.0,0.0,0.0,0.0,0.0049999999999954,0.0,0.0100000000000051,0.0,-0.0049999999999954,-0.0050000000000096,-0.0100000000000051,-0.0100000000000051,-0.0200000000000102,0.003,0.0055499999999999,0.0,0.0,-0.0039,-0.0082999999999999,-0.0146000000000001,-0.0144999999999999,-0.0036,-0.016099989,-0.019500017,-0.389685554381782,-0.3945885005636979,0.0832494626060899,-0.1170617500731669,-0.137133901459497
2014-03-19,2014-03-19 14:00:00,1,0,0.0,0.0,0.0,0.0,0.0,0.0,0.0,0.0049999999999954,0.0,0.0100000000000051,0.0150000000000005,0.039999999999992,0.0600000000000022,0.0949999999999988,0.1099999999999994,0.125,0.0115,0.0,0.0025,0.0,0.0646999999999999,0.09355,0.0489000000000001,0.0155999999999996,0.0985,0.055299997,0.018299937,-0.2058536116495532,-0.2269692923898531,0.505867178406268,-0.459803146777783,0.6192863462105529
2014-04-30,2014-04-30 14:00:00,0,0,0.0,0.0,-0.0024999999999977,0.0,0.0,0.0,0.0049999999999954,0.0,0.0100000000000051,0.0,0.0,0.0049999999999954,0.0100000000000051,0.0100000000000051,0.0100000000000051,0.0049999999999954,0.0064999999999999,0.0035,0.0,0.0,0.0039,0.0049999999999998,0.0064000000000001,0.0041999999999999,0.0,0.001600027,0.004200101,0.0164921250103046,0.0133422281521014,0.0188660260602713,-0.007211885186787,0.0881229805150332
2014-06-18,2014-06-18 14:00:00,1,0,0.0,0.0,0.0,0.0,0.0,0.0,0.0049999999999954,0.0,0.0049999999999954,0.0049999999999954,0.0150000000000005,0.0150000000000005,0.019999999999996,0.0200000000000102,0.0250000000000056,0.0400000000000062,0.005,0.01,-0.0025999999999999,0.0,0.0161999999999999,0.0233000000000001,-0.0036,-0.0168000000000003,0.0409999999999999,0.019,-0.006,0.3527268698517854,0.3219989696032972,0.0385021424579344,-0.0405126694166049,0.0293772032902478
2014-07-30,2014-07-30 14:00:00,0,0,0.0,0.0,0.0,0.0,0.0,0.0,-0.0049999999999954,0.0,0.0,0.0,-0.019999999999996,-0.0099999999999909,-0.0150000000000005,-0.0150000000000005,-0.019999999999996,-0.0150000000000005,-0.003,-0.009,-0.0024999999999999,-0.0051,-0.0079,-0.0147999999999999,-0.0181999999999997,-0.0139,-0.015,-0.017,-0.013,0.4027111818454466,0.4079031230082855,-0.088364158515468,0.0821999701090927,-0.1068687457495517
2014-09-17,2014-09-17 14:00:00,1,0,0.0,0.0049999999999954,0.0,-0.0049999999999954,0.0049999999999954,0.0050000000000096,0.0,0.0050000000000096,-0.0049999999999954,0.0050000000000096,0.019999999999996,0.0349999999999965,0.0499999999999971,0.0600000000000022,0.0699999999999931,0.0799999999999983,0.0055,0.024,-0.0025,0.0,0.0363,0.0499,0.0291000000000001,0.0051000000000001,0.0569999999999999,0.035,0.006,0.2558517010511683,0.2500937851694385,0.274764487582066,-0.2854497762690971,0.3345724907063191
2014-10-29,2014-10-29 14:00:00,0,0,0.0,0.01107142857141839,0.0,0.0,0.0049999999999954,0.0049999999999954,0.0100000000000051,0.0100000000000051,0.0,-0.0150000000000005,0.0350000000000108,0.0550000000000068,0.0649999999999977,0.0750000000000028,0.0799999999999983,0.0799999999999983,0.0164999999999999,0.041,0.0,0.0,0.0393999999999999,0.0527999999999999,0.0215,-0.0024000000000001,0.106,0.0549999999999999,0.016,-0.3096812001283122,-0.3167764825139381,0.730632668127533,-0.7610827775598307,0.6289889926926342
2014-12-17,2014-12-17 14:00:00,1,0,-0.005535714285740636,-0.0050000000000096,-0.0025000000000119,-0.0049999999999954,-0.0050000000000096,-0.0100000000000051,-0.0049999999999954,-0.0200000000000102,-0.0150000000000005,-0.0499999999999971,-0.0799999999999983,-0.0949999999999988,-0.1099999999999994,-0.1199999999999903,-0.1299999999999954,-0.1299999999999954,-0.019,-0.028,-0.0051,-0.005,-0.0726,-0.05925,-0.0121999999999999,0.0125999999999999,-0.0635,-0.0179999999999999,0.008,0.7585011575670719,0.7525398218989088,-0.3241912163383405,0.378726833199027,-0.2126392787275665
2015-01-28,2015-01-28 14:00:00,0,0,0.0,0.0,0.0,0.0,0.0,0.0,0.0,-0.0049999999999954,-0.0050000000000096,-0.0049999999999954,-0.0100000000000051,-0.0150000000000005,-0.0200000000000102,-0.019999999999996,-0.0150000000000005,-0.0200000000000102,-0.0045,-0.014,0.0025,-0.00375,-0.0162999999999999,-0.0227999999999999,-0.0203999999999999,-0.0221999999999997,-0.0129999999999999,-0.0129999999999999,-0.015,-0.2427554589234237,-0.2590673575129533,-0.0042419164978638,-0.0176351291773388,-0.1103284392769205
2015-03-18,2015-03-18 14:00:00,1,0,-0.01192307692309981,-0.0150000000000005,-0.0050000000000096,-0.0100000000000051,-0.0150000000000005,-0.0250000000000056,-0.0349999999999965,-0.0499999999999971,-0.0450000000000017,-0.0749999999999886,-0.0900000000000034,-0.1050000000000039,-0.1199999999999903,-0.1199999999999903,-0.1149999999999948,-0.1099999999999994,0.001,-0.0092999999999999,-0.0025999999999999,-0.0279,-0.0728999999999999,-0.0825,-0.0577,-0.0396,-0.133,-0.091,-0.053,1.443400937701538,1.454369167373652,-0.8285191919293721,0.976617522772088,-0.3142313735218801
2015-04-29,2015-04-29 14:00:00,0,0,-0.0049999999999954,-0.0049999999999954,0.0,-0.0049999999999954,-0.0049999999999954,-0.0050000000000096,-0.0049999999999954,0.0,0.0099999999999909,0.0,0.0,0.0,0.0,0.0,0.0050000000000096,0.0,0.0,-0.001,-0.0051,-0.0077,0.0,-0.0032,-0.0017999999999998,-0.0024000000000001,-0.007,-0.001,-0.001,0.0840555621512516,0.0833631058711444,0.5742883359876653,-0.7029326169688949,0.278105511545591
2015-06-17,2015-06-17 14:00:00,1,0,-0.01153846153848369,-0.0100000000000051,-0.0050000000000096,-0.0049999999999954,-0.0100000000000051,-0.019999999999996,-0.0349999999999965,-0.0300000000000011,-0.0299999999999869,-0.0450000000000017,-0.0499999999999971,-0.059999999999988,-0.0750000000000028,-0.0799999999999983,-0.0749999999999886,-0.0800000000000125,-0.022,-0.018,0.0025,-0.0051,-0.0524999999999999,-0.0696999999999998,-0.0485999999999999,-0.0318999999999998,-0.089,-0.062,-0.034,0.3438200850225493,0.2869783570489059,-0.3433530638468112,0.3464818763326239,-0.3541247484909438
2015-07-29,2015-07-29 14:00:00,0,0,-0.0049999999999954,-0.0049999999999954,-0.0024999999999977,-0.0049999999999954,-0.0049999999999954,-0.0050000000000096,-0.0100000000000051,-0.0099999999999909,-0.0049999999999954,-0.0050000000000096,-0.0100000000000051,-0.0150000000000005,-0.0100000000000051,-0.0200000000000102,-0.019999999999996,-0.0150000000000005,-0.006,-0.015,-0.0102,-0.0025999999999999,-0.0119,-0.0165999999999999,-0.0143999999999997,-0.0095999999999998,-0.019,-0.016,-0.01,0.1284130524733694,0.1312179410712155,0.1116636855219802,-0.1448225923244067,0.0161537840239043
2015-09-17,2015-09-17 14:00:00,1,0,-0.05769230769232062,-0.0499999999999971,-0.0250000000000056,-0.0499999999999971,-0.0499999999999971,-0.0500000000000113,-0.0450000000000017,-0.0550000000000068,-0.0550000000000068,-0.0649999999999977,-0.0650000000000119,-0.0649999999999977,-0.0600000000000022,-0.0600000000000022,-0.0600000000000022,-0.0549999999999926,-0.006,-0.0105,-0.0254,-0.0330999999999999,-0.0525999999999999,-0.0513000000000001,-0.0394000000000001,-0.0163999999999999,-0.097,-0.0799999999999999,-0.048,0.1436964730637837,0.1374484568286892,-0.4971777541860674,0.5382986233674545,-0.3723008190618043
2015-10-28,2015-10-28 14:00:00,0,0,-0.0050000000000096,0.02599999999999144,0.0,-0.0050000000000096,0.0099999999999909,0.019999999999996,0.0250000000000056,0.0300000000000011,0.019999999999996,0.0300000000000011,0.0450000000000017,0.0549999999999926,0.0550000000000068,0.0649999999999977,0.0549999999999926,0.059999999999988,0.0279999999999999,0.025,0.0025,-0.0025,0.0595499999999999,0.0495000000000001,0.0177999999999998,-0.0110000000000001,0.062,0.03,-0.008,-0.7084171394654086,-0.7111861137897783,0.9547379648134504,-1.22754761260042,0.2737680438028855
2015-12-16,2015-12-16 14:00:00,1,0,0.02066666666667721,0.0099999999999909,0.0100000000000051,0.0150000000000005,0.0099999999999909,0.0100000000000051,0.0150000000000005,0.0150000000000005,0.0150000000000005,0.019999999999996,0.0250000000000056,0.019999999999996,0.0150000000000005,0.019999999999996,0.0150000000000005,0.0150000000000005,0.018,0.0179999999999999,-0.00375,0.0,0.0,-0.0065999999999999,-0.0230000000000001,-0.0348999999999999,-0.004,-0.02,-0.0310000000000001,0.1607717041800731,0.1339666301303129,0.1275041821371741,-0.1277488821972869,0.1560446780551886
2016-01-27,2016-01-27 14:00:00,0,0,-0.0050000000000096,-0.01533333333333364,-0.0024999999999977,-0.0050000000000096,-0.0100000000000051,-0.0150000000000005,-0.0200000000000102,-0.0200000000000102,-0.0200000000000102,-0.0250000000000056,-0.0349999999999965,-0.0349999999999965,-0.0400000000000062,-0.039999999999992,-0.0400000000000062,-0.039999999999992,-0.021,-0.0339999999999999,-0.0025999999999999,-0.0126,-0.0336999999999999,-0.0376,-0.0209999999999999,-0.0144999999999999,-0.0254999999999999,-0.012,-0.0090000000000001,-0.3653231301430906,-0.3683241252302026,-0.0191824248604281,0.0827281919293961,-0.1008912056499113
2016-03-16,2016-03-16 14:00:00,1,0,-0.01550000000001509,-0.0550000000000068,-0.0075000000000073,-0.0250000000000056,-0.0550000000000068,-0.0500000000000113,-0.0500000000000113,-0.0600000000000022,-0.0549999999999926,-0.0800000000000125,-0.0999999999999943,-0.1099999999999994,-0.1200000000000045,-0.125,-0.1299999999999954,-0.1299999999999954,-0.007,-0.005,-0.0458,-0.0434,-0.0933,-0.1044,-0.0673000000000001,-0.0154,-0.114,-0.072,-0.016,0.2810887653965053,0.3106747856343979,-0.8012555757475593,0.811834746527142,-0.6598046978094484
2016-04-27,2016-04-27 14:00:00,0,0,-0.0050000000000096,0.0150000000000288,0.0,-0.0050000000000096,0.0050000000000096,0.0100000000000051,0.0099999999999909,0.0150000000000005,0.0049999999999954,0.0100000000000051,0.0099999999999909,0.0150000000000005,0.0150000000000005,0.0150000000000005,0.0250000000000056,0.0150000000000005,0.014,0.0139999999999999,0.0,-0.0013,0.0119,0.0080999999999999,-0.0017999999999998,-0.0087000000000001,-0.002,-0.0049999999999999,-0.008,0.2354754258419956,0.2279817614590832,0.1669741110616361,-0.2028397565922893,0.1526306338660457
2016-06-15,2016-06-15 14:00:00,1,0,0.0,-0.0300000000000011,0.0,-0.0100000000000051,-0.0300000000000011,-0.0250000000000056,-0.0349999999999965,-0.0349999999999965,-0.0350000000000108,-0.0449999999999874,-0.0499999999999971,-0.0550000000000068,-0.0549999999999926,-0.0550000000000068,-0.0499999999999971,-0.0499999999999971,-0.01,-0.0519999999999999,-0.0050999999999999,-0.0179,-0.0523,-0.0435,-0.0221999999999999,-0.0037000000000002,-0.0489999999999999,-0.028,-0.006,-0.044661723462306,-0.0480249729859526,-0.3382960644715199,0.3824261828530745,-0.3020862833947015
2016-07-27,2016-07-27 14:00:00,0,0,-0.0100000000000051,0.0066666666666939,-0.0049999999999954,-0.0100000000000051,-0.0049999999999954,0.0049999999999954,-0.0049999999999954,0.0024999999999977,0.0050000000000096,0.0049999999999954,0.0049999999999954,0.0049999999999954,0.0049999999999954,0.0049999999999954,0.0,0.0049999999999954,0.011,0.002,-0.0075999999999999,-0.0025,0.004,-0.0065000000000001,-0.012,-0.0119000000000002,-0.011,-0.0159999999999999,-0.016,0.2130181342661004,0.2084539664157498,0.0318746401250369,-0.0636421492863119,0.0662439670672784
2016-09-21,2016-09-21 14:00:00,1,0,-0.04166666666662867,-0.02916666666665535,-0.0124999999999886,-0.0400000000000062,-0.0299999999999869,-0.019999999999996,-0.0150000000000005,-0.0049999999999954,-0.0249999999999914,-0.0250000000000056,-0.0250000000000056,-0.0299999999999869,-0.0400000000000062,-0.0349999999999965,-0.0400000000000062,-0.0350000000000108,-0.017,-0.0289999999999999,-0.0368499999999999,-0.0228999999999999,-0.0365999999999999,-0.0425999999999999,-0.0346999999999999,-0.0310000000000001,-0.045,-0.04,-0.032,0.2948930312857107,0.2927057721578269,-0.2170238517560134,0.1881383264647904,-0.3569303985722778
2016-11-02,2016-11-02 14:00:00,0,0,-0.005357142857137928,0.004411764705878294,-0.0049999999999954,0.0,0.0,0.0,0.0050000000000096,0.0,0.0050000000000096,0.0049999999999954,0.0050000000000096,0.0049999999999954,0.0049999999999954,0.0049999999999954,0.0049999999999954,0.0050000000000096,0.006,0.004,0.0,0.0,0.004,0.0015999999999998,0.0035,0.0055,0.002,0.003,0.0079999999999998,0.0419083540493782,0.0477554918815663,0.0339064900104301,-0.0270172910662794,0.0096786682152585
2016-12-14,2016-12-14 14:00:00,1,0,0.0,0.005185185185195141,0.0,-0.0050000000000096,0.0050000000000096,0.0100000000000051,0.0150000000000005,0.0250000000000056,0.0,0.019999999999996,0.0550000000000068,0.0799999999999983,0.0900000000000034,0.0999999999999943,0.0999999999999943,0.1049999999999897,-0.01,-0.01,0.0050999999999999,0.0077,0.0607999999999999,0.0817999999999998,0.0604,0.0266999999999999,0.104,0.076,0.0329999999999999,-0.2470059880239377,-0.2641135688345988,0.6089711852658629,-0.6013907160308176,0.7973652279424526
2017-02-01,2017-02-01 14:00:00,0,0,-0.005185185185180415,-0.02420138888889433,-0.0049999999999954,-0.0150000000000005,-0.0250000000000056,-0.019999999999996,-0.019999999999996,-0.0225000000000079,-0.0150000000000005,-0.0150000000000005,-0.0249999999999914,-0.0250000000000056,-0.0300000000000011,-0.0300000000000011,-0.0249999999999914,-0.0300000000000011,-0.0169999999999999,-0.0230000000000001,-0.0050999999999999,-0.0050999999999999,-0.0239,-0.0230999999999999,-0.0074,0.0058000000000002,-0.031,-0.011,0.004,0.150621588508839,0.1429671175629605,-0.1195514071050431,0.0930578820025953,-0.1233480176211458
2017-03-15,2017-03-15 14:00:00,1,0,0.0,0.0,0.0,0.0,0.0,-0.019999999999996,-0.0300000000000011,-0.0349999999999965,-0.0349999999999965,-0.0500000000000113,-0.0649999999999977,-0.0750000000000028,-0.0799999999999983,-0.0850000000000079,-0.0900000000000034,-0.1000000000000085,-0.0170000000000001,-0.028,-0.0050999999999999,-0.0256,-0.0609999999999999,-0.0721000000000002,-0.0436,-0.0140000000000002,-0.074,-0.0484999999999998,-0.02,0.2796307526446951,0.2947678703021371,-0.4139970428782668,0.3665758059968055,-0.5064175325242279
2017-05-03,2017-05-03 14:00:00,0,0,-0.002767857142854597,0.01179687499998915,-0.0024999999999977,0.0049999999999954,0.0150000000000005,0.0049999999999954,0.0099999999999909,0.0150000000000005,0.0150000000000005,0.0150000000000005,0.0150000000000005,0.0150000000000005,0.019999999999996,0.0250000000000056,0.0250000000000056,0.0249999999999914,0.0109999999999998,0.0164999999999999,-0.0050999999999999,0.0128,0.018,0.0229999999999999,0.0179999999999997,0.0125999999999999,0.021,0.0179999999999999,0.0109999999999998,0.0404895671182818,0.0315159155373463,0.1211044727918663,-0.109930377427617,0.1601423487544418
2017-06-14,2017-06-14 14:00:00,1,0,0.01875000000000956,0.0150000000000005,0.0100000000000051,0.0200000000000102,0.0150000000000005,0.0150000000000005,0.0149999999999863,0.0249999999999914,0.0099999999999909,0.0150000000000005,0.019999999999996,0.0200000000000102,0.0250000000000056,0.0250000000000056,0.0249999999999914,0.0300000000000011,-0.012,0.0,0.0025499999999999,0.0102999999999999,0.0283999999999999,0.0230999999999999,0.0095500000000003,0.0007999999999999,0.03,0.0185,0.008,-0.0340321542353601,-0.0410088168956325,0.1668514814546147,-0.1596877217885046,0.1924310455420214
2017-07-26,2017-07-26 14:00:00,0,0,-0.0049999999999954,-0.005000000000038002,-0.0024999999999977,-0.0049999999999954,-0.0050000000000096,-0.0100000000000051,-0.0150000000000005,-0.0100000000000051,-0.0049999999999954,-0.0150000000000005,-0.0174999999999982,-0.0150000000000005,-0.0200000000000102,-0.019999999999996,-0.0249999999999914,-0.0200000000000102,-0.0109999999999998,0.0,-0.0050999999999998,-0.0064499999999998,-0.0159,-0.0249999999999999,-0.0161000000000002,-0.0031999999999996,-0.03,-0.02,-0.01,0.0185605113017388,0.0100989699050696,-0.3794360538650391,0.4205647583898296,-0.4018574745490291
2017-09-20,2017-09-20 14:00:00,1,0,0.0,0.0,0.0,0.0,0.0,0.0200000000000102,0.0349999999999965,0.0349999999999965,0.0350000000000108,0.0450000000000017,0.0550000000000068,0.0600000000000022,0.0649999999999977,0.0699999999999931,0.0700000000000073,0.0699999999999931,0.0170000000000001,0.0010000000000001,0.0050999999999998,0.0153,0.0450999999999999,0.0551000000000001,0.0336000000000002,0.0102000000000002,0.066,0.0449999999999999,0.017,-0.1498373935077157,-0.2995207667731629,0.7496644515009631,-0.7828114590273213,0.6824712643678207
2017-11-01,2017-11-01 14:00:00,0,0,-0.002586206896549345,0.001867816091952305,-0.0024999999999977,0.0,-0.0049999999999954,-0.0050000000000096,0.0,0.0,0.0,0.0049999999999954,0.0,0.0050000000000096,0.0049999999999954,0.0,0.0050000000000096,0.0049999999999954,0.0009999999999998,0.0004999999999999,-0.0025000000000001,0.0026000000000001,0.0038999999999997,0.0049999999999998,0.0081500000000001,0.0064000000000001,0.004,0.004,0.004,0.0880705184909284,0.0874040982810527,0.0728608990401396,-0.0601943417318896,0.1228932584269667
2017-12-13,2017-12-13 14:00:00,1,0,0.004305555555551594,0.0049999999999954,0.0024999999999977,0.0,0.0049999999999954,0.0,-0.0049999999999954,-0.0050000000000096,-0.0049999999999954,-0.0049999999999954,-0.0100000000000051,-0.0125000000000028,-0.0150000000000005,-0.0099999999999909,-0.0150000000000005,-0.0100000000000051,-0.006,-0.0109999999999998,-0.0050999999999998,-0.0050999999999998,-0.0121999999999999,-0.0184000000000001,-0.0125000000000001,-0.0054000000000002,-0.016,-0.011,-0.005,0.0699413467740814,0.0749906261717285,-0.1460383110722627,0.1528532608695672,-0.1769911504424804
2018-01-31,2018-01-31 14:00:00,0,0,-0.0074999999999931,0.01574999999998551,0.0025,-0.0074999999999931,0.0,0.0,0.0049999999999954,0.0099999999999909,0.0,0.0,0.0049999999999954,0.0049999999999954,0.0050000000000096,0.0100000000000051,0.0150000000000005,0.0200000000000102,0.006,0.0049999999999998,0.0,0.0,0.0080999999999997,0.0150999999999998,0.0169000000000001,0.0057,0.0129999999999999,0.014,0.003,-0.0917202585132925,-0.1590106007067137,0.1520336605890687,-0.1610565308423258,0.1098096632503702
2018-03-21,2018-03-21 14:00:00,1,0,0.0,-0.005344827586217158,0.0,0.0,-0.0050000000000096,-0.0049999999999954,-0.0049999999999954,-0.0099999999999909,-0.0099999999999909,-0.0099999999999909,-0.0050000000000096,0.0,0.0050000000000096,0.0099999999999909,0.0100000000000051,0.0250000000000056,-0.006,-0.0049999999999998,0.0,0.0,-0.0081999999999999,0.0152999999999998,0.024,0.0247000000000001,0.012,0.0229999999999999,0.0229999999999999,0.3566115300725974,0.3572737266397948,-0.2296809986130303,0.3096227491240956,0.122329914369069
2018-05-02,2018-05-02 14:00:00,0,0,-0.002672413793100989,0.002043610547665462,-0.0024999999999977,0.0,-0.0049999999999954,-0.0049999999999954,-0.0049999999999954,-0.0049999999999954,-0.0049999999999954,-0.0100000000000051,-0.0100000000000051,-0.0100000000000051,-0.0150000000000005,-0.0150000000000005,-0.0174999999999982,-0.0150000000000005,-0.0070000000000001,-0.0099999999999997,-0.0050999999999998,-0.0051999999999998,-0.0160999999999997,-0.0185999999999997,-0.0112,-0.0041000000000002,-0.022,-0.015,-0.0039999999999998,0.159868485547747,0.1603924898575337,-0.3518238722210159,0.4011700793982564,-0.2092621235556271
2018-06-13,2018-06-13 14:00:00,1,0,-0.004411764705903353,-0.005019607843131802,-0.0025000000000119,-0.0050000000000096,-0.0049999999999954,0.0,0.0099999999999909,0.0050000000000096,0.0024999999999977,0.0150000000000005,0.0249999999999914,0.0349999999999965,0.039999999999992,0.0400000000000062,0.0449999999999874,0.0450000000000017,0.0149999999999996,0.0249999999999999,0.0025999999999999,0.0051000000000001,0.0410999999999996,0.0408000000000003,0.0348999999999999,0.0208999999999996,0.039,0.0379999999999999,0.024,-0.1388315904647411,-0.161449457350435,0.3344874754210507,-0.3392993468487576,0.3170002717145263
2018-08-01,2018-08-01 14:00:00,0,0,-0.002583333333330957,0.0,-0.0024999999999977,-0.0049999999999954,0.0,0.0,-0.0049999999999954,0.0,0.0,-0.0049999999999954,-0.0050000000000096,-0.0049999999999954,-0.0049999999999954,-0.0049999999999954,-0.0049999999999954,-0.0099999999999909,-0.0075000000000002,-0.0070000000000001,0.0,0.0025999999999997,0.0,-0.0034,-0.0056000000000002,-0.0048999999999996,-0.001,-0.004,-0.004,0.0174309609439677,0.026683269589967,-0.07501875468867,0.0514271020827919,-0.1880540879376806
2018-09-26,2018-09-26 14:00:00,1,0,0.0100000000000051,0.0100000000000051,0.0,0.0100000000000051,0.0100000000000051,0.0099999999999909,0.0150000000000005,0.0050000000000096,0.0049999999999954,-0.0050000000000096,-0.0050000000000096,-0.0100000000000051,-0.0050000000000096,-0.0049999999999954,-0.0100000000000051,-0.0099999999999909,0.0089999999999998,-0.0009999999999998,0.0077000000000002,0.0,-0.0080999999999997,-0.0050999999999996,-0.0019,0.0032999999999998,-0.005,-0.002,0.004,0.2213600470774931,0.230552472034839,-0.0329230344417484,0.03399048266485,0.0088550429469502
2018-11-08,2018-11-08 14:00:00,0,0,0.006818181818175544,-0.01079545454544461,0.0049999999999954,0.0,0.0,0.0,0.0,0.0049999999999954,0.0049999999999954,0.0074999999999931,0.0099999999999909,0.0099999999999909,0.0099999999999909,0.0100000000000051,0.0150000000000005,0.0100000000000051,0.004,0.0044999999999997,-0.0005999999999999,-0.0007000000000001,0.0041999999999999,0.0068999999999999,0.0073999999999996,0.0021500000000003,0.0070000000000001,0.0070000000000001,0.002,0.0985646632314548,0.0980130089993762,0.1794940964080448,-0.201736689764053,0.0790236192817661
2018-12-19,2018-12-19 14:00:00,1,0,0.02583333333334651,0.019999999999996,0.0100000000000051,0.0250000000000056,0.019999999999996,0.0249999999999914,0.0349999999999965,0.0349999999999965,0.0349999999999965,0.0275000000000034,0.0150000000000005,0.0150000000000005,0.0,-0.0100000000000051,-0.0150000000000005,-0.0200000000000102,0.0219999999999997,0.0049999999999998,0.0026000000000001,0.0103999999999997,-0.0030999999999998,-0.0118,-0.0250000000000003,-0.0301999999999997,0.0210000000000001,0.0,-0.0119999999999997,-0.901182911938785,-0.9135970453882788,0.3062438570172182,-0.3762029746281689,0.1246882793017461
2019-01-30,2019-01-30 14:00:00,0,0,0.0,0.0,-0.0024999999999977,0.0,0.0,-0.0049999999999954,-0.0150000000000005,-0.0150000000000005,-0.0049999999999954,-0.0249999999999914,-0.0349999999999965,-0.0350000000000108,-0.0400000000000062,-0.0450000000000017,-0.0449999999999874,-0.0450000000000017,-0.024,-0.0330000000000003,-0.0026000000000001,-0.0142999999999999,-0.0383,-0.0335,-0.0179,0.0085000000000001,-0.047,-0.0365,-0.0049999999999998,0.7713464441549261,0.7805887331891281,-0.4608439073724674,0.4991243432574465,-0.3651300775901337
2019-03-20,2019-03-20 14:00:00,1,0,0.0,0.0,0.0,0.0,0.0,-0.0049999999999954,0.0,-0.0049999999999954,-0.0049999999999954,-0.0249999999999914,-0.0450000000000017,-0.0600000000000022,-0.0649999999999977,-0.0799999999999983,-0.0799999999999983,-0.0750000000000028,-0.0209999999999999,-0.0460000000000002,0.0,-0.0182000000000002,-0.0598999999999998,-0.0706999999999999,-0.0447999999999999,-0.0237999999999996,-0.089,-0.0635,-0.0369999999999999,0.5203954579799155,0.5134106399929185,-0.5404649138261632,0.5725863284002776,-0.5650224215246596
2019-05-01,2019-05-01 14:00:00,0,0,-0.02583333333333912,-0.009924242424260241,-0.0250000000000056,-0.0200000000000102,-0.0200000000000102,-0.0349999999999965,-0.0400000000000062,-0.0349999999999965,-0.0349999999999965,-0.039999999999992,-0.0499999999999971,-0.0450000000000017,-0.0549999999999926,-0.0550000000000068,-0.0500000000000113,-0.0450000000000017,-0.04,-0.0489999999999999,-0.0167000000000001,-0.0207999999999999,-0.0463,-0.0366000000000004,-0.0215,-0.0054000000000002,-0.0379999999999999,-0.0224999999999999,-0.0054999999999999,0.201235921120943,0.1865197117422636,-0.1325796505652525,0.1422601582644301,-0.0539762504498041
2019-06-19,2019-06-19 14:00:00,1,0,0.05454545454544363,-0.0300000000000011,0.019999999999996,0.0550000000000068,-0.0300000000000011,-0.0349999999999965,-0.0450000000000017,-0.0649999999999977,-0.0549999999999926,-0.0850000000000079,-0.1050000000000039,-0.1099999999999994,-0.1050000000000039,-0.0949999999999988,-0.0849999999999937,-0.0799999999999983,-0.0549999999999999,-0.0729999999999999,-0.0076999999999998,-0.0285999999999999,-0.0757000000000001,-0.0594999999999998,-0.0396999999999998,-0.0230999999999999,-0.0909999999999999,-0.073,-0.0459999999999999,0.2814384402719346,0.2313624678663239,-0.1817024596559014,0.1515286567430283,-0.1661129568106244
2019-07-31,2019-07-31 14:00:00,0,0,0.0375000000000085,0.04374999999996725,0.0,0.0375000000000085,0.039999999999992,0.0499999999999971,0.0450000000000017,0.0450000000000017,0.0349999999999965,0.0499999999999971,0.0349999999999965,0.0300000000000011,0.0249999999999914,0.0249999999999914,0.0150000000000005,0.0049999999999954,0.0390000000000001,0.028,0.0332999999999996,0.0310499999999995,0.0250000000000001,0.0017,-0.0103999999999997,-0.0238,-0.005,-0.0219999999999999,-0.0275,-0.1588939126050296,-0.1492661083008541,0.1732819603286259,-0.1886114603915925,0.1381469883956582
2019-09-18,2019-09-18 14:00:00,1,0,0.03437500000000425,0.0150000000000005,0.0137500000000017,0.0150000000000005,0.0150000000000005,0.0099999999999909,0.0100000000000051,0.0099999999999909,0.0400000000000062,0.0349999999999965,0.0349999999999965,0.0349999999999965,0.0300000000000011,0.0349999999999965,0.0349999999999965,0.0300000000000011,0.02,0.0229999999999999,0.0077500000000001,0.0142999999999999,0.0411000000000001,0.0283999999999999,0.0200499999999999,0.0079000000000002,0.032,0.0274999999999999,0.012,-0.3700501412099333,-0.392156862745098,0.2644937487919808,-0.307219662058378,0.1571600258851823
2019-10-04,2019-10-04 11:00:00,0,1,0.0,0.0,0.0,0.0,0.0049999999999954,0.0049999999999954,0.0100000000000051,0.0050000000000096,0.0049999999999954,0.0049999999999954,0.0099999999999909,0.0050000000000096,0.0150000000000005,0.0049999999999954,0.0049999999999954,0.0049999999999954,0.0075,0.01,-0.0012999999999998,0.0025999999999999,0.012,0.0047999999999999,0.0034,0.0026999999999999,0.007,0.003,0.002,0.2109286329636694,0.2137300162434812,-0.0252908447142048,0.0182099608485821,-0.0374146478346198
2019-10-30,2019-10-30 14:00:00,0,0,-0.0099999999999909,0.0210000000000029,0.0,-0.0099999999999909,0.0100000000000051,0.0150000000000005,0.0100000000000051,0.0150000000000005,0.0150000000000005,0.0150000000000005,0.019999999999996,0.019999999999996,0.019999999999996,0.0150000000000005,0.0150000000000005,0.0150000000000005,0.02,0.0025000000000001,-0.0484999999999999,0.0026000000000001,0.016,0.0114,-0.0034999999999998,-0.0101999999999997,0.02,0.0045,-0.004,0.1417775608983991,0.1278350515463917,0.0603778218956563,-0.0629609642021877,0.0642732531448052
2019-12-11,2019-12-11 14:00:00,1,0,0.0,0.0,0.0,0.0,0.0,0.0,-0.0025000000000119,0.0049999999999954,0.0024999999999977,-0.0049999999999954,-0.0049999999999954,-0.0049999999999954,-0.0049999999999954,-0.0049999999999954,-0.0099999999999909,-0.0049999999999954,-0.0089999999999998,-0.002,0.0102000000000002,-0.0026000000000001,-0.0080999999999999,-0.0074500000000001,-0.0016999999999998,0.0034999999999998,-0.009,-0.001,0.004,0.1684452313729162,0.1674641148325359,-0.1006346141997483,0.1351594881960765,-0.0551977920883185
2020-01-29,2020-01-29 14:00:00,0,0,0.0100000000000051,0.0049999999999954,0.0,0.0100000000000051,0.0049999999999954,0.0049999999999954,0.0049999999999954,0.0049999999999954,0.0050000000000096,0.0049999999999954,0.0050000000000096,0.0050000000000096,0.0,0.0,-0.0049999999999954,0.0,-0.0010000000000001,0.0029999999999998,-0.0025999999999999,0.0,0.002,-0.0033,-0.0085999999999999,-0.0053999999999998,0.0,-0.0039999999999999,-0.0025,0.0224984190300212,0.0152079689757432,-0.0203834119793271,0.0272603362108102,0.0366333913362086
2020-03-03,2020-03-03 10:00:00,0,1,-0.2601785714285708,-0.164999999999992,-0.2349999999999994,-0.1700000000000017,-0.164999999999992,-0.1474999999999937,-0.1500000000000056,-0.1299999999999954,-0.1700000000000017,-0.1400000000000005,-0.1200000000000045,-0.1099999999999994,-0.0900000000000034,-0.0849999999999937,-0.0800000000000125,-0.0700000000000073,-0.1329999999999999,-0.1029999999999999,-0.1431,-0.0947,-0.1008,-0.0556999999999999,-0.0325999999999999,-0.0165999999999999,-0.1089999999999999,-0.0769999999999999,-0.042,0.6165115612210341,0.6278538812785388,-0.4748571838815153,0.6830846665468319,-0.297204420915768
2020-03-15,2020-03-15 17:00:00,0,1,-0.193749999999989,-0.0450000000000017,-0.0999999999999943,-0.0700000000000073,-0.0450000000000017,-0.0499999999999971,-0.039999999999992,-0.0349999999999965,-0.275000000000005,-0.170000000000001,-0.120000000000004,-0.120000000000004,-0.109999999999999,-0.115000000000009,-0.105000000000003,-0.120000000000004,-0.0419999999999999,-0.0749999999999999,0.0,-0.00259999999999999,-0.002,-0.0221999999999999,-0.0129,-0.00919999999999987,-0.031,-0.003,-0.0095,-8.00584281930786,-2.56674473067915,-2.56674473067915,0.801440792435831,-1.10134197130957
2020-03-19,2020-03-19 09:00:00,0,1,0.01291666666665478,0.0100000000000051,0.0049999999999954,0.0100000000000051,0.0100000000000051,0.0024999999999977,0.0049999999999954,0.0,-0.0600000000000022,-0.0500000000000113,-0.0349999999999965,-0.0249999999999914,-0.0250000000000056,-0.0300000000000011,-0.0400000000000062,-0.0300000000000011,-0.0055,-0.0159999999999999,0.0012999999999999,-0.0303999999999999,-0.026,-0.031,-0.0228999999999999,-0.0159500000000001,-0.035,-0.0479999999999999,-0.006,-0.333597431299779,0.2205650666946749,-0.2596639067169669,0.2879702740362174,0.0820643749430139
2020-03-23,2020-03-23 08:00:00,0,1,-0.009687499999991087,-0.0099999999999909,-0.0024999999999977,-0.0099999999999909,-0.0099999999999909,-0.0050000000000096,-0.0049999999999954,0.0,-0.0450000000000017,-0.0375000000000085,-0.0400000000000062,-0.0350000000000108,-0.0349999999999965,-0.0349999999999965,-0.0400000000000062,-0.039999999999992,-0.002,-0.0035,0.0,0.0075999999999999,-0.0241,-0.0525999999999999,-0.0886,-0.1055999999999999,-0.046,-0.091,-0.107,0.0,6.305084745762712,-0.9213227353653698,0.9836987071388588,-0.6494677972217201
2020-03-31,2020-03-31 08:30:00,0,1,-0.0024999999999977,0.0,0.0,-0.0024999999999977,0.0,0.0049999999999954,-0.0049999999999954,0.0049999999999954,-0.019999999999996,-0.0049999999999954,-0.0049999999999954,-0.0099999999999909,0.0,-0.0049999999999954,0.0,0.0,-0.004,-0.016,-0.0356,0.0049999999999999,-0.002,-0.0015999999999999,0.0015999999999999,0.0011000000000001,-0.01,0.002,-0.0279999999999999,-0.4503835684236547,0.1647765823398274,-0.1623881075771012,0.1826150474799125,-0.1658527596056452
2020-04-29,2020-04-29 14:00:00,0,0,-0.0300000000000011,-0.02250000000000785,-0.0024999999999977,-0.0300000000000011,-0.0250000000000056,-0.019999999999996,-0.0099999999999909,-0.0150000000000005,-0.0049999999999954,-0.0100000000000051,-0.0099999999999909,0.0,0.0,0.0050000000000096,0.0,0.0049999999999954,-0.0109999999999999,-0.0044999999999999,-0.0076999999999999,-0.0076,0.002,0.0126999999999999,0.0158,0.0175,0.012,0.015,0.01,-0.1991229754273302,-0.2044118899582659,-0.130422569123957,0.1381215469613107,-0.1405152224824409
2020-06-10,2020-06-10 14:00:00,1,0,0.0,0.0,0.0,-0.0050000000000096,0.0,0.0,-0.0050000000000096,0.0,0.0,-0.0050000000000096,-0.0049999999999954,-0.0049999999999954,-0.0150000000000005,-0.0150000000000005,-0.019999999999996,-0.0150000000000005,-0.0025,-0.027,-0.0025,-0.0050999999999999,-0.0098999999999999,-0.0175,-0.0057499999999999,0.0149999999999999,-0.028,-0.017,0.006,0.5665474647469392,0.5547308383467459,-0.3173447091873818,0.3782547501759298,-0.1398471005034548
2020-07-29,2020-07-29 14:00:00,0,0,0.0,0.0,0.0,0.0,0.0,0.0,0.0050000000000096,0.0,-0.0049999999999954,-0.0100000000000051,-0.0050000000000096,-0.0050000000000096,0.0,-0.0049999999999954,-0.0049999999999954,-0.0049999999999954,-0.0039999999999999,-0.004,-0.0075999999999999,-0.0051,-0.0029499999999999,-0.00945,-0.0098,-0.0059499999999999,0.0029999999999998,-0.001,0.0049999999999999,0.0746448980596859,0.077154540544711,-0.04070897900809,0.0084839229659785,-0.0761904761904745
2020-08-27,2020-08-27 09:10:00,0,1,0.0,0.0,0.0,0.0,-0.0050000000000096,0.0,-0.0049999999999954,0.0,0.0,-0.0049999999999954,0.0,0.0,0.0,-0.0024999999999977,-0.0050000000000096,-0.0049999999999954,-0.002,0.01,-0.0026,0.0,-0.003,-0.0047999999999999,-0.0098,-0.0102999999999999,0.0139999999999997,0.0070000000000001,0.004,0.1785134230020736,0.2374271530325922,-0.2767279344466957,0.2956830277942096,-0.226265673611761
2020-09-16,2020-09-16 14:00:00,1,0,0.0,-0.005999999999994479,0.0,0.0,-0.0049999999999954,0.0,-0.0049999999999954,-0.0050000000000096,0.0,-0.0049999999999954,0.0,0.0,0.0,-0.0049999999999954,0.0,0.0,0.0,-0.016,-0.0075999999999999,-0.0025,-0.002,0.0007999999999999,0.0098,0.0181,-0.006,0.004,0.0119999999999999,0.4220016023148359,0.4328051643192488,-0.0719911461635091,0.0591916117030207,-0.1142530705512754
2020-11-05,2020-11-05 14:00:00,0,0,0.00299999999999724,-0.003199999999997056,0.0024999999999977,0.0,-0.0049999999999954,0.0,0.0,0.0,0.0,0.0,0.0049999999999954,0.0,-0.0050000000000096,0.0,0.0049999999999954,0.0,-0.0185,-0.002,-0.0025,-0.0049999999999999,-0.004,0.0015999999999999,0.0032999999999999,0.002,0.0110000000000001,0.0104999999999999,0.007,0.0203197158081746,0.0213538330130258,-0.0604001510003746,0.0592467202708356,-0.0482206577297687
2020-12-16,2020-12-16 14:00:00,1,0,-0.005166666666661913,0.0,-0.0024999999999977,0.0,0.0,0.0,-0.0050000000000096,0.0,0.0,0.0,0.0049999999999954,0.0,0.0049999999999954,0.0049999999999954,0.0050000000000096,0.0099999999999909,-0.0129999999999999,0.003,0.0025,0.0,0.002,0.0151999999999999,0.0282,0.0294999999999998,0.0109999999999998,0.0270000000000001,0.026,-0.1654805425166114,-0.1690102758247701,0.2765486725663716,-0.295712173484479,0.221900627110458
2021-01-27,2021-01-27 14:00:00,0,0,0.0,0.01107142857141839,0.0025,0.0,0.0049999999999954,0.0049999999999954,0.0049999999999954,0.0049999999999954,0.0,0.0050000000000096,0.0,0.0049999999999954,0.0050000000000096,0.0,0.0,0.0,0.002,0.002,-0.0051,0.0,-0.0018999999999999,-0.0032,-0.0017,-0.0006999999999999,-0.002,0.0,0.0,-0.319595056437165,-0.3107848971764861,0.0557943233419137,-0.0495172072295068,0.0192122958693662
2021-03-17,2021-03-17 14:00:00,1,0,-0.01107142857144983,-0.0099999999999909,-0.0050000000000096,-0.0100000000000051,-0.0099999999999909,-0.0099999999999909,-0.0049999999999954,-0.0100000000000051,-0.0049999999999954,-0.0049999999999954,-0.0049999999999954,-0.0100000000000051,-0.0150000000000005,-0.0249999999999914,-0.0400000000000062,-0.0450000000000017,-0.006,-0.0139999999999999,-0.0049999999999999,-0.0051,-0.0141,-0.0391,-0.0071000000000001,0.0123999999999995,-0.068,-0.048,-0.0119999999999999,0.5102390160400657,0.5326907223032532,-0.4002001000500196,0.4366078925272771,-0.2562225475841884
2021-04-28,2021-04-28 14:00:00,0,0,-0.0100000000000051,-0.004642857142866958,0.0,-0.0100000000000051,-0.0075000000000073,-0.0100000000000051,-0.0049999999999954,-0.0049999999999954,-0.0099999999999909,-0.0024999999999977,-0.0049999999999954,-0.0049999999999954,0.0,0.0,-0.0049999999999954,0.0,-0.0059999999999999,-0.0035,-0.0024999999999999,-0.0024999999999999,-0.0039,-0.0047999999999999,-0.0036,-0.0070000000000001,-0.0010000000000001,-0.002,-0.0069999999999999,0.0540965928700052,0.0718046912398276,-0.1111049997249866,0.148969626748326,-0.0550863018729363
2021-06-16,2021-06-16 14:00:00,1,0,0.02678571428572029,0.0124999999999886,0.0125000000000028,0.019999999999996,0.0124999999999886,0.0049999999999954,0.0100000000000051,0.0100000000000051,0.0100000000000051,0.019999999999996,0.0150000000000005,0.0300000000000011,0.0400000000000062,0.0600000000000022,0.0700000000000073,0.0850000000000079,0.0124999999999999,0.0259999999999999,0.0254,0.0178,0.0259999999999999,0.0758999999999999,0.0558999999999998,0.0285999999999999,0.1320000000000001,0.0999999999999999,0.0569999999999999,-0.4938084920884233,-0.4962485969161694,0.4461278531753441,-0.6025588113908448,0.427622600309343
2021-07-28,2021-07-28 14:00:00,0,0,0.0,0.0,0.0,0.0,0.0,-0.0050000000000096,-0.0049999999999954,0.0,-0.0050000000000096,0.0,0.0,0.0049999999999954,0.0150000000000005,0.0249999999999914,0.0249999999999914,0.0349999999999965,-0.007,0.0114999999999999,-0.005,0.0025,0.0029,0.0191999999999999,0.0033,-0.0098,0.0229999999999999,0.0050000000000001,-0.008,0.1848142929118885,0.1937101185050136,0.0162135869858947,-0.0338610005925637,0.0363339086202125
2021-09-22,2021-09-22 14:00:00,1,0,0.0,0.0,0.0,0.0,0.0,0.0,0.0,0.0,0.0049999999999954,0.0050000000000096,0.0049999999999954,0.0,-0.0049999999999954,0.0,0.0,0.0099999999999909,0.0,-0.0005,0.005,0.0025,0.002,0.0015999999999999,-0.0033999999999998,-0.0067000000000001,0.01,0.004,0.001,0.3580193839973929,0.3992015968063872,-0.1576813335335695,0.1620330888623582,-0.0182415176942685
2021-11-03,2021-11-03 14:00:00,0,0,0.002777777777775222,-0.01229166666665536,0.0024999999999977,-0.0049999999999954,0.0,0.0,0.0,0.0049999999999954,0.0,0.0,0.0100000000000051,0.0050000000000096,0.0050000000000096,0.0100000000000051,0.0150000000000005,0.019999999999996,0.0025,0.009,0.0,0.00125,0.0059,0.0177999999999998,0.0281,0.0464,-0.03,-0.018,0.017,0.2344224751466793,0.2328856152512998,0.0010631059704082,0.0172666839333487,0.1052539250942815
2021-12-15,2021-12-15 14:00:00,1,0,0.0,-0.0100000000000051,0.0,-0.0050000000000096,-0.0100000000000051,0.0100000000000051,0.0249999999999914,0.0300000000000011,0.0300000000000011,0.0449999999999874,0.0450000000000017,0.0499999999999971,0.0549999999999926,0.0600000000000022,0.0499999999999971,0.039999999999992,0.014,0.043,0.005,0.0075999999999999,0.0282999999999999,0.0293999999999998,0.0136,0.002,0.0289999999999999,0.0159999999999999,0.004,0.623852973029052,0.5998702983138781,0.1345254356554593,-0.1554519209415872,0.2018429135585818
2022-01-26,2022-01-26 14:00:00,0,0,-0.0050000000000096,-0.004999999999980253,-0.0024999999999977,-0.0050000000000096,-0.0049999999999954,0.0,-0.0100000000000051,-0.0049999999999954,-0.0049999999999954,-0.0100000000000051,-0.0099999999999909,-0.0050000000000096,-0.0049999999999954,0.0074999999999931,0.0125000000000028,0.0150000000000005,-0.009,0.002,-0.0076,0.00125,-0.0019,0.0114,0.0141999999999999,0.0102999999999999,0.0,0.004,0.0019999999999999,-0.2405466413943838,-0.2436398662813757,0.0083266546624015,-0.0088558271342533,0.0087481410200252
2022-03-16,2022-03-16 14:00:00,1,0,-0.02066666666667721,0.00306172839506329,-0.0100000000000051,-0.019999999999996,0.0,0.019999999999996,0.0450000000000017,0.0649999999999977,0.0649999999999977,0.1099999999999994,0.1399999999999863,0.1550000000000011,0.1600000000000108,0.1350000000000051,0.1150000000000091,0.102499999999992,0.0689999999999999,0.1060000000000001,0.0025999999999999,0.0141,0.1089999999999999,0.0708000000000002,0.044,0.0385999999999997,0.1279999999999999,0.0965,0.062,-0.7761717364030655,-0.7653504957383893,0.2162244277901522,-0.2093002093002064,0.2866054117845431
2022-05-04,2022-05-04 14:00:00,0,0,-0.0172222222222228,-0.0127777777777782,-0.0150000000000005,-0.0150000000000005,-0.0150000000000005,-0.019999999999996,-0.0300000000000011,-0.0349999999999965,-0.0249999999999914,-0.0349999999999965,-0.0450000000000017,-0.0499999999999971,-0.0499999999999971,-0.0499999999999971,-0.0499999999999971,-0.0549999999999926,-0.02,-0.0364999999999997,-0.0152999999999999,-0.03725,-0.0470000000000001,-0.0428000000000001,-0.0175999999999998,0.0034999999999998,-0.05,-0.015,0.002,-0.1497799882469395,-0.2152852529601722,-0.1411869373071984,0.1233513616092472,-0.1690747002766668
2022-06-15,2022-06-15 14:00:00,1,0,0.0449999999999874,0.0450000000000017,0.0224999999999937,0.039999999999992,0.0450000000000017,0.0500000000000113,0.0750000000000028,0.0949999999999988,0.0799999999999983,0.0799999999999983,0.0800000000000125,0.0649999999999977,0.0349999999999965,0.0349999999999965,0.0249999999999914,0.0300000000000011,0.076,0.0589999999999997,0.0511999999999999,0.0156,0.0504999999999999,0.0230000000000001,0.0154,-0.0026999999999999,0.033,0.0324999999999999,0.007,-0.1156504809044113,-0.1260281241708676,0.0910712252874335,-0.0769230769230898,0.1860119047619047
2022-07-27,2022-07-27 14:00:00,0,0,-0.0150000000000005,-0.01500000000000051,-0.0024999999999977,-0.0150000000000005,-0.0150000000000005,-0.0250000000000056,-0.0049999999999954,-0.0074999999999931,-0.0099999999999909,-0.0049999999999954,0.0050000000000096,0.0049999999999954,0.0050000000000096,0.0,0.0049999999999954,0.0049999999999954,-0.004,0.0035000000000002,0.0153999999999996,0.0390999999999999,0.0020000000000002,0.0,0.0018000000000002,0.0007999999999999,-0.002,-0.004,0.003,0.0615177137048561,0.0502891626854412,-0.1194587027531498,0.1184132622853629,-0.1748379106869739
2022-09-21,2022-09-21 14:00:00,1,0,-0.024999999999977,0.001785714285712643,-0.0074999999999931,-0.0350000000000108,0.0,0.039999999999992,0.0750000000000028,0.0999999999999943,0.0900000000000034,0.1199999999999903,0.1299999999999954,0.1149999999999948,0.1000000000000085,0.0849999999999937,0.0699999999999931,0.0649999999999977,0.0846499999999998,0.096,-0.0205999999999999,0.0553500000000002,0.0938999999999996,0.0443999999999999,0.0059,-0.0389500000000002,0.1149999999999999,0.048,0.0004999999999999,-1.340291581696079,-1.37891226269882,0.3993401422480216,-0.4249291784702531,0.2150836050787499
2022-11-02,2022-11-02 14:00:00,0,0,-0.005357142857137928,-0.04117647058822367,-0.0049999999999954,-0.0249999999999914,-0.039999999999992,-0.0649999999999977,-0.0649999999999977,-0.0699999999999931,-0.0499999999999971,-0.0699999999999931,-0.0799999999999983,-0.0949999999999988,-0.1099999999999994,-0.1049999999999897,-0.0949999999999988,-0.0850000000000079,-0.0650000000000003,-0.0829999999999993,-0.0259,-0.0596499999999995,-0.0872000000000001,-0.0771999999999994,-0.0350999999999999,0.0219999999999993,-0.119,-0.0555000000000001,0.0089999999999998,0.7192233272303648,0.7004345288280692,-0.5469486730432391,0.5662857720699818,-0.5441806679817583
2022-12-14,2022-12-14 14:00:00,1,0,-0.002279411764703694,0.03119553376906424,-0.0012499999999988,0.0,0.0300000000000011,0.0450000000000017,0.0649999999999977,0.0949999999999988,0.0150000000000005,0.0849999999999937,0.1199999999999903,0.1199999999999903,0.1100000000000136,0.0899999999999892,0.0799999999999983,0.0750000000000028,0.0807999999999999,0.0809999999999995,0.0311000000000003,0.0530999999999997,0.0857999999999998,0.0604,0.0273999999999996,-0.0178000000000002,0.09,0.0449999999999999,-0.0084999999999999,-1.143543688900805,-1.153964825671089,0.3650445682720259,-0.3275620028076798,0.5113004816598724
2023-02-01,2023-02-01 14:00:00,0,0,-0.007777777777770622,0.001790123456739566,-0.0074999999999931,-0.0050000000000096,0.0,0.0049999999999954,0.0100000000000051,0.0099999999999909,0.0150000000000005,0.0200000000000102,0.019999999999996,0.019999999999996,0.0200000000000102,0.0150000000000005,0.0049999999999954,0.0,0.0105000000000003,0.0125000000000001,0.0233999999999996,0.0,0.0196999999999993,0.0154999999999998,0.0165999999999999,0.0188000000000001,0.0110000000000001,0.0090000000000001,0.016,0.146056835213383,0.1351434363290128,0.0314320233382738,-0.0274901493631418,0.1081665765278423
2023-03-22,2023-03-22 14:00:00,1,0,0.02583333333330957,0.03044642857143234,0.0074999999999931,0.0349999999999965,0.0300000000000011,0.019999999999996,0.0049999999999954,-0.0275000000000034,-0.0100000000000051,-0.0649999999999977,-0.0799999999999983,-0.0949999999999988,-0.0999999999999943,-0.1099999999999994,-0.1050000000000039,-0.0949999999999988,-0.0449000000000001,-0.0819999999999998,-0.0207999999999994,-0.0427000000000008,-0.0840999999999994,-0.0554000000000001,-0.0150999999999998,0.0104000000000001,-0.0669999999999999,-0.0259999999999998,0.002,0.2722881203368439,0.2727498140342177,-0.4389474960591735,0.481704492820759,-0.460134268688229
2023-05-03,2023-05-03 14:00:00,0,0,0.01383928571428882,0.01601562499999822,0.0125000000000028,0.0150000000000005,0.0149999999999863,0.019999999999996,0.0150000000000005,0.0150000000000005,0.0150000000000005,0.0099999999999909,0.0100000000000051,0.0050000000000096,0.0,-0.0049999999999954,0.0,0.0,0.0119999999999995,0.0049999999999998,0.0053,0.0,0.0,0.0101999999999997,0.0188000000000001,0.0253999999999998,-0.052,0.0,0.006,0.1043324598616663,0.0903941183560323,-0.1064889221940562,0.1447963800905018,0.0443262411347324
2023-06-14,2023-06-14 14:00:00,1,0,-0.01875000000000956,0.0150000000000005,-0.0100000000000051,-0.0150000000000005,0.0150000000000005,0.0349999999999965,0.0600000000000022,0.0949999999999988,0.0024999999999977,0.0799999999999983,0.125,0.1349999999999909,0.1450000000000102,0.1299999999999954,0.1200000000000045,0.1099999999999994,0.088,0.1100000000000003,0.0025999999999992,0.0295000000000005,0.1177500000000009,0.0921000000000002,0.0485999999999999,0.0110000000000001,0.1019999999999998,0.054,0.012,-0.6907698832103765,-0.6741316270566727,0.4214193950247136,-0.3960578428663712,0.466284074605456
2023-07-26,2023-07-26 14:00:00,0,0,0.0,0.007499999999993099,0.0024999999999977,0.0,0.0024999999999977,-0.0049999999999954,0.0,0.0,0.0,0.0049999999999954,0.0150000000000005,0.0150000000000005,0.0049999999999954,0.0049999999999954,0.0050000000000096,0.0,0.0054000000000007,0.0045000000000001,-0.0051999999999994,-0.0106999999999999,0.0041999999999999,-0.0043999999999995,0.0,-0.0074,-0.0009999999999998,-0.0069999999999998,-0.01,0.0965869677838679,0.0872790748418066,-0.0207423796448122,0.018071744826961,-0.0071154119823473
2023-09-20,2023-09-20 14:00:00,1,0,0.0,0.02068965517242435,0.0,0.0,0.0200000000000102,0.0249999999999914,0.0299999999999869,0.0349999999999965,0.0349999999999965,0.0649999999999977,0.0899999999999892,0.1099999999999994,0.0949999999999988,0.0900000000000034,0.0649999999999977,0.0649999999999977,0.0547000000000004,0.0760000000000005,0.0026999999999999,0.0053,0.0652499999999998,0.0625,0.0300000000000002,0.0044000000000004,0.0859999999999998,0.05,0.0130000000000003,-0.1757797134026346,-0.1890989988876529,0.2997184174103879,-0.3262490678598115,0.277721330352907
2023-11-01,2023-11-01 14:00:00,0,0,-0.002586206896549345,-0.0153544061302787,-0.0024999999999977,-0.0100000000000051,-0.0099999999999909,-0.0150000000000005,-0.0150000000000005,-0.0099999999999909,-0.0150000000000005,-0.0150000000000005,-0.0100000000000051,-0.0150000000000005,-0.0100000000000051,-0.0100000000000051,-0.0100000000000051,-0.0100000000000051,-0.0133,-0.0119999999999995,-0.0012999999999996,-0.0053999999999998,-0.0146000000000006,-0.0123000000000006,-0.0041999999999999,0.0072499999999999,-0.0119999999999995,-0.0034999999999998,0.0049999999999998,0.0230450054702251,0.0059126116005439,-0.0018693510547902,-0.0094921689606275,0.0066168199563229
2023-12-13,2023-12-13 14:00:00,1,0,-0.004305555555551594,-0.0099999999999909,-0.0024999999999977,0.0,-0.0099999999999909,-0.0250000000000056,-0.0499999999999971,-0.0850000000000079,-0.0075000000000073,-0.0750000000000028,-0.125,-0.164999999999992,-0.1850000000000022,-0.1850000000000022,-0.1749999999999971,-0.1599999999999966,-0.0953999999999997,-0.1340000000000003,-0.0234999999999994,-0.0160999999999997,-0.1385000000000005,-0.1238999999999999,-0.0816999999999996,-0.0506999999999999,-0.1399999999999999,-0.0945,-0.0579999999999998,0.6327492681246669,0.6293706293706294,-0.7127251027459999,0.704486466444202,-0.9025768223783752
2024-01-31,2024-01-31 14:00:00,0,0,0.0012499999999988,0.03295454545455553,0.0,0.0012499999999988,0.0125000000000028,0.019999999999996,0.0249999999999914,0.0300000000000011,0.0250000000000056,0.019999999999996,0.0150000000000005,0.0150000000000005,0.0049999999999954,0.0099999999999909,0.0150000000000005,0.0,0.0215999999999993,0.0229999999999996,0.0039500000000005,0.0186999999999999,0.0144000000000001,0.0138000000000002,0.0112999999999998,0.0112999999999994,0.012,0.0089999999999998,0.0090000000000001,-0.3072182486617273,-0.3102746693794506,0.1307658032894914,-0.138274336283191,0.0887432589255208
2024-03-20,2024-03-20 14:00:00,1,0,0.0,0.0,0.0,0.0,0.0,-0.0100000000000051,-0.0150000000000005,-0.0249999999999914,-0.0200000000000102,-0.039999999999992,-0.0349999999999965,-0.0250000000000056,-0.0200000000000102,-0.0050000000000096,0.0,0.0049999999999954,-0.0241000000000006,-0.0179999999999997,0.0,-0.0133,-0.0276999999999993,-0.0036000000000004,0.0159000000000002,0.0321000000000006,-0.0380000000000002,-0.006,0.0100000000000002,0.245029126194819,0.2386634844868735,-0.0664061748118516,0.0736173737001851,0.059378504981199
2024-05-01,2024-05-01 14:00:00,0,0,0.0,0.0,0.0,0.0,0.0,0.0049999999999954,0.0049999999999954,0.0,0.0049999999999954,0.0,-0.0049999999999954,-0.0074999999999931,-0.0100000000000051,-0.0100000000000051,-0.0150000000000005,-0.0150000000000005,-0.0049000000000001,-0.0099999999999997,0.0,-0.0053999999999998,-0.0104000000000006,-0.016,-0.0083000000000001,0.0,-0.0180000000000002,-0.0139999999999997,-0.0029999999999996,0.1060884415349171,0.1187472168621047,-0.0499006694221853,0.0468120962456647,-0.0571029756995136
2024-06-12,2024-06-12 14:00:00,1,0,0.0,0.0100000000000051,0.0,0.0049999999999954,0.0100000000000051,0.0200000000000102,0.0200000000000102,0.0349999999999965,0.0049999999999954,0.019999999999996,0.0300000000000011,0.0250000000000056,0.0200000000000102,0.0300000000000011,0.0150000000000005,0.0100000000000051,0.0254000000000003,0.0270000000000001,-0.0052000000000003,0.008,0.0168000000000008,0.0122999999999997,0.0115999999999996,0.0129999999999999,0.012,0.012,0.012,0.0002762057069683,0.0045977011494252,0.11785108605046,-0.1014666543676875,0.2566076469078815
2024-07-31,2024-07-31 14:00:00,0,0,0.0,0.0124999999999885,0.0,0.0,0.0049999999999954,0.0099999999999909,0.0149999999999863,0.0150000000000005,0.0150000000000005,0.0200000000000102,0.019999999999996,0.019999999999996,0.019999999999996,0.0150000000000005,0.0099999999999909,0.0049999999999954,0.0154000000000005,0.0085000000000006,-0.0103999999999997,0.008,0.0102999999999999,0.0130499999999997,0.0134999999999996,0.0118999999999998,0.0110000000000001,0.0074999999999998,0.0070000000000001,0.2004930751939743,0.189078467564039,0.0383689365089946,-0.0369890882189713,0.0331367221154558
2024-09-18,2024-09-18 14:00:00,1,0,-0.1187499999999985,-0.1008152173913099,-0.0474999999999994,-0.1150000000000091,-0.1050000000000039,-0.1099999999999994,-0.1099999999999994,-0.1149999999999948,-0.1199999999999903,-0.1300000000000096,-0.1149999999999948,-0.0999999999999943,-0.0750000000000028,-0.0549999999999926,-0.0400000000000062,-0.0300000000000011,-0.1099499999999999,-0.0819999999999998,-0.1194000000000006,-0.0953999999999997,-0.0858000000000003,-0.0483000000000002,-0.0282,-0.0086999999999997,-0.0810000000000001,-0.05,-0.03,0.3753150535746249,0.3589629957899402,-0.455226175009163,0.4043489981130334,-0.761045733211179
2024-11-07,2024-11-07 14:00:00,0,0,0.0,0.01192307692309981,0.0,0.0050000000000096,0.0049999999999954,0.0100000000000051,0.0150000000000005,0.0099999999999909,0.0099999999999909,0.0150000000000005,0.0150000000000005,0.0150000000000005,0.0200000000000102,0.0150000000000005,0.0150000000000005,0.0150000000000005,0.0129999999999999,0.0169999999999999,0.006499999999999,0.0078999999999993,0.0125000000000001,0.0141,0.0058999999999995,-0.0009000000000005,0.0139999999999997,0.0069999999999998,-0.0020000000000002,0.0643225419060947,0.0125146003670949,0.0910048855254323,-0.0926011667747117,0.1111183737499101
2024-12-18,2024-12-18 14:00:00,1,0,-0.005961538461566838,0.0150000000000005,-0.0025000000000119,-0.0099999999999909,0.0150000000000005,0.0249999999999914,0.0374999999999943,0.0600000000000022,0.0499999999999971,0.0949999999999988,0.1200000000000045,0.1200000000000045,0.125,0.1200000000000045,0.1050000000000039,0.0949999999999988,0.0725000000000006,0.0940000000000003,0.0026000000000001,0.0316999999999998,0.0908000000000006,0.0887999999999999,0.0594000000000001,0.0274,0.0959999999999998,0.0649999999999999,0.0329999999999999,-0.7746611321551587,-0.7914262159934048,0.6028431766564264,-0.6387644198684268,0.4356873455585821
2025-01-29,2025-01-29 14:00:00,0,0,0.0049999999999954,0.0050000000000321,0.0,0.0049999999999954,0.0050000000000096,0.0200000000000102,0.0150000000000005,0.019999999999996,0.0250000000000056,0.0249999999999914,0.0250000000000056,0.0249999999999914,0.0250000000000056,0.0300000000000011,0.0300000000000011,0.0024999999999977,0.0200000000000004,0.024,0.0100009999999999,0.0120000000000004,0.0289999999999999,0.0299999999999993,0.0249999999999994,0.0130000000000007,0.0330000000000001,0.0219325000000001,0.0069054999999997,-0.3483221420942358,-0.354244758413313,0.1398705039969714,-0.1535508637236128,0.1482818644832633
2025-03-19,2025-03-19 14:00:00,1,0,0.0,-0.0064583333333274,0.0,0.0049999999999954,-0.0049999999999954,-0.0099999999999909,-0.0150000000000005,-0.0200000000000102,-0.0150000000000005,-0.0349999999999965,-0.0500000000000113,-0.0649999999999977,-0.0750000000000028,-0.0700000000000073,-0.0649999999999977,-0.0700000000000073,-0.0301,-0.0500000000000002,0.0,-0.0049980000000005,-0.0510000000000001,-0.0469999999999997,-0.0354999999999998,-0.0199999999999995,-0.0463819999999999,-0.0311679999999998,-0.0259999999999998,0.3737682938075916,0.3767563494525952,-0.2194903587897171,0.2116889093419207,-0.3734827264239044
2025-05-07,2025-05-07 14:00:00,0,0,0.0,-0.0062499999999943,0.0,-0.0024999999999977,0.0,-0.0099999999999909,-0.0100000000000051,-0.019999999999996,-0.0099999999999909,-0.0249999999999914,-0.0300000000000011,-0.0349999999999965,-0.0349999999999965,-0.0300000000000011,-0.0300000000000011,-0.0300000000000011,-0.0204999999999997,-0.0276999999999998,0.0019999999999997,-0.0039984999999997,-0.0310000000000001,-0.024,-0.016,-0.0129999999999999,-0.019031,-0.016512,-0.0124999999999997,-0.5906182325920577,-0.4880212954747116,-0.1164752188930834,0.0881600987393008,-0.2509060496236306
2025-06-18,2025-06-18 14:00:00,1,0,0.0062499999999943,0.0,0.0024999999999977,0.0049999999999954,0.0,-0.0100000000000051,-0.019999999999996,-0.0300000000000011,-0.019999999999996,-0.0400000000000062,-0.0349999999999965,-0.0300000000000011,-0.0150000000000005,-0.0100000000000051,-0.0049999999999954,0.0,-0.0249000000000005,-0.0179999999999997,0.005001,-0.0024999999999995,-0.024,-0.0070000000000001,0.0019999999999997,0.0119999999999995,-0.012321,0.0023850000000003,0.0078,-0.0615656845037707,-0.0666278004497376,-0.1245885034185773,0.139154635588802,-0.1243265644426072
2025-07-30,2025-07-30 14:00:00,0,0,0.0024999999999977,-0.0032692307692277,0.0,0.0024999999999977,0.0,-0.0050000000000096,-0.0050000000000096,-0.0099999999999909,-0.0050000000000096,-0.0049999999999954,-0.0099999999999909,-0.0200000000000102,-0.019999999999996,-0.0099999999999909,-0.0150000000000005,-0.0150000000000005,-0.0136999999999996,-0.0153000000000003,-0.0030000000000001,-0.0089994999999998,-0.0100000000000002,-0.0100000000000002,-0.0040000000000004,0.0019999999999997,-0.0084309999999998,-0.0058989999999998,0.0009749999999999,-0.0508876369660321,-0.0467380720545277,-0.0372151032970488,0.0348432055749284,-0.0604473100946839
2025-09-17,2025-09-17 14:00:00,1,0,0.011538461538451,-0.0349999999999965,0.0049999999999954,0.0099999999999909,-0.0349999999999965,-0.0400000000000062,-0.0450000000000017,-0.0550000000000068,-0.0549999999999926,-0.0600000000000022,-0.0649999999999977,-0.0499999999999971,-0.0499999999999971,-0.0450000000000017,-0.0449999999999874,-0.0400000000000062,-0.0503999999999997,-0.0514000000000001,-0.0115015,-0.0274995000000002,-0.0555000000000003,-0.056,-0.0459999999999998,-0.0359999999999995,-0.0423689999999998,-0.042138,-0.0391499999999997,-0.0529045989103741,-0.0833270206802515,-0.3339605864472048,0.3627467521511701,-0.3827489576925721
2025-10-29,2025-10-29 14:00:00,0,0,0.0249999999999914,0.0102380952381001,0.0,0.0249999999999914,0.0150000000000005,0.0100000000000051,0.0049999999999954,0.0,0.0150000000000005,0.0049999999999954,0.0,0.0,-0.0050000000000096,-0.0049999999999954,0.0,0.0,0.0027999999999996,-0.0009999999999998,0.0080040000000001,-0.0030009999999998,0.0070000000000001,0.0049999999999998,0.008,0.0095,0.0077340000000001,0.0099705000000001,0.0045000000000001,-0.0728383798890734,-0.0720772668300418,0.0769300847243247,-0.0600961538461662,0.0919359075387354
2025-12-10,2025-12-10 14:00:00,1,0,-0.0036904761904938,-0.0100000000000051,-0.0025000000000119,-0.0049999999999954,-0.0100000000000051,-0.0049999999999954,-0.0049999999999954,-0.0099999999999909,-0.0100000000000051,-0.0150000000000005,-0.0150000000000005,-0.0099999999999909,-0.0049999999999954,0.0,0.0,0.0,-0.008,-0.0053999999999998,-0.0209999999999999,-0.0289999999999999,-0.0220000000000002,-0.0139999999999997,-0.0019999999999997,0.0120000000000004,-0.0125589999999999,-0.0041170000000001,0.0117020000000001,0.2984758214847028,0.2994339967135293,-0.1121665319320836,0.1200892091267857,-0.0703189925206249
2026-01-28,2026-01-28 14:00:00,0,0,0.0,0.0,0.0,0.0,0.0,0.0050000000000096,0.0049999999999954,0.0049999999999954,0.0049999999999954,0.0,0.0099999999999909,0.0050000000000096,0.0099999999999909,0.0050000000000096,0.0099999999999909,-0.0024999999999977,0.0043999999999999,0.0029999999999996,-0.0459999999999998,0.0,0.0015,0.0030000000000001,0.0030000000000001,0.0040000000000004,-0.0003219999999999,0.0049994999999998,0.0001489999999999,-0.0089635549028494,-0.0178533171463257,0.0155213625686826,-0.0587248322147586,-0.0974468914441666
2026-03-18,2026-03-18 14:00:00,1,0,0.005961538461533,-0.0049999999999954,0.0024999999999977,0.0,-0.0049999999999954,-0.0049999999999954,0.0,-0.0049999999999954,0.0,-0.0099999999999909,-0.0150000000000005,-0.0150000000000005,-0.0150000000000005,-0.0150000000000005,-0.0150000000000005,-0.0149999999999863,-0.0092000000000003,-0.0111999999999996,-0.0014994999999999,0.0,-0.0089999999999998,-0.0090000000000003,-0.008,-0.0030000000000001,-0.008785,-0.000197,-0.0075009999999999,-0.0822127443993123,-0.0749147844327078,0.0370748912803782,-0.034740316136873,-0.0062727386777009
2026-04-29,2026-04-29 14:00:00,0,0,0.0024999999999977,-0.0032692307692277,0.0,0.0024999999999977,0.0,0.0049999999999954,0.0100000000000051,0.0100000000000051,0.0049999999999954,0.019999999999996,0.0300000000000011,0.0400000000000062,0.0300000000000011,0.0249999999999914,0.0250000000000056,0.0200000000000102,0.0190000000000001,0.024,0.0,0.0089994999999998,0.0209999999999999,0.0170000000000003,0.0120000000000004,0.0039999999999995,0.0274249999999998,0.018,-0.000493,-0.118834162506773,-0.1187524012434075,0.0546249089584871,-0.0513390947206431,0.0
2026-06-17,2026-06-17 14:00:00,1,0,0.0,0.0300000000000011,0.0,0.0,0.0300000000000011,0.0449999999999874,0.0600000000000022,0.0799999999999983,0.0700000000000073,0.1000000000000085,0.1050000000000039,0.0850000000000079,0.0699999999999931,0.0499999999999971,0.0450000000000017,0.0350000000000108,0.076,0.0706999999999999,0.0150040000000002,0.0400019999999998,0.0710000000000006,0.0464999999999999,0.024,0.0030000000000001,0.0511830000000002,0.0280719999999998,-0.0021775000000001,-0.302333543370451,-0.3228490597437177,0.319052874485801,-0.362225097024578,0.1435526151541566
2026-07-29,2026-07-29 14:00:00,0,0,-0.0649999999999977,-0.0649999999999977,-0.0049999999999954,-0.0649999999999977,-0.0649999999999977,-0.0750000000000028,-0.0799999999999983,-0.0799999999999983,-0.0799999999999983,-0.0750000000000028,-0.0550000000000068,-0.0499999999999971,-0.0349999999999965,-0.0150000000000005,-0.0099999999999909,-0.0150000000000005,-0.0694499999999997,-0.0468500000000009,-0.0685000000000002,-0.0695000000000005,-0.0449999999999999,-0.0159999999999991,0.0,0.0254999999999991,-0.029859,-0.0012775,0.0261900000000001,0.1430336128990366,0.1281057209318005,-0.2170931230819318,0.2368836638006796,-0.1404151404151515
2026-09-16,2026-09-16 14:00:00,1,0,0.0294642857142893,0.0200000000000102,0.0137500000000017,0.0250000000000056,0.0200000000000102,0.032500000000013,0.0349999999999965,0.0400000000000062,0.0400000000000062,0.0649999999999977,0.0699999999999931,0.0649999999999977,0.0550000000000068,0.0450000000000017,0.0349999999999965,0.0275000000000034,0.0503,0.0513000000000003,0.029500500000001,0.0419999999999998,0.0549999999999997,0.0309999999999996,0.008,-0.0125000000000001,0.0412320000000003,0.0106570000000001,-0.0118499999999999,0.051267523798326,0.0394166338194718,0.25873999638967,-0.2774165583008123,0.225588140509181
