date,XLF,XLK,XLU,XLY,XLI,XLE,XLV,XLP,XLB,XLRE,XLC,SPY
2023-01-03,32.423057556152344,60.161624908447266,31.718647003173828,62.328147888183594,93.4989013671875,37.606468200683594,127.79412841796875,67.64973449707031,36.28966522216797,32.90967559814453,46.79069519042969,363.23199462890625
2023-01-04,32.94266128540039,60.317813873291016,32.00658416748047,63.23109817504883,94.32539367675781,37.60201644897461,128.1337127685547,67.91386413574219,36.920997619628906,33.66427993774414,47.6666259765625,366.0361633300781
2023-01-05,32.6970329284668,59.14640808105469,31.313720703125,62.6436767578125,93.30890655517578,38.28819274902344,126.82238006591797,67.23074340820312,36.33643341064453,32.678863525390625,47.734004974365234,361.8585205078125
2023-01-06,33.42448043823242,60.87911605834961,31.943593978881836,64.11463165283203,95.86441040039062,39.01448440551758,127.99220275878906,69.02513885498047,37.585060119628906,33.628780364990234,48.513694763183594,370.15667724609375
2023-01-09,33.30166244506836,61.58684539794922,32.15955352783203,64.50299835205078,95.43689727783203,38.87635040283203,125.8506851196289,68.3510971069336,37.82356262207031,33.611019134521484,48.5907096862793,369.94683837890625
2023-01-10,33.49060821533203,61.96754837036133,32.16856002807617,65.31370544433594,95.95939636230469,39.15261459350586,126.90729522705078,68.26000213623047,38.202362060546875,33.708675384521484,49.32225799560547,372.5412292480469
2023-01-11,33.802364349365234,63.04133224487305,32.42949295043945,67.075927734375,96.88089752197266,39.27291488647461,127.62428283691406,68.29644012451172,38.80095672607422,34.933807373046875,49.67841339111328,377.2530822753906
2023-01-12,33.868492126464844,63.50990295410156,32.209049224853516,67.18756866455078,97.45089721679688,40.021480560302734,127.21863555908203,67.75902557373047,38.945919036865234,35.32442092895508,50.227073669433594,378.62646484375
2023-01-13,34.123565673828125,63.69050216674805,32.09206771850586,67.81868743896484,97.33688354492188,40.07939910888672,127.78465270996094,68.07781982421875,39.18442153930664,35.120243072509766,50.39070510864258,380.0954284667969
2023-01-17,33.89683151245117,63.97846603393555,32.047080993652344,67.86724853515625,96.5103759765625,40.164066314697266,127.19029998779297,68.1233901977539,38.79159164428711,35.12910842895508,49.91905212402344,379.3991394042969
2023-01-18,33.26387023925781,63.153594970703125,31.277738571166992,66.98368072509766,94.6958999633789,39.42886734008789,125.39781951904297,66.26521301269531,38.244441986083984,34.58757019042969,49.312625885009766,373.4092102050781
2023-01-19,32.876529693603516,62.41658401489258,30.96279525756836,65.87199401855469,92.7483901977539,39.91899871826172,125.6997299194336,65.63671875,37.949825286865234,34.41889190673828,49.562904357910156,370.6908264160156
2023-01-20,33.39613342285156,64.10536193847656,31.147260665893555,67.46916198730469,94.04039764404297,40.31555938720703,126.33179473876953,66.14680480957031,38.712093353271484,34.818397521972656,51.112640380859375,377.5964660644531
2023-01-23,33.78346633911133,65.56474304199219,31.156251907348633,68.5226058959961,95.06639099121094,40.36902618408203,126.76577758789062,66.35629272460938,38.83836364746094,34.916046142578125,52.00783157348633,382.1270751953125
2023-01-24,33.802364349365234,65.53547668457031,31.313720703125,68.44493103027344,95.69340515136719,40.213069915771484,125.92613220214844,66.62956237792969,38.86173629760742,35.06697082519531,51.86345672607422,381.7169189453125
2023-01-25,34.06688690185547,65.3988037109375,30.890811920166016,68.79446411132812,95.16139221191406,40.217533111572266,125.96391296386719,66.79351806640625,38.94124221801758,35.10247802734375,52.04633712768555,381.86004638671875
2023-01-26,34.24637985229492,66.44331359863281,30.99428939819336,70.2022933959961,95.68389892578125,41.4874153137207,126.19973754882812,66.55668640136719,39.128299713134766,35.501976013183594,52.85490036010742,386.0567932128906
2023-01-27,34.24637985229492,66.72152709960938,30.99428939819336,71.79459381103516,96.0828857421875,40.64974594116211,125.34124755859375,66.36541748046875,39.002044677734375,35.82157516479492,53.220680236816406,386.9438171386719
2023-01-30,34.076332092285156,65.44760131835938,30.854814529418945,70.57124328613281,95.14241027832031,39.718482971191406,124.20913696289062,66.44738006591797,38.735477447509766,35.386566162109375,52.38323974609375,382.0889587402344
2023-01-31,34.53925323486328,66.36033630371094,31.084270477294922,72.18782806396484,96.75738525390625,40.070491790771484,125.81295013427734,67.16697692871094,39.58660125732422,36.03463363647461,53.01854705810547,387.7068786621094
2023-02-01,34.53925323486328,67.92219543457031,31.13825798034668,73.55682373046875,97.46038818359375,39.281829833984375,126.40729522705078,67.70438385009766,39.84847640991211,36.30096435546875,53.64421081542969,391.827392578125
2023-02-02,34.63372039794922,69.77694702148438,31.205751419067383,75.80935668945312,98.22038269042969,38.3862190246582,125.5488052368164,67.1214370727539,39.72222900390625,37.135475158691406,57.16722869873047,397.5311584472656
2023-02-03,34.56759262084961,69.19612121582031,30.553380966186523,73.47428894042969,97.70738220214844,38.30155944824219,125.18085479736328,66.85729217529297,39.006710052490234,36.36310958862305,56.02177429199219,393.30572509765625
2023-02-06,34.558143615722656,68.35173034667969,30.814329147338867,73.36749267578125,97.46988677978516,38.127784729003906,124.48273468017578,66.93923950195312,38.57646942138672,36.132293701171875,55.347965240478516,390.90216064453125
2023-02-07,34.954925537109375,70.06002807617188,30.800832748413086,73.53739166259766,97.77388000488281,39.36648178100586,125.2846450805664,66.65689849853516,39.0955696105957,35.990257263183594,56.3779182434082,396.0145568847656
2023-02-08,34.747093200683594,69.21564483642578,30.28343391418457,72.91116333007812,97.22288513183594,39.01448440551758,124.9167251586914,66.14680480957031,38.78224182128906,35.892601013183594,54.60677719116211,391.6842956542969
2023-02-09,34.35975646972656,68.83495330810547,29.869516372680664,72.77522277832031,96.34890747070312,38.680294036865234,123.82238006591797,65.85533142089844,38.2210578918457,35.546363830566406,53.41319274902344,388.2887268066406
2023-02-10,34.473121643066406,68.51766204833984,30.463397979736328,71.92082214355469,97.03289794921875,40.195255279541016,124.99215698242188,66.46561431884766,38.361358642578125,35.617374420166016,52.90303421020508,389.19488525390625
2023-02-13,34.86990737915039,69.70372772216797,30.647859573364258,72.97425842285156,97.9163818359375,40.092777252197266,126.02991485595703,67.22161102294922,38.56244659423828,35.94586181640625,53.65384292602539,393.7636413574219
2023-02-14,34.68095779418945,70.00145721435547,30.51738739013672,73.84808349609375,97.650390625,40.106143951416016,125.2846450805664,66.61134338378906,38.65130615234375,35.57299041748047,53.673091888427734,393.5823974609375
2023-02-15,34.718746185302734,70.3284912109375,30.71534538269043,74.71221160888672,98.25840759277344,39.42441177368164,124.6619644165039,66.73886108398438,38.81966018676758,35.67064666748047,54.163997650146484,394.8604736328125
2023-02-16,34.369197845458984,69.10826110839844,30.48138999938965,73.08104705810547,97.24188995361328,39.03675842285156,123.41670989990234,66.256103515625,38.380062103271484,35.34217834472656,53.33618927001953,389.42376708984375
2023-02-17,34.37864685058594,68.24434661865234,30.80982780456543,73.09563446044922,97.87837982177734,37.646568298339844,124.5204849243164,67.11231994628906,38.01997375488281,35.16463088989258,53.27843475341797,388.45086669921875
2023-02-21,33.670101165771484,66.6239013671875,30.233938217163086,70.65377044677734,95.63640594482422,37.459434509277344,122.90724182128906,66.85729217529297,37.3933219909668,34.4721565246582,52.10409164428711,380.658203125
2023-02-22,33.6323127746582,66.52627563476562,30.116971969604492,71.01302337646484,95.39889526367188,37.209903717041016,122.49212646484375,66.75708770751953,37.673912048339844,34.161441802978516,52.20997619628906,380.1336364746094
2023-02-23,33.66065979003906,67.62935638427734,29.95949363708496,70.95476531982422,95.84541320800781,37.77132797241211,122.82234191894531,66.67510223388672,37.716007232666016,34.48991775512695,51.96934127807617,382.1556701660156
2023-02-24,33.688995361328125,66.42377471923828,29.96849250793457,69.83819580078125,95.29439544677734,37.72232437133789,121.23739624023438,66.22879028320312,37.968536376953125,33.85072708129883,51.24740219116211,378.0733337402344
2023-02-27,33.67955017089844,66.78009033203125,29.76603889465332,70.70232391357422,96.13988494873047,37.83370590209961,120.86946868896484,66.15591430664062,38.09479522705078,33.90399169921875,51.41103744506836,379.3609924316406
2023-02-28,33.74568557739258,66.6336669921875,29.244138717651367,70.65377044677734,95.92140197753906,37.29011154174805,119.9732437133789,65.6093978881836,38.267826080322266,33.9217414855957,51.49767303466797,377.95892333984375
2023-03-01,33.6323127746582,66.14558410644531,28.762737274169922,69.765380859375,96.30139923095703,38.025306701660156,119.7751235961914,65.12665557861328,38.56711959838867,33.397953033447266,51.103023529052734,376.5091247558594
2023-03-02,33.47170639038086,66.96067810058594,29.307132720947266,69.5323486328125,97.431884765625,38.35948181152344,120.51097869873047,66.019287109375,39.006710052490234,33.83296203613281,51.58429718017578,379.43731689453125
2023-03-03,34.00075912475586,68.40052795410156,29.806528091430664,71.0275650024414,98.48638153076172,38.88081359863281,121.86004638671875,66.07392883300781,39.56321716308594,34.40113830566406,52.71051788330078,385.52264404296875
2023-03-06,34.02909469604492,68.7275619506836,29.95050048828125,70.50813293457031,98.30589294433594,38.89863586425781,121.80345153808594,66.24700927734375,38.922542572021484,34.26797103881836,52.71051788330078,385.78973388671875
2023-03-07,33.15049362182617,67.87340545654297,29.46010398864746,69.54692840576172,97.04240417480469,38.22135925292969,119.8411636352539,65.59117126464844,38.15559005737305,33.406837463378906,52.17146301269531,379.87603759765625
2023-03-08,33.02768325805664,68.4347152709961,29.6850528717041,69.42070007324219,97.27039337158203,37.82925033569336,119.19963073730469,65.70047760009766,38.3426513671875,33.87734603881836,52.200347900390625,380.49609375
2023-03-09,31.686176300048828,67.45365142822266,29.446598052978516,67.76529693603516,95.83589935302734,37.29456329345703,117.99208068847656,65.0902099609375,37.35590744018555,33.10498809814453,51.02600860595703,373.4759521484375
2023-03-10,31.109886169433594,66.2676010131836,28.98319435119629,67.09050750732422,94.04991149902344,36.817806243896484,117.1241455078125,64.77140045166016,36.5609016418457,32.04853820800781,50.30408477783203,368.0869140625
2023-03-13,29.881742477416992,66.6287841796875,29.428606033325195,67.23128509521484,93.51790618896484,36.06923294067383,118.21849060058594,65.09931182861328,36.1867790222168,32.563453674316406,50.30408477783203,367.56231689453125
2023-03-14,30.48636817932129,68.16625213623047,29.815523147583008,68.3720932006836,94.50589752197266,36.425697326660156,119.27513122558594,65.69137573242188,36.649757385253906,32.90081787109375,51.728694915771484,373.6380615234375
2023-03-15,29.67390251159668,68.20530700683594,30.22044563293457,68.2701644897461,92.17839813232422,34.46961975097656,119.17134857177734,66.11947631835938,35.4619255065918,32.91856384277344,52.2869873046875,371.3013000488281
2023-03-16,30.24073600769043,70.11859130859375,30.422910690307617,69.50322723388672,93.36591339111328,34.84390640258789,120.28455352783203,66.16502380371094,35.868770599365234,32.91856384277344,53.461326599121094,377.8158264160156
2023-03-17,29.267663955688477,70.02098846435547,30.13046646118164,68.61483764648438,91.8364028930664,34.29584884643555,118.73738098144531,65.6822738647461,35.312286376953125,32.1639518737793,52.95115280151367,373.3980407714844
2023-03-20,29.593318939208984,70.20980834960938,30.366140365600586,68.91187286376953,93.0526351928711,34.98244094848633,120.2422866821289,66.59293365478516,36.03887939453125,32.50907897949219,53.346900939941406,376.9885559082031
2023-03-21,30.343355178833008,70.77723693847656,29.754283905029297,70.8157958984375,94.13052368164062,36.19354248046875,120.97154998779297,66.53800964355469,36.475685119628906,32.321311950683594,54.48583221435547,381.9385986328125
2023-03-22,29.640789031982422,70.07284545898438,29.169628143310547,69.23812866210938,92.32765197753906,35.423667907714844,119.14366912841797,65.92481231689453,35.8275260925293,31.141122817993164,53.5302848815918,375.427978515625
2023-03-23,29.44141387939453,71.21259307861328,28.87049674987793,69.16507720947266,92.0605697631836,34.932918548583984,118.91637420654297,65.66854095458984,35.78525161743164,30.953359603881836,54.39897155761719,376.44281005859375
2023-03-24,29.422422409057617,71.39848327636719,29.772415161132812,68.94108581542969,92.44213104248047,35.0679817199707,120.56429290771484,66.78512573242188,36.07645034790039,31.749095916748047,54.67887878417969,378.9130859375
2023-03-27,29.83067512512207,70.84571838378906,29.808670043945312,69.08230590820312,93.21478271484375,35.815364837646484,121.05679321289062,67.14207458496094,36.34416961669922,31.641803741455078,54.37001037597656,379.6216125488281
2023-03-28,29.821178436279297,70.5130844116211,29.89025115966797,68.99951934814453,93.69173431396484,36.369136810302734,120.32754516601562,67.26103973388672,36.51796340942383,31.53451156616211,53.926021575927734,378.7694396972656
2023-03-29,30.257911682128906,71.9903564453125,30.325355529785156,70.30941009521484,95.0557861328125,36.87338638305664,120.65901947021484,67.63631439208984,37.02522277832031,32.28555679321289,54.6402702331543,384.2748107910156
2023-03-30,30.191450119018555,72.82683563232422,30.4567813873291,70.92294311523438,95.25611877441406,37.03546142578125,121.31250762939453,67.82849884033203,37.27884292602539,32.705772399902344,54.90087127685547,386.52484130859375
2023-03-31,30.523744583129883,73.86873626708984,30.678863525390625,72.817138671875,96.5152587890625,37.292091369628906,122.61002349853516,68.37765502929688,37.88474655151367,33.421043395996094,55.95294952392578,391.9728088378906
2023-04-03,30.58070945739746,73.7513656616211,30.47038459777832,72.15003204345703,96.68695831298828,38.98044204711914,123.98329162597656,68.7345962524414,38.12427520751953,33.10811996459961,56.18459701538086,393.4664306640625
2023-04-04,30.295886993408203,73.34535217285156,30.624483108520508,72.03315734863281,94.52161407470703,38.27358627319336,124.00223541259766,68.59730529785156,37.57475280761719,33.11705780029297,56.358333587646484,391.2834167480469
2023-04-05,30.257911682128906,72.50888061523438,31.417627334594727,70.55772399902344,93.29109191894531,38.84986114501953,126.14266204833984,68.91764068603516,37.490203857421875,32.947174072265625,56.17494583129883,390.2588806152344
2023-04-06,30.371841430664062,72.91976928710938,31.639707565307617,70.57234191894531,93.2624740600586,38.26008224487305,126.4551773071289,68.97256469726562,37.40095901489258,33.17069625854492,56.87955093383789,391.7812194824219
2023-04-10,30.43829917907715,72.88066101074219,31.576251983642578,70.88397979736328,94.1114501953125,38.56623077392578,126.36993408203125,68.97256469726562,37.579444885253906,33.340576171875,56.75407409667969,392.1834411621094
2023-04-11,30.704139709472656,72.19580841064453,31.603450775146484,70.9959716796875,94.67424011230469,38.930904388427734,126.79618072509766,69.17391204833984,37.870643615722656,33.50151062011719,56.609291076660156,392.28875732421875
2023-04-12,30.637676239013672,71.78492736816406,31.571720123291016,69.89547729492188,94.98902130126953,38.957923889160156,126.83403015136719,68.86270904541016,37.89883041381836,33.40315628051758,56.02051544189453,390.68975830078125
2023-04-13,30.913005828857422,73.12032318115234,31.576251983642578,71.4391098022461,95.34197235107422,39.201045989990234,128.48193359375,69.24713134765625,38.288658142089844,33.29587173461914,57.188411712646484,395.8792724609375
2023-04-14,31.21682357788086,72.7143325805664,31.22273826599121,71.53162384033203,95.22750091552734,39.27308654785156,127.44964599609375,68.80781555175781,38.011558532714844,32.723655700683594,57.16910934448242,394.912109375
2023-04-17,31.57760238647461,72.97847747802734,31.39495849609375,72.03802490234375,95.98109436035156,38.80934524536133,127.345458984375,69.24713134765625,38.232303619384766,33.46574783325195,56.84092712402344,396.3292236328125
2023-04-18,31.672544479370117,73.2034912109375,31.23180389404297,72.15489959716797,96.43894958496094,38.962425231933594,126.47415161132812,69.45762634277344,38.391990661621094,33.412105560302734,56.55137252807617,396.5877380371094
2023-04-19,31.74849510192871,72.99314880371094,31.47201919555664,72.08672332763672,96.36264038085938,38.82736587524414,126.86244201660156,69.411865234375,38.283973693847656,33.60880661010742,56.126686096191406,396.5207214355469
2023-04-20,31.653554916381836,72.51376342773438,31.462947845458984,70.97649383544922,96.1909408569336,38.485191345214844,126.341552734375,69.57660675048828,38.241695404052734,33.20645523071289,55.54756164550781,394.3569030761719
2023-04-21,31.53961944580078,72.27896118164062,31.553592681884766,71.76048278808594,95.97154235839844,38.26008224487305,127.19391632080078,70.08000946044922,37.90353012084961,33.24222946166992,55.68268966674805,394.66326904296875
2023-04-24,31.463668823242188,71.96101379394531,31.71222496032715,71.75074768066406,96.20048522949219,38.84537124633789,127.90425872802734,70.36371612548828,38.16185760498047,33.152809143066406,55.62477493286133,395.0749206542969
2023-04-25,30.92250633239746,70.42503356933594,31.680492401123047,70.32887268066406,94.42622375488281,38.11600875854492,126.54044342041016,70.27220916748047,37.335208892822266,32.84882736206055,54.75609588623047,388.8035583496094
2023-04-26,30.628183364868164,71.47184753417969,30.93720817565918,69.96853637695312,92.64244842529297,37.60725021362305,124.74097442626953,69.72305297851562,36.893707275390625,32.58060836791992,54.17697525024414,387.1567687988281
2023-04-27,31.12188148498535,72.98826599121094,31.308853149414062,71.81404876708984,94.47392272949219,37.74231719970703,125.39443969726562,70.50100708007812,37.396263122558594,33.36738967895508,57.32353973388672,394.8642578125
2023-04-28,31.49215316772461,73.78071594238281,31.263526916503906,71.99907684326172,95.38966369628906,38.327606201171875,126.46466064453125,70.87626647949219,37.83307647705078,33.751853942871094,57.815792083740234,398.2344665527344
2023-05-01,31.406705856323242,73.82473754882812,31.31791877746582,71.28813171386719,95.90477752685547,37.89539337158203,127.11817169189453,70.93115234375,37.81428527832031,33.438926696777344,57.8061408996582,397.8323669433594
2023-05-02,30.69464683532715,73.13499450683594,30.93720817565918,71.36119079589844,94.90318298339844,36.2475700378418,126.56883239746094,70.73896789550781,37.447933197021484,32.86670684814453,56.73475646972656,393.3610534667969
2023-05-03,30.343355178833008,72.5186538696289,30.851093292236328,70.79633331298828,94.54071807861328,35.563228607177734,126.39836883544922,70.16236877441406,37.03461456298828,32.661067962646484,56.51276397705078,390.6610412597656
2023-05-04,29.95409393310547,72.17134094238281,31.08677101135254,70.25096893310547,93.510498046875,35.16703796386719,125.39443969726562,69.98848724365234,36.795066833496094,32.965057373046875,55.60547637939453,387.8940124511719
2023-05-05,30.69464683532715,73.98125457763672,31.286191940307617,71.6728286743164,94.92227935791016,36.121517181396484,126.521484375,70.63829803466797,37.41505432128906,33.47468185424805,56.30043411254883,395.0749206542969
2023-05-08,30.74211883544922,73.94212341308594,31.191011428833008,71.91629791259766,94.578857421875,36.121517181396484,126.24683380126953,70.42778015136719,37.29293441772461,33.24222946166992,56.86989212036133,395.18023681640625
2023-05-09,30.628183364868164,73.37469482421875,31.15022850036621,71.89680480957031,94.78871154785156,36.1350212097168,125.40393829345703,70.20812225341797,36.954769134521484,33.13493347167969,56.51276397705078,393.44720458984375
2023-05-10,30.45728874206543,74.2698745727539,31.43575668334961,72.26202392578125,94.4452896118164,35.72531509399414,125.75432586669922,70.09830474853516,36.978248596191406,33.4478645324707,57.01467514038086,395.2855224609375
2023-05-11,30.409812927246094,73.9372329711914,31.113964080810547,72.59801483154297,93.87297058105469,35.29759216308594,125.36604309082031,70.3088150024414,36.61659240722656,33.09917068481445,57.58414840698242,394.59619140625
2023-05-12,30.286392211914062,73.83939361572266,31.286191940307617,71.9844741821289,93.93973541259766,35.35162353515625,125.19554901123047,70.58336639404297,36.682342529296875,33.16176223754883,57.632408142089844,394.0791931152344
2023-05-15,30.533245086669922,74.45086669921875,30.891881942749023,72.07699584960938,94.39759826660156,35.531715393066406,124.97774505615234,70.40948486328125,36.99234390258789,33.09917068481445,57.90266418457031,395.438720703125
2023-05-16,30.248414993286133,74.52912902832031,30.20751190185547,71.78482055664062,93.119384765625,34.65828323364258,123.93595123291016,69.8145751953125,36.38174819946289,32.21402359008789,57.83509826660156,392.7961730957031
2023-05-17,30.856048583984375,75.52212524414062,30.098739624023438,73.27974700927734,94.7219467163086,35.32461166381836,124.08747100830078,69.77796936035156,36.62129211425781,32.634246826171875,58.539703369140625,397.5643005371094
2023-05-18,31.083904266357422,77.06788635253906,30.008094787597656,74.419189453125,95.40874481201172,35.581241607666016,123.78439331054688,69.4393310546875,36.83734130859375,32.42860412597656,59.591773986816406,401.3941650390625
2023-05-19,30.95098304748535,77.03366088867188,29.962770462036133,73.7958984375,95.17979431152344,35.85587692260742,124.36212921142578,69.48509216308594,36.93128967285156,32.37495803833008,59.27325439453125,400.8100891113281
2023-05-22,31.007951736450195,77.18040466308594,29.971834182739258,73.56703186035156,95.1607437133789,35.70730209350586,124.48526000976562,68.43256378173828,36.73870849609375,32.58953857421875,59.81377410888672,400.97283935546875
2023-05-23,30.647171020507812,76.0406494140625,29.867589950561523,72.89506530761719,94.01604461669922,36.08999252319336,123.12144470214844,67.92916870117188,36.17039108276367,32.18720626831055,59.070560455322266,396.4727783203125
2023-05-24,30.248414993286133,75.4830093383789,29.672706604003906,72.62722778320312,92.80460357666016,36.2475700378418,122.27852630615234,67.48987579345703,35.75707244873047,31.480871200561523,58.8003044128418,393.6004638671875
2023-05-25,30.238924026489258,78.37883758544922,29.273866653442383,72.30097961425781,93.10984802246094,35.603755950927734,121.02838134765625,66.97734069824219,35.6302490234375,31.552400588989258,58.8003044128418,397.00897216796875
2023-05-26,30.485774993896484,80.60456085205078,29.273866653442383,74.00039672851562,93.80619049072266,35.46418380737305,120.78211975097656,67.20613861083984,35.80873489379883,31.91897964477539,59.99715042114258,402.1504821777344
2023-05-30,30.476272583007812,81.03502655029297,29.160558700561523,74.49707794189453,93.66312408447266,35.0994987487793,120.03392791748047,66.43733215332031,35.61616516113281,32.017330169677734,60.09367370605469,402.3037109375
2023-05-31,30.153474807739258,80.35997009277344,29.42796516418457,73.82511138916016,92.3848876953125,34.482696533203125,121.0662612915039,66.51055908203125,35.2357177734375,32.222965240478516,60.07437515258789,400.0728759765625
2023-06-01,30.476272583007812,81.17687225341797,29.210411071777344,74.69673156738281,93.56771850585938,34.910400390625,121.86181640625,66.45565032958984,35.70540237426758,32.23190689086914,60.885154724121094,403.8739929199219
2023-06-02,31.140871047973633,81.6415786743164,29.51407814025879,76.4497299194336,96.28633117675781,35.972938537597656,123.42452239990234,67.37088775634766,36.90309524536133,32.91141891479492,60.96236038208008,409.71441650390625
2023-06-05,30.979467391967773,81.17198181152344,29.654579162597656,76.67858123779297,95.61859130859375,35.73432159423828,123.86962890625,67.12377166748047,36.87492370605469,32.75941467285156,61.116790771484375,408.9292907714844
2023-06-06,31.36872100830078,81.15240478515625,29.631912231445312,77.47716522216797,96.21955108642578,36.0224609375,122.83731842041016,66.78512573242188,37.10975646972656,32.95611572265625,61.36775588989258,409.8197021484375
2023-06-07,31.49215316772461,79.93929290771484,30.134994506835938,76.9512710571289,97.76485443115234,36.97693634033203,122.35430145263672,66.56547546386719,37.5512580871582,33.5640983581543,60.68245315551758,408.4027404785156
2023-06-08,31.463668823242188,80.80511474609375,30.266429901123047,78.09072875976562,97.93655395507812,36.81936264038086,123.140380859375,67.0230941772461,37.41505432128906,33.35845947265625,60.9913215637207,410.8729553222656
2023-06-09,31.473169326782227,81.20621490478516,30.08967399597168,78.49486541748047,97.67901611328125,36.61676025390625,123.51920318603516,66.91325378417969,37.10505294799805,33.18858337402344,61.010623931884766,411.6101379394531
2023-06-12,31.463668823242188,82.97209167480469,30.0352840423584,79.84368896484375,98.37535858154297,36.26557922363281,123.96434783935547,66.89495086669922,37.27415084838867,33.17069625854492,61.73451614379883,415.34423828125
2023-06-13,31.653554916381836,83.47594451904297,30.0307559967041,80.67150115966797,99.52005004882812,36.436668395996094,124.58943176269531,67.1695327758789,38.13836669921875,33.412105560302734,61.93721389770508,418.0825500488281
2023-06-14,31.530128479003906,84.33687591552734,30.01262664794922,80.6130599975586,99.25294494628906,36.062984466552734,123.31086730957031,67.58138275146484,37.97867202758789,33.59092330932617,62.04339599609375,418.5804748535156
2023-06-15,31.947879791259766,85.42282104492188,30.33895492553711,81.13896942138672,100.75057220458984,36.459190368652344,125.22398376464844,68.2586669921875,38.30276107788086,33.73397445678711,63.02789306640625,423.7699279785156
2023-06-16,31.881418228149414,84.71842956542969,30.502113342285156,81.0172119140625,100.5884017944336,36.405147552490234,125.2145004272461,68.3410415649414,38.396690368652344,33.698204040527344,62.50668716430664,422.3263854980469
2023-06-20,31.642993927001953,84.14588165283203,30.144380569458008,81.62418365478516,99.84138488769531,35.59033203125,125.07376861572266,67.8211898803711,37.877037048339844,33.33623123168945,62.2021484375,420.1353454589844
2023-06-21,31.604846954345703,82.90081024169922,30.386524200439453,80.64347076416016,100.3968505859375,35.87193298339844,125.09278106689453,68.06082153320312,37.999752044677734,33.19180679321289,61.58342742919922,417.9826965332031
2023-06-22,31.356891632080078,83.57726287841797,30.153512954711914,81.67298889160156,99.66899108886719,35.39049530029297,125.94866943359375,68.45718383789062,37.91007614135742,32.72240447998047,62.066810607910156,419.49139404296875
2023-06-23,31.223379135131836,82.67041778564453,29.710351943969727,80.72642517089844,98.91239166259766,35.13614273071289,125.53024291992188,68.00553894042969,37.60327911376953,32.370361328125,61.93145751953125,416.320068359375
2023-06-26,31.1566219329834,82.0772933959961,30.002744674682617,79.69202423095703,99.73603057861328,35.76747131347656,124.81700897216797,68.09770965576172,37.99504089355469,33.09251022338867,61.312721252441406,414.6191101074219
2023-06-27,31.404569625854492,83.69491577148438,30.01188850402832,81.40462493896484,100.93318176269531,35.849220275878906,124.53169250488281,68.30047607421875,38.53309631347656,33.453582763671875,62.347171783447266,419.1646728515625
2023-06-28,31.328279495239258,83.74392700195312,29.568721771240234,81.72664642333984,100.93318176269531,36.212581634521484,124.13229370117188,67.83961486816406,38.268795013427734,33.54384994506836,62.62752914428711,419.37615966796875
2023-06-29,31.87187385559082,83.89097595214844,29.568721771240234,81.81446075439453,101.91004180908203,36.630428314208984,124.94062805175781,67.77509307861328,38.75021743774414,33.850765228271484,62.28916931152344,421.0290832519531
2023-06-30,32.148441314697266,85.22428894042969,29.897672653198242,82.85374450683594,102.78155517578125,36.866615295410156,126.22444915771484,68.36499786376953,39.113643646240234,34.02226638793945,62.91758728027344,425.9974670410156
2023-07-03,32.32963943481445,85.04293823242188,30.121536254882812,83.85399627685547,102.80072784423828,36.95290756225586,125.18787384033203,68.89961242675781,39.25996017456055,34.2930793762207,63.130252838134766,426.48760986328125
2023-07-05,32.26288986206055,84.51842498779297,30.464187622070312,83.88814544677734,102.2452392578125,36.74851989746094,125.12132263183594,68.77977752685547,38.292381286621094,34.46459197998047,63.61363983154297,425.85333251953125
2023-07-06,31.98631477355957,84.29293823242188,30.094125747680664,82.53660583496094,101.47907257080078,35.92189025878906,124.12279510498047,68.60466003417969,38.013919830322266,34.275028228759766,63.11091995239258,422.5186462402344
2023-07-07,32.034000396728516,83.92530822753906,29.874826431274414,82.6390609741211,101.70890045166016,36.69401931762695,122.67727661132812,67.71056365966797,38.34429931640625,34.112548828125,62.88856887817383,421.451904296875
2023-07-10,32.177059173583984,84.14588165283203,29.746902465820312,82.89278411865234,103.15505981445312,36.980159759521484,123.64728546142578,67.69213104248047,38.33486557006836,34.229888916015625,62.724220275878906,422.5186462402344
2023-07-11,32.55852508544922,84.32725524902344,30.11696434020996,83.58562469482422,104.37136840820312,37.79315948486328,123.67583465576172,67.79353332519531,38.71245193481445,34.618038177490234,63.8166618347168,425.20947265625
2023-07-12,32.768333435058594,85.28312683105469,30.55556297302246,84.3370361328125,104.18937683105469,38.142887115478516,123.34297180175781,67.9502182006836,39.22220230102539,34.78053283691406,64.590087890625,428.63067626953125
2023-07-13,32.88277053833008,86.39585876464844,30.660646438598633,85.1274642944336,104.32347106933594,37.9975471496582,123.3905029296875,68.2359619140625,39.52899932861328,35.01523208618164,65.53752899169922,432.03265380859375
2023-07-14,32.663429260253906,86.2684097290039,30.54185676574707,85.3470230102539,104.01701354980469,36.993778228759766,125.24494171142578,68.4664077758789,39.297725677490234,35.01523208618164,64.91878509521484,431.7635803222656
2023-07-17,32.978145599365234,87.37132263183594,30.190067291259766,85.69344329833984,104.4096450805664,36.921112060546875,124.6743392944336,68.26360321044922,39.335472106933594,34.717342376708984,64.68675994873047,433.2627868652344
2023-07-18,33.35007095336914,88.36152648925781,29.957063674926758,86.04474639892578,104.99385833740234,37.29354476928711,125.59680938720703,68.18988800048828,39.642269134521484,34.42848587036133,65.13148498535156,436.4821472167969
2023-07-19,33.49312210083008,88.14093780517578,30.263164520263672,86.34725952148438,104.94598388671875,37.51155471801758,126.17691040039062,68.88117980957031,39.429874420166016,34.807613372802734,65.31517028808594,437.4527893066406
2023-07-20,33.7410888671875,86.38114929199219,30.815975189208984,83.40509796142578,105.4152603149414,37.952117919921875,128.26907348632812,69.47108459472656,39.52427673339844,34.69026184082031,64.01969909667969,434.5505065917969
2023-07-21,33.62663650512695,86.33702087402344,31.27741813659668,83.42462921142578,104.91725158691406,38.2882194519043,129.56239318847656,69.71072387695312,39.52899932861328,34.84371566772461,63.381614685058594,434.5505065917969
2023-07-24,33.950889587402344,86.4889907836914,31.195186614990234,83.9710922241211,105.15669250488281,38.90592575073242,129.27713012695312,69.97803497314453,39.65170669555664,35.17771911621094,63.49763488769531,436.49176025390625
2023-07-25,33.73154830932617,87.47919464111328,31.250015258789062,83.77591705322266,105.02259063720703,39.11030578613281,129.2200927734375,69.95960235595703,40.364410400390625,34.91593551635742,63.70065689086914,437.6833801269531
2023-07-26,33.931819915771484,86.30270385742188,31.250015258789062,83.75640106201172,105.76004028320312,39.12393569946289,129.13446044921875,70.04257202148438,40.227542877197266,35.042301177978516,64.6964340209961,437.750732421875
2023-07-27,33.5026741027832,86.05271911621094,30.697195053100586,82.8879165649414,104.85021209716797,38.87412643432617,128.1835174560547,69.42498779296875,39.96794509887695,34.3021125793457,65.23783874511719,434.8483581542969
2023-07-28,33.56942367553711,87.22428894042969,30.62866973876953,84.2931137084961,105.50144958496094,38.992218017578125,128.5639190673828,70.1439437866211,40.24641799926758,34.20281219482422,66.52363586425781,439.1056823730469
2023-07-31,33.69340133666992,87.42526245117188,30.642364501953125,84.77127838134766,105.7504653930664,39.73255920410156,127.57486724853516,69.82134246826172,40.45880889892578,34.47361755371094,66.50428771972656,439.9417724609375
2023-08-01,33.69340133666992,87.57231140136719,30.26773452758789,83.81008911132812,106.06649780273438,39.54633331298828,126.90914916992188,69.44342041015625,40.27946090698242,34.41043472290039,66.41727447509766,438.6828308105469
2023-08-02,33.40729522705078,85.40567779541016,30.26773452758789,82.30728149414062,104.95555877685547,39.0285530090332,126.9947738647461,69.69229888916016,39.779151916503906,34.26599884033203,65.17015838623047,432.5804138183594
2023-08-03,33.42636489868164,85.05765533447266,29.577857971191406,82.50245666503906,104.29473876953125,39.4237060546875,126.35760498046875,69.49873352050781,39.533714294433594,33.79659652709961,65.00580596923828,431.3407287597656
2023-08-04,33.2928581237793,83.90078735351562,29.235204696655273,83.70274353027344,103.66264343261719,39.478206634521484,125.91061401367188,68.80743408203125,39.44403076171875,33.46260452270508,64.86077880859375,429.3898620605469
2023-08-07,33.760162353515625,84.13607025146484,29.230632781982422,84.56147766113281,104.93641662597656,39.523624420166016,127.36561584472656,69.36970520019531,39.70362854003906,33.886871337890625,65.86621856689453,433.1378173828125
2023-08-08,33.454978942871094,83.4890365600586,29.367698669433594,83.88814544677734,104.45755004882812,39.71892166137695,128.34515380859375,68.8719482421875,39.283565521240234,33.71535873413086,65.68255615234375,431.2542419433594
2023-08-09,33.207027435302734,82.4106216430664,29.431657791137695,82.89278411865234,104.40009307861328,40.218536376953125,128.30711364746094,68.97335815429688,39.12308120727539,33.79659652709961,64.9767837524414,428.3711853027344
2023-08-10,33.235633850097656,82.4204330444336,29.340286254882812,83.09284210205078,104.11276245117188,40.21398162841797,128.22154235839844,68.8350830078125,39.15140151977539,33.68827438354492,65.19915008544922,428.5248718261719
2023-08-11,33.30239486694336,81.81258392333984,29.50018882751465,82.80982971191406,104.28516387939453,40.83168411254883,129.0203399658203,68.94569396972656,39.042842864990234,33.751468658447266,64.88977813720703,428.2750244140625
2023-08-14,33.235633850097656,83.11649322509766,29.26718521118164,83.06356811523438,104.32347106933594,40.65909194946289,129.4102783203125,68.60466003417969,39.127811431884766,33.570926666259766,65.3635025024414,430.63922119140625
2023-08-15,32.62527847290039,82.29788208007812,28.792037963867188,81.93158721923828,102.99225616455078,39.81430435180664,128.93475341796875,67.86724853515625,38.490623474121094,33.2279167175293,64.783447265625,425.62274169921875
2023-08-16,32.577598571777344,81.51356506347656,28.91996192932129,80.91670989990234,102.41763305664062,39.469120025634766,127.95523834228516,67.71056365966797,38.231021881103516,32.82170867919922,64.01001739501953,422.4994201660156
2023-08-17,32.41547393798828,80.73906707763672,28.85600471496582,79.54564666748047,101.5556869506836,39.94147491455078,126.9377212524414,67.05614471435547,38.15550231933594,32.577980041503906,63.2752799987793,419.28009033203125
2023-08-18,32.40593338012695,80.86162567138672,29.00676918029785,79.36511993408203,101.74723815917969,40.33661651611328,126.98523712158203,67.30500793457031,38.15079116821289,32.66824722290039,62.89823913574219,419.4817810058594
2023-08-21,32.3677864074707,82.40571594238281,28.824018478393555,80.27753448486328,101.62274169921875,40.082275390625,127.1183853149414,66.85335540771484,38.15550231933594,32.38840866088867,63.35261535644531,422.2110900878906
2023-08-22,32.06260681152344,82.31258392333984,28.906259536743164,80.39464569091797,101.38330841064453,39.7734260559082,126.67142486572266,66.47544860839844,38.12247085571289,32.487709045410156,63.35261535644531,421.0674743652344
2023-08-23,32.377323150634766,83.79785919189453,29.020475387573242,81.0386734008789,102.42721557617188,39.673500061035156,127.05181884765625,66.91790008544922,38.18383026123047,32.96613311767578,64.37739562988281,425.7572937011719
2023-08-24,32.26288986206055,81.86650848388672,28.851436614990234,79.45294189453125,101.18218231201172,39.40099334716797,125.94866943359375,66.38327026367188,38.02334976196289,32.81267166137695,63.13992691040039,419.8565979003906
2023-08-25,32.41547393798828,82.6998291015625,29.070730209350586,80.34095764160156,102.03453826904297,39.782508850097656,126.8711166381836,66.75196838378906,38.13663101196289,32.9029426574707,63.20759201049805,422.8165588378906
2023-08-28,32.59667205810547,83.37628173828125,29.066160202026367,80.66299438476562,102.86775970458984,40.050479888916016,127.16593170166016,67.05614471435547,38.415103912353516,33.16472244262695,63.98101806640625,425.497802734375
2023-08-29,32.892311096191406,85.04783630371094,29.175809860229492,82.6781005859375,103.65306854248047,40.15948486328125,128.30711364746094,67.2957992553711,39.052284240722656,33.54384994506836,65.40216064453125,431.64825439453125
2023-08-30,32.911380767822266,85.68998718261719,29.043319702148438,83.0342788696289,104.12234497070312,40.35933303833008,128.21202087402344,67.40640258789062,39.1419677734375,33.66120147705078,65.4118423461914,433.4261779785156
2023-08-31,32.787410736083984,86.10664367675781,28.76462745666504,83.29288482666016,103.65306854248047,40.38657760620117,126.68093872070312,67.06536102294922,39.12308120727539,33.41747283935547,65.4795150756836,432.7918701171875
2023-09-01,33.08304214477539,86.371337890625,28.61842918395996,82.78543853759766,104.19896697998047,41.21320724487305,127.02330017089844,66.493896484375,39.56203842163086,33.399417877197266,64.87045288085938,433.59906005859375
2023-09-05,32.74925994873047,86.68017578125,28.179832458496094,82.843994140625,102.44637298583984,41.431217193603516,125.71090698242188,65.92240142822266,38.8304443359375,33.0654296875,64.86077880859375,431.72509765625
2023-09-06,32.73018264770508,85.76350402832031,28.24379539489746,82.10723876953125,102.00580596923828,41.44938659667969,125.02619171142578,65.84867095947266,38.74549102783203,33.00224304199219,64.65776824951172,428.82281494140625
2023-09-07,32.644351959228516,84.5233383178711,28.61385726928711,82.33656311035156,101.67061614990234,41.40850830078125,125.58728790283203,66.00535583496094,38.570858001708984,33.27304458618164,64.541748046875,427.50628662109375
2023-09-08,32.71110916137695,84.69979858398438,28.86513900756836,82.33656311035156,101.16302490234375,41.808197021484375,125.58728790283203,66.08831024169922,38.608619689941406,33.056396484375,64.73511505126953,428.1501770019531
2023-09-11,32.86370086669922,85.14097595214844,28.983922958374023,84.55171966552734,101.1917495727539,41.25861740112305,126.45271301269531,66.65979766845703,38.77381134033203,33.0744514465332,65.71155548095703,430.9659118652344
2023-09-12,33.08304214477539,83.59687042236328,29.020475387573242,83.78569793701172,100.82782745361328,42.230594635009766,126.29103088378906,66.08831024169922,38.68413162231445,33.0744514465332,65.02513122558594,428.601806640625
2023-09-13,33.08304214477539,83.80765533447266,29.367698669433594,84.44926452636719,100.15742492675781,41.912662506103516,126.31005859375,66.29109191894531,38.457584381103516,32.74045944213867,65.23783874511719,429.1015319824219
2023-09-14,33.38821792602539,84.41548919677734,29.797161102294922,85.27872467041016,101.14387512207031,42.40317916870117,126.70947265625,66.9639663696289,39.0003662109375,33.33623123168945,66.14657592773438,432.80145263671875
2023-09-15,33.21656799316406,82.79295349121094,29.669233322143555,83.81983947753906,100.55967712402344,41.790035247802734,125.71090698242188,66.41091918945312,38.56614303588867,33.20985794067383,65.26683044433594,427.5869140625
2023-09-18,33.30756759643555,83.19087219238281,29.647125244140625,82.90824890136719,100.67121124267578,42.14415740966797,125.51995086669922,66.38772583007812,38.40584182739258,32.91960525512695,65.31334686279297,427.8376770019531
2023-09-19,33.26924514770508,83.14666748046875,29.485923767089844,82.49278259277344,100.24810791015625,41.750675201416016,125.62498474121094,66.22998046875,38.372650146484375,32.746726989746094,65.36181640625,426.9504699707031
2023-09-20,33.039337158203125,81.83997344970703,29.5135555267334,81.67161560058594,99.85385131835938,41.36176681518555,125.63453674316406,66.29493713378906,37.96950912475586,32.81041717529297,64.47013854980469,423.025390625
2023-09-21,32.49331283569336,80.59221649169922,29.204973220825195,79.44274139404297,98.21910095214844,40.79441833496094,124.53639221191406,65.44116973876953,37.205955505371094,31.673065185546875,63.675411224365234,416.0334167480469
2023-09-22,32.24425506591797,80.76416015625,29.149703979492188,78.66065979003906,97.88253784179688,40.86304473876953,124.27857208251953,65.08855438232422,37.16800308227539,31.45469093322754,63.597900390625,415.097900390625
2023-09-25,32.320892333984375,81.0245132446289,29.108251571655273,79.14459991455078,98.3729476928711,41.37549591064453,124.95657348632812,64.85655975341797,37.46205520629883,31.400096893310547,63.75294876098633,416.843505859375
2023-09-26,31.889816284179688,79.5655517578125,28.237768173217773,77.70265197753906,96.87284088134766,41.1375732421875,123.89662170410156,64.3740234375,36.92138671875,30.84507179260254,63.04546356201172,410.7195129394531
2023-09-27,31.8419189453125,79.6883544921875,27.694292068481445,77.40449523925781,97.59405517578125,42.16246795654297,123.27597045898438,63.845062255859375,36.91665267944336,30.57210350036621,63.2102165222168,410.8834533691406
2023-09-28,32.07182312011719,80.2532730102539,27.095544815063477,78.26964569091797,98.00755310058594,42.208229064941406,123.86798858642578,64.0399398803711,37.31503677368164,30.890560150146484,63.90802764892578,413.26556396484375
2023-09-29,31.774860382080078,80.52836608886719,27.141603469848633,78.68511962890625,97.48827362060547,41.3571891784668,122.93220520019531,63.854339599609375,37.25338363647461,30.999744415283203,63.54941940307617,412.2625427246094
2023-10-02,31.506637573242188,81.39295196533203,25.879629135131836,78.74866485595703,96.5362777709961,40.53361892700195,122.76032257080078,63.418190002441406,36.76014709472656,30.435623168945312,64.02432250976562,412.0986328125
2023-10-03,31.00851058959961,80.01256561279297,26.179004669189453,76.83261108398438,95.86315155029297,40.506160736083984,121.6717529296875,62.96348190307617,36.660552978515625,29.880590438842773,63.161746978759766,406.58221435546875
2023-10-04,31.238418579101562,81.00977325439453,26.151371002197266,78.34785461425781,96.1708755493164,39.23419952392578,122.18738555908203,63.46459197998047,37.092132568359375,30.19904899597168,63.76264572143555,409.54296875
2023-10-05,31.38210678100586,81.11785888671875,25.99938201904297,77.95682525634766,95.60350799560547,38.991703033447266,122.85581970214844,62.211822509765625,36.64158248901367,30.417421340942383,63.675411224365234,409.3886413574219
2023-10-06,31.650327682495117,82.63577270507812,26.367841720581055,78.50428009033203,96.91132354736328,39.22504806518555,124.14491271972656,61.86845016479492,36.987789154052734,30.535709381103516,64.84814453125,414.249267578125
2023-10-09,31.669490814208984,83.06314086914062,26.630369186401367,78.58736419677734,98.4306640625,40.53361892700195,124.57461547851562,61.92414093017578,37.035213470458984,30.936059951782227,65.54595184326172,416.9013366699219
2023-10-10,31.89939308166504,83.19087219238281,26.994218826293945,79.4476318359375,99.02686309814453,40.583953857421875,125.16665649414062,62.55517578125,37.428855895996094,31.045244216918945,65.92391967773438,419.0712890625
2023-10-11,31.947294235229492,83.96212005615234,27.431766510009766,79.73114013671875,99.62305450439453,40.06235122680664,124.61279296875,62.128299713134766,37.51896667480469,31.673065185546875,66.52483367919922,420.7879333496094
2023-10-12,31.746124267578125,84.04071044921875,27.00803565979004,78.86107635498047,98.71915435791016,40.10810852050781,123.54332733154297,61.450870513916016,36.95933532714844,31.254512786865234,65.73979949951172,418.22259521484375
2023-10-13,31.81317710876465,82.83718872070312,27.312013626098633,77.70265197753906,97.84407806396484,40.99115753173828,124.31678009033203,61.989112854003906,36.8217887878418,31.24541473388672,65.00320434570312,416.13946533203125
2023-10-16,32.148460388183594,83.63298797607422,27.592966079711914,78.9588394165039,98.88262176513672,41.26569366455078,125.2525863647461,62.62940979003906,37.18224334716797,31.563875198364258,66.0499267578125,420.51788330078125
2023-10-17,32.30173110961914,83.2448959350586,27.51927375793457,79.14459991455078,99.19032287597656,41.695777893066406,125.08069610595703,62.89852523803711,37.54741668701172,31.400096893310547,66.28251647949219,420.4985656738281
2023-10-18,31.746124267578125,82.39015197753906,27.279773712158203,77.28718566894531,96.7959213256836,42.075538635253906,123.99213409423828,63.130523681640625,36.5751838684082,30.708589553833008,65.1388931274414,414.8953552246094
2023-10-19,31.324628829956055,81.91857147216797,27.00803565979004,75.31248474121094,95.90162658691406,42.00233459472656,122.76985931396484,62.666534423828125,36.148338317871094,29.953378677368164,65.07105255126953,411.2499694824219
2023-10-20,30.845664978027344,80.53328704833984,26.727088928222656,74.144287109375,94.9111557006836,41.29771423339844,122.28286743164062,62.42524719238281,35.71202850341797,29.79869842529297,64.47013854980469,406.19647216796875
2023-10-23,30.654071807861328,80.62662506103516,26.50140380859375,74.23225402832031,94.46881866455078,40.62970733642578,121.51896667480469,62.304603576660156,35.31364059448242,29.543933868408203,64.80937194824219,405.49249267578125
2023-10-24,30.86482048034668,81.18170166015625,27.18305778503418,75.02409362792969,95.180419921875,40.05778121948242,121.891357421875,62.83356475830078,35.730995178222656,29.9169864654541,65.57503509521484,408.5496826171875
2023-10-25,30.749862670898438,80.22380828857422,27.33504295349121,73.50884246826172,93.95917510986328,39.98456954956055,120.80280303955078,63.047000885009766,35.31364059448242,29.28916358947754,62.73531723022461,402.6860656738281
2023-10-26,30.682809829711914,78.69114685058594,27.569936752319336,72.36019897460938,93.56490325927734,39.673439025878906,119.60919189453125,62.63868713378906,35.56025695800781,29.90789031982422,61.3687629699707,397.8640441894531
2023-10-27,30.12720489501953,79.14798736572266,27.049489974975586,73.11780548095703,92.7379150390625,38.72175979614258,117.58482360839844,61.78494644165039,35.5460319519043,29.434749603271484,61.145851135253906,396.0605773925781
2023-10-30,30.663646697998047,79.99783325195312,27.25674819946289,73.78746032714844,93.89185333251953,38.84986114501953,118.24369812011719,62.75004577636719,35.91120910644531,29.52573585510254,62.405792236328125,400.7958679199219
2023-10-31,30.998926162719727,80.56767272949219,27.491636276245117,74.34467315673828,94.5842056274414,38.97797775268555,118.92167663574219,62.97274398803711,36.07246780395508,30.117156982421875,62.72563934326172,403.31298828125
2023-11-01,31.200098037719727,82.1248779296875,27.804828643798828,75.26360321044922,94.89192199707031,38.886474609375,119.16992950439453,62.90781021118164,36.091426849365234,30.271841049194336,63.64634323120117,407.6141662597656
2023-11-02,31.937713623046875,83.51508331298828,28.325275421142578,77.22853088378906,96.843994140625,40.06235122680664,121.06062316894531,63.72443389892578,36.78860092163086,31.20902442932129,64.48953247070312,415.42584228515625
2023-11-03,32.35919952392578,84.37474822998047,28.4910831451416,78.31364440917969,97.6998291015625,39.65972137451172,121.6622085571289,63.79866409301758,37.3671989440918,31.946025848388672,65.47811126708984,419.21588134765625
2023-11-06,32.26341247558594,84.9298324584961,28.417394638061523,78.4113998413086,97.44019317626953,39.21131896972656,122.47384643554688,63.90074157714844,37.18224334716797,31.509286880493164,65.30364990234375,420.1803283691406
2023-11-07,32.21551513671875,85.8582763671875,28.210134506225586,79.28633880615234,97.1998062133789,38.34199905395508,122.55980682373047,64.05850219726562,36.46135330200195,31.24541473388672,65.65255737304688,421.37615966796875
2023-11-08,32.25382995605469,86.3446044921875,28.00287628173828,79.07615661621094,97.42096710205078,37.86157989501953,122.3879165649414,63.80794906616211,36.5751838684082,31.427392959594727,65.34242248535156,421.6848449707031
2023-11-09,32.11972427368164,85.94180297851562,27.634418487548828,77.5999984741211,97.20941162109375,37.7471923828125,119.85746765136719,63.548126220703125,36.26217269897461,30.945148468017578,65.32303619384766,418.39617919921875
2023-11-10,32.48373794555664,88.18673706054688,27.781801223754883,78.8904037475586,98.61336517333984,38.16355895996094,120.57361602783203,63.993534088134766,36.68900680541992,31.29090690612793,66.36006164550781,424.9252014160156
2023-11-13,32.43584060668945,87.67092895507812,27.45018768310547,79.22767639160156,98.69991302490234,38.43808364868164,121.27069854736328,64.19768524169922,36.636837005615234,31.027042388916016,66.21469116210938,424.5201110839844
2023-11-14,33.04893112182617,89.42465209960938,28.54635238647461,81.89644622802734,100.68082427978516,38.78123474121094,122.0918960571289,64.85655975341797,37.71815490722656,32.70123291015625,67.29048919677734,432.756103515625
2023-11-15,33.230926513671875,89.53763580322266,28.458843231201172,81.99420928955078,100.89238739013672,38.708030700683594,122.18738555908203,65.376220703125,37.8841438293457,32.77402877807617,67.6199951171875,433.6722717285156
2023-11-16,33.365047454833984,89.98465728759766,28.610836029052734,81.15350341796875,100.91162109375,37.953086853027344,122.71257019042969,64.56889343261719,37.99797058105469,32.764915466308594,67.92044067382812,434.20269775390625
2023-11-17,33.537471771240234,89.79798889160156,28.689128875732422,81.69605255126953,101.55590057373047,38.749210357666016,122.46430206298828,64.48535919189453,38.06910705566406,32.72853088378906,67.91075897216797,434.74285888671875
2023-11-20,33.67158508300781,91.09976959228516,28.601621627807617,82.11640167236328,101.86360931396484,38.804115295410156,123.2091293334961,64.43897247314453,38.13551330566406,32.98329544067383,68.67642974853516,438.0892333984375
2023-11-21,33.65243148803711,90.36292266845703,28.6614933013916,81.90623474121094,101.78668212890625,38.71717834472656,123.95392608642578,64.63385009765625,38.28253173828125,32.819515228271484,68.44380187988281,437.13446044921875
2023-11-22,33.78654098510742,90.76573944091797,28.799667358398438,82.155517578125,102.00786590576172,38.69888687133789,124.54594421386719,65.09783172607422,38.306243896484375,32.91960525512695,69.00595092773438,438.8221435546875
2023-11-24,33.891910552978516,90.5888900756836,28.87335968017578,82.23371887207031,102.25788116455078,38.8590202331543,125.2143783569336,65.339111328125,38.47224044799805,33.04698181152344,68.7733383178711,439.09222412109375
2023-11-27,33.776954650878906,90.5839614868164,28.919418334960938,82.36567687988281,101.680908203125,38.72175979614258,124.43138122558594,65.15350341796875,38.424800872802734,33.1652717590332,68.34689331054688,438.3014221191406
2023-11-28,33.767372131347656,90.75591278076172,29.011533737182617,82.83981323242188,101.44049835205078,38.73090744018555,123.79161071777344,65.45046997070312,38.50069046020508,33.347251892089844,68.51165771484375,438.7353820800781
2023-11-29,34.00686264038086,90.82467651367188,28.781248092651367,82.614990234375,101.82516479492188,38.442649841308594,123.82977294921875,64.92151641845703,38.69988250732422,33.60201644897461,68.01737213134766,438.4267883300781
2023-11-30,34.39004135131836,90.95732116699219,28.90559959411621,82.49766540527344,102.94062805175781,38.69888687133789,125.38626098632812,65.57112121582031,39.08403778076172,33.87498474121094,67.6199951171875,440.1530456542969
2023-12-01,34.648681640625,91.16362762451172,29.26024055480957,83.62676239013672,104.56574249267578,38.90019989013672,125.88282012939453,65.84021759033203,39.52983856201172,34.584693908691406,67.75569152832031,442.7569274902344
2023-12-04,34.61036682128906,90.0534439086914,29.145099639892578,83.30905151367188,104.73883819580078,38.72175979614258,126.12153625488281,65.92373657226562,39.06980514526367,34.7757682800293,67.07725524902344,440.43280029296875
2023-12-05,34.43793487548828,90.59379577636719,28.937843322753906,83.4556884765625,103.89261627197266,38.044593811035156,125.9592056274414,65.40408325195312,38.53388214111328,34.63018798828125,66.76712036132812,440.3459777832031
2023-12-06,34.265506744384766,89.82746887207031,29.324724197387695,83.57789611816406,104.35418701171875,37.47724914550781,126.0546646118164,65.23703002929688,38.45326614379883,34.51190185546875,66.59268188476562,438.5715026855469
2023-12-07,34.428348541259766,90.91801452636719,29.26024055480957,84.2670669555664,104.45037078857422,37.22101593017578,125.90192413330078,65.51542663574219,38.714111328125,34.557395935058594,67.98831176757812,441.91796875
2023-12-08,34.61036682128906,91.69416809082031,29.204973220825195,84.65321350097656,104.77729034423828,37.623653411865234,126.11198425292969,65.06070709228516,38.856388092041016,34.48460388183594,68.3081283569336,443.8178405761719
2023-12-11,34.82110595703125,92.49488067626953,29.393810272216797,84.87805938720703,105.77737426757812,37.669410705566406,126.94271850585938,65.68244934082031,39.13146209716797,34.60289001464844,67.7847671508789,445.5440979003906
2023-12-12,35.07017135620117,93.10893249511719,29.274063110351562,85.14200592041016,106.25818634033203,37.152381896972656,127.48703002929688,65.89590454101562,39.359107971191406,34.593788146972656,68.06584167480469,447.5789794921875
2023-12-13,35.63536071777344,93.92929077148438,30.37943458557129,86.2564468383789,107.44097137451172,37.669410705566406,129.83602905273438,67.0929946899414,39.83810806274414,35.84943771362305,68.70548248291016,453.7511291503906
2023-12-14,35.98979949951172,93.69841003417969,29.983341217041016,87.41488647460938,108.82569122314453,38.77665710449219,129.20579528808594,66.10933685302734,40.49734115600586,36.84120559692383,69.00595092773438,455.2073669433594
2023-12-15,35.779052734375,94.17001342773438,29.4628963470459,87.5957260131836,108.68145751953125,38.570762634277344,128.10768127441406,66.10933685302734,40.393001556396484,36.39535903930664,68.83148193359375,454.4579162597656
2023-12-18,35.89841842651367,94.45161437988281,29.39640998840332,88.1392593383789,108.67660522460938,38.885807037353516,128.3167724609375,66.79750061035156,40.45556640625,36.29512405395508,69.68063354492188,457.0142517089844
2023-12-19,36.16797637939453,94.8110122680664,29.563779830932617,88.82967376708984,109.51778411865234,39.35236358642578,129.18002319335938,66.92840576171875,40.82807159423828,36.54341125488281,70.38986206054688,459.7933044433594
2023-12-20,35.522979736328125,93.37835693359375,28.964040756225586,87.20890045166016,107.7484130859375,38.987430572509766,127.30965423583984,65.62874603271484,40.202457427978516,36.08363342285156,69.84579467773438,453.42181396484375
2023-12-21,35.869537353515625,94.42698669433594,29.01518440246582,88.53587341308594,108.86031341552734,39.139869689941406,128.86351013183594,66.08688354492188,40.62749099731445,36.3870849609375,70.53561401367188,457.7211608886719
2023-12-22,35.946556091308594,94.5500717163086,29.11281394958496,87.8846206665039,109.3824234008789,39.25535583496094,129.50613403320312,66.59180450439453,40.88060760498047,36.53421401977539,70.54534149169922,458.6410217285156
2023-12-26,36.09095764160156,94.94393157958984,29.28948402404785,88.25676727294922,110.15592956542969,39.592567443847656,129.79391479492188,66.87229919433594,41.07164001464844,36.80088806152344,70.81736755371094,460.5776672363281
2023-12-27,36.206478118896484,94.93901062011719,29.270883560180664,88.56035614013672,110.32030487060547,39.417030334472656,130.34060668945312,67.18086242675781,41.17192840576172,37.012386322021484,70.82707977294922,461.4104309082031
2023-12-28,36.3123779296875,95.05224609375,29.48009490966797,88.10008239746094,110.34929656982422,38.8165168762207,130.67630004882812,67.20890808105469,41.01432418823242,37.242279052734375,71.02137756347656,461.584716796875
2023-12-29,36.19685745239258,94.76175689697266,29.442903518676758,87.55654907226562,110.21393585205078,38.72875213623047,130.81060791015625,67.34916687011719,40.85195541381836,36.83767318725586,70.59391021728516,460.24847412109375
2024-01-02,36.35087966918945,92.28047943115234,29.870622634887695,86.74369812011719,109.10203552246094,39.14448547363281,133.11257934570312,68.10653686523438,40.78031539916992,37.17790603637695,70.19557189941406,457.6726989746094
2024-01-03,36.04281997680664,91.34014129638672,29.98219871520996,84.99072265625,107.47769165039062,39.78196716308594,132.89199829101562,67.57355499267578,40.340946197509766,36.29512405395508,69.93324279785156,453.9350280761719
2024-01-04,36.187232971191406,90.67058563232422,29.88922119140625,84.3933334350586,107.61305236816406,39.08443832397461,133.55381774902344,67.48005676269531,40.21199417114258,36.20317077636719,69.70008087158203,452.4728698730469
2024-01-05,36.34125518798828,90.64596557617188,30.000797271728516,84.5255355834961,107.7387466430664,39.11676788330078,133.43870544433594,67.3304672241211,40.27886199951172,36.129608154296875,69.99153137207031,453.0926513671875
2024-01-08,36.57229995727539,92.92049407958984,30.21930503845215,85.96515655517578,108.44456481933594,38.66407775878906,134.61849975585938,67.82601928710938,40.45079803466797,36.62617492675781,71.07969665527344,459.56097412109375
2024-01-09,36.34125518798828,93.06818389892578,29.972904205322266,85.6468734741211,108.10615539550781,38.045082092285156,134.59930419921875,68.00366973876953,39.9875373840332,36.36869430541992,70.9339599609375,458.86383056640625
2024-01-10,36.399024963378906,93.86082458496094,29.96825408935547,86.33240509033203,108.65727996826172,37.67091369628906,135.21315002441406,67.8634262084961,39.93500518798828,36.42387008666992,71.59461975097656,461.4588317871094
2024-01-11,36.26424026489258,94.33836364746094,29.270883560180664,86.21977233886719,108.40589904785156,37.76792526245117,135.1172637939453,67.85407257080078,39.81560516357422,36.08363342285156,71.36143493652344,461.2555236816406
2024-01-12,36.19685745239258,94.64361572265625,29.438255310058594,85.18170166015625,108.39623260498047,38.19290542602539,134.78155517578125,68.06912231445312,39.853816986083984,36.359500885009766,71.71121215820312,461.57501220703125
2024-01-16,35.946556091308594,94.87992858886719,29.117460250854492,85.08375549316406,107.30364227294922,37.28288269042969,133.97581481933594,67.69512176513672,39.39533615112305,36.1388053894043,71.30314636230469,459.88043212890625
2024-01-17,35.87916946411133,94.41222381591797,28.694395065307617,84.33948516845703,106.57849884033203,36.97339630126953,133.70726013183594,67.64836883544922,39.10879898071289,35.47671890258789,70.86595153808594,457.32415771484375
2024-01-18,35.93693542480469,96.3273696899414,28.38755226135254,84.81934356689453,108.01914978027344,36.913333892822266,133.68809509277344,67.564208984375,39.232967376708984,35.246826171875,71.73063659667969,461.3910217285156
2024-01-19,36.51454162597656,98.5477066040039,28.350358963012695,85.6370849609375,108.72496032714844,37.03343963623047,133.76486206054688,67.36787414550781,39.27116775512695,35.58706283569336,72.70220947265625,467.142822265625
2024-01-22,36.68782424926758,98.98094940185547,28.20623779296875,85.26004791259766,109.5661392211914,37.17202377319336,134.34994506835938,67.04060363769531,39.38578796386719,35.752586364746094,72.84793090820312,468.1304931640625
2024-01-23,36.745582580566406,99.3797378540039,28.257375717163086,85.05436706542969,109.47913360595703,37.250553131103516,134.25401306152344,67.76991271972656,39.51473617553711,35.559478759765625,73.56689453125,469.49578857421875
2024-01-24,36.889991760253906,100.06405639648438,27.87150001525879,84.73119354248047,108.80230712890625,37.78178024291992,133.0262908935547,66.937744140625,38.97985076904297,35.072113037109375,74.02352905273438,470.0090026855469
2024-01-25,37.07289505004883,100.4825210571289,28.37360191345215,83.6833267211914,109.84652709960938,38.63174057006836,132.82484436035156,67.5829086303711,39.39057159423828,35.550289154052734,75.22825622558594,472.56536865234375
2024-01-26,37.207672119140625,99.3255844116211,28.457286834716797,84.06525421142578,109.67249298095703,38.91814422607422,133.58261108398438,67.9101791381836,39.4048957824707,35.39395523071289,75.4711685180664,471.96502685546875
2024-01-29,37.30393981933594,100.23638153076172,28.63860321044922,85.2943115234375,110.38798522949219,38.862709045410156,134.52256774902344,68.3028793334961,39.6006965637207,35.65143585205078,76.1026840209961,475.7026672363281
2024-01-30,37.77565383911133,99.40926361083984,28.62930679321289,85.24535369873047,110.42665100097656,39.26459503173828,134.82952880859375,68.68623352050781,39.78217697143555,35.32039260864258,75.58775329589844,475.334716796875
2024-01-31,37.313568115234375,97.32183074951172,28.568866729736328,83.69310760498047,109.15037536621094,38.53011703491211,134.64724731445312,68.18132781982422,39.261619567871094,35.06291961669922,73.72234344482422,467.57861328125
2024-02-01,37.37133026123047,98.5477066040039,29.11281394958496,85.30411529541016,111.00677490234375,38.5255012512207,136.3929443359375,69.57450103759766,39.91590118408203,35.67902374267578,74.48017120361328,473.69830322265625
2024-02-02,37.52535629272461,99.56681823730469,28.587467193603516,86.82696533203125,111.75127410888672,38.58092498779297,136.1915283203125,69.35009765625,39.681884765625,35.22843933105469,77.47258758544922,478.68505859375
2024-02-05,37.30393981933594,99.79326629638672,27.992374420166016,85.6028060913086,111.14214324951172,38.483917236328125,136.613525390625,68.91999816894531,38.674198150634766,34.529563903808594,76.38443756103516,476.94207763671875
2024-02-06,37.380950927734375,99.33543395996094,28.09465789794922,86.12185668945312,112.13801574707031,38.608642578125,138.10025024414062,69.07893371582031,39.35713577270508,35.05371856689453,76.15125274658203,478.3268127441406
2024-02-07,37.660133361816406,100.64990997314453,28.113256454467773,87.08649444580078,112.88251495361328,38.687171936035156,138.4743194580078,69.01350402832031,39.67233657836914,35.03532409667969,76.53987884521484,482.3162841796875
2024-02-08,37.51573181152344,100.96501159667969,27.913339614868164,87.46842956542969,112.90185546875,39.08443832397461,138.23452758789062,68.99478912353516,39.61980056762695,35.22843933105469,76.83134460449219,482.529296875
2024-02-09,37.62163162231445,102.32379913330078,28.020273208618164,88.09027862548828,113.07587432861328,38.483917236328125,138.12901306152344,68.3589859008789,39.70576095581055,35.32039260864258,76.91878509521484,485.3179931640625
2024-02-12,37.7949104309082,101.54594421386719,28.3457088470459,88.01683807373047,113.24027252197266,38.908897399902344,138.31124877929688,68.84517669677734,40.02096939086914,35.210044860839844,77.16168975830078,485.10498046875
2024-02-13,37.28468704223633,99.82280731201172,27.876150131225586,86.26384735107422,112.08000946044922,38.51625442504883,137.0259552001953,68.10653686523438,39.457420349121094,34.56635284423828,76.07352447509766,478.4236145019531
2024-02-14,37.640872955322266,100.86653900146484,28.029569625854492,87.17462158203125,113.95574951171875,38.479305267333984,138.21536254882812,67.97562408447266,39.71053695678711,34.79623794555664,77.28799438476562,482.7713317871094
2024-02-15,38.28588104248047,100.65483856201172,28.499130249023438,88.18331909179688,114.80658721923828,39.55099105834961,139.2224578857422,68.41506958007812,40.4603385925293,35.6330451965332,77.91950225830078,486.1024169921875
2024-02-16,38.15109634399414,99.72927856445312,28.466585159301758,87.65939331054688,114.12010955810547,39.52790832519531,139.6732635498047,68.5179214477539,40.67524719238281,35.26521682739258,76.70503234863281,483.6816101074219
2024-02-20,38.045204162597656,98.71509552001953,28.447986602783203,86.83185577392578,113.76237487792969,39.16758728027344,139.2032928466797,69.23789978027344,40.58927536010742,35.210044860839844,76.58845520019531,481.01873779296875
2024-02-21,38.16072463989258,98.09478759765625,28.824569702148438,87.47329711914062,114.21678924560547,39.90206527709961,139.5102081298828,69.4903564453125,40.813743591308594,35.467525482177734,76.50101470947266,481.45452880859375
2024-02-22,38.60355758666992,101.30470275878906,28.601411819458008,89.17244720458984,115.62842559814453,39.97135925292969,141.150390625,69.70539855957031,41.22446823120117,35.559478759765625,77.64747619628906,491.41839599609375
2024-02-23,38.79609298706055,101.06838989257812,28.805971145629883,88.77091979980469,116.23757934570312,39.70804977416992,141.82180786132812,69.92046356201172,41.4680290222168,35.6054573059082,77.4531478881836,491.7573547363281
2024-02-26,38.60355758666992,101.16685485839844,28.238779067993164,89.0451431274414,116.06353759765625,39.84663772583008,141.09283447265625,69.63994598388672,41.21968460083008,35.20084762573242,76.32612609863281,489.9562683105469
2024-02-27,38.70945358276367,101.2554702758789,28.773427963256836,89.33893585205078,116.23757934570312,39.675716400146484,140.74754333496094,69.64929962158203,41.37250518798828,35.22843933105469,76.94792938232422,490.8664855957031
2024-02-28,38.853858947753906,100.77790832519531,28.86176109313965,89.69149017333984,116.63398742675781,39.59718704223633,140.0473175048828,69.72411346435547,41.50145721435547,35.67902374267578,76.42329406738281,490.2176818847656
2024-02-29,38.8346061706543,101.90040588378906,28.871057510375977,90.29867553710938,116.99172973632812,39.79119873046875,138.90594482421875,69.61190032958984,41.816654205322266,35.964088439941406,77.10338592529297,491.98004150390625
2024-03-01,38.78646469116211,103.7613754272461,28.694395065307617,90.59736633300781,117.4944839477539,40.25313949584961,140.3638916015625,69.62125396728516,42.0076904296875,36.359500885009766,77.74462890625,496.5988464355469
2024-03-04,38.88274002075195,103.7613754272461,29.17790412902832,89.37319946289062,117.91992950439453,39.82353210449219,140.15286254882812,69.67736053466797,42.31333541870117,36.77329635620117,76.72447204589844,496.0662841796875
2024-03-05,38.89236831665039,101.2111587524414,29.09421730041504,88.26167297363281,116.95304107666016,40.119178771972656,139.10736083984375,69.84564208984375,42.0888671875,36.304325103759766,76.1026840209961,491.1085205078125
2024-03-06,39.09453582763672,102.0136489868164,29.373165130615234,87.94828796386719,117.56217956542969,40.24390411376953,140.0569610595703,70.4347152709961,42.39929962158203,36.50662612915039,76.20954895019531,493.5970153808594
2024-03-07,39.036766052246094,103.62351989746094,29.563779830932617,88.61912536621094,118.50971221923828,40.585731506347656,140.7091522216797,70.83678436279297,42.919864654541016,36.50662612915039,77.44342041015625,498.4967346191406
2024-03-08,39.10415267944336,102.08257293701172,29.638164520263672,88.29104614257812,118.2486572265625,40.72892761230469,140.45016479492188,70.2757797241211,42.67152404785156,36.938819885253906,77.32683563232422,495.5046691894531
2024-03-11,39.17154312133789,101.80195617675781,29.78693962097168,88.0511245727539,117.6395263671875,41.149295806884766,140.3734588623047,70.65911865234375,43.15387725830078,36.75490951538086,77.18111419677734,495.07867431640625
2024-03-12,39.335201263427734,103.88939666748047,29.49869155883789,88.81008911132812,118.16163635253906,41.084625244140625,141.0256805419922,71.02377319335938,43.14909744262695,36.6629524230957,77.86122131347656,500.40435791015625
2024-03-13,39.62400436401367,102.76689910888672,29.698606491088867,88.6240234375,118.480712890625,41.74057388305664,140.4789581298828,71.20143127441406,43.57414245605469,36.43305969238281,77.99722290039062,499.6199951171875
2024-03-14,39.30632400512695,102.78659057617188,29.46150016784668,88.06089782714844,117.97793579101562,42.1701774597168,139.98020935058594,70.64977264404297,43.344905853271484,35.91810989379883,77.81262969970703,498.63232421875
2024-03-15,39.26781463623047,101.23577880859375,29.503339767456055,87.18441009521484,117.99727630615234,42.29489517211914,139.42388916015625,70.62171173095703,43.36400604248047,35.89971923828125,77.03539276123047,495.2084655761719
2024-03-18,39.49295425415039,101.73334503173828,29.639280319213867,87.850341796875,118.20677185058594,42.44111633300781,139.40753173828125,71.07569885253906,43.443092346191406,35.894161224365234,78.61746215820312,498.15155029296875
2024-03-19,39.686222076416016,102.26100158691406,29.901782989501953,88.61096954345703,119.2251205444336,42.925411224365234,140.33164978027344,71.33944702148438,43.4478874206543,35.894161224365234,78.58824920654297,500.9197998046875
2024-03-20,40.15971374511719,103.40508270263672,29.939281463623047,89.93101501464844,120.6605224609375,42.86487579345703,140.01397705078125,71.55609130859375,43.884037017822266,36.042301177978516,79.51373291015625,505.552978515625
2024-03-21,40.488250732421875,103.47905731201172,29.892410278320312,90.45610809326172,121.85345458984375,43.120994567871094,140.19686889648438,71.59376525878906,44.0661735534668,36.18117141723633,79.54297637939453,507.2236022949219
2024-03-22,40.02442932128906,103.51355743408203,29.93459701538086,89.66603088378906,121.43640899658203,43.02785873413086,140.00436401367188,71.24525451660156,43.7929801940918,35.755287170410156,79.70856475830078,506.2620849609375
2024-03-25,39.86981964111328,102.82811737060547,30.075223922729492,89.37159729003906,120.65081024169922,43.4283332824707,139.81182861328125,71.0474624633789,43.80735397338867,35.61641311645508,79.43579864501953,504.8634033203125
2024-03-26,40.00510787963867,102.40401458740234,29.733030319213867,89.48445892333984,120.2143783569336,43.093055725097656,140.32200622558594,71.08514404296875,43.7738037109375,35.468284606933594,79.27017974853516,503.9308776855469
2024-03-27,40.478599548339844,102.9267349243164,30.562721252441406,90.51990509033203,122.14440155029297,43.493526458740234,142.1894989013672,71.8292465209961,44.401676177978516,36.36632537841797,79.6793441772461,508.16583251953125
2024-03-28,40.70084762573242,102.70482635498047,30.773664474487305,90.24018859863281,122.1637954711914,43.96385955810547,142.20877075195312,71.92342376708984,44.52150344848633,36.597782135009766,79.55268859863281,508.06866455078125
2024-04-01,40.478599548339844,102.99083709716797,30.586162567138672,89.56788635253906,121.22303009033203,44.289825439453125,140.99586486816406,71.348876953125,44.41606140136719,35.95896530151367,80.16644287109375,507.1847229003906
2024-04-02,40.2660026550293,101.99964141845703,30.637723922729492,88.2478256225586,120.6605224609375,44.90916061401367,138.80108642578125,70.98152923583984,44.25309371948242,35.56086349487305,80.03980255126953,503.9601135253906
2024-04-03,40.24668502807617,102.27086639404297,30.515846252441406,88.3116226196289,121.2812271118164,45.21650695800781,138.6470489501953,70.19974517822266,44.51670455932617,35.579376220703125,80.67300415039062,504.5136413574219
2024-04-04,39.792518615722656,100.65338897705078,30.454910278320312,87.27617645263672,120.2143783569336,45.188560485839844,136.64479064941406,69.8983383178711,44.0661735534668,35.3016357421875,79.5819320678711,498.3555603027344
2024-04-05,40.169376373291016,101.80730438232422,30.543975830078125,87.76200103759766,121.88253784179688,45.67285919189453,137.86734008789062,70.01136779785156,44.463985443115234,35.53308868408203,80.39051055908203,503.5617370605469
2024-04-08,40.34331130981445,101.68896484375,30.74553680419922,88.59622955322266,121.66917419433594,45.3841438293457,137.42453002929688,69.90776062011719,44.497535705566406,35.8386116027832,80.40023040771484,503.8434143066406
2024-04-09,40.111392974853516,102.20183563232422,30.914287567138672,89.01335144042969,121.38792419433594,45.39811325073242,137.9154510498047,70.24683380126953,44.60298156738281,36.292266845703125,80.48793029785156,504.4262390136719
2024-04-10,39.51228713989258,100.94926452636719,30.384601593017578,87.63931274414062,120.35016632080078,45.53781509399414,136.29823303222656,69.99253845214844,43.90800476074219,34.801692962646484,79.85470581054688,499.3754577636719
2024-04-11,39.232059478759766,102.9661865234375,30.32366180419922,88.34596252441406,120.48595428466797,45.505226135253906,135.73992919921875,69.82298278808594,43.874454498291016,34.838722229003906,80.55612182617188,503.14410400390625
2024-04-12,38.71025466918945,101.29939270019531,30.093971252441406,86.91304779052734,119.19602966308594,44.76480484008789,133.7183837890625,69.11656188964844,43.09800338745117,34.47765350341797,79.23120880126953,496.1991882324219
2024-04-15,38.51698684692383,99.37617492675781,29.81740951538086,85.46540069580078,118.34254455566406,44.345703125,133.44888305664062,68.833984375,42.891902923583984,33.8758659362793,78.2278060913086,489.98272705078125
2024-04-16,38.25608444213867,99.4945297241211,29.423656463623047,84.97956848144531,118.07098388671875,43.959197998046875,133.4969940185547,68.86224365234375,42.56119918823242,33.357398986816406,77.96475982666016,489.089111328125
2024-04-17,38.35271453857422,98.05952453613281,30.0377197265625,84.56735229492188,117.45997619628906,43.833465576171875,133.26597595214844,69.11656188964844,42.65705490112305,33.07965850830078,77.89656829833984,486.1945495605469
2024-04-18,38.487998962402344,96.94010162353516,30.20647430419922,84.04227447509766,117.0526351928711,43.69842529296875,133.25633239746094,69.43681335449219,42.67142868041992,33.08891677856445,78.27650451660156,485.1941223144531
2024-04-19,39.01947021484375,94.94290161132812,30.67053985595703,83.3061752319336,116.8392562866211,44.22463607788086,133.75689697265625,70.11498260498047,42.637882232666016,33.218528747558594,77.4192123413086,480.95916748046875
2024-04-22,39.49295425415039,95.79109191894531,30.951791763305664,83.67422485351562,117.72183990478516,44.51333999633789,134.2671356201172,70.78372955322266,42.681026458740234,33.48701858520508,77.5263671875,485.388427734375
2024-04-23,39.744205474853516,97.2113265991211,31.09709930419922,84.6703872680664,119.36089324951172,44.76014709472656,136.0190887451172,70.98152923583984,42.31196212768555,33.79254150390625,78.70514678955078,491.1483154296875
2024-04-24,39.734535217285156,97.65514373779297,31.28460693359375,85.4801025390625,118.41043853759766,44.792747497558594,135.5955352783203,71.51840209960938,42.34071731567383,33.922157287597656,78.75384521484375,490.91522216796875
2024-04-25,39.50262451171875,97.4430923461914,31.368982315063477,85.55371856689453,118.769287109375,44.99763870239258,134.69064331054688,71.348876953125,42.642669677734375,33.72773742675781,75.94818115234375,489.0502624511719
2024-04-26,39.44464874267578,98.54277801513672,31.026792526245117,86.32416534423828,118.96324920654297,44.58319854736328,134.72918701171875,71.19815826416016,42.90628433227539,33.7555046081543,78.04268646240234,493.6834716796875
2024-04-29,39.38666534423828,98.96688842773438,31.44866943359375,88.33125305175781,119.75855255126953,44.88588333129883,135.1815948486328,71.42422485351562,43.265750885009766,34.135093688964844,77.13668823242188,495.4317932128906
2024-04-30,39.000144958496094,96.7872314453125,31.28460693359375,86.18185424804688,117.85760498046875,43.54941177368164,135.08534240722656,71.11338806152344,42.47972106933594,33.50553512573242,75.85075378417969,487.5835876464844
2024-05-01,39.000144958496094,95.7960205078125,31.645545959472656,85.64205932617188,117.56665802001953,42.855560302734375,135.3259735107422,70.66127014160156,42.70018768310547,33.524051666259766,76.55219268798828,486.0003356933594
2024-05-02,39.09677505493164,97.17680358886719,31.814298629760742,86.72164916992188,118.24555206298828,43.10236740112305,135.229736328125,71.2546615600586,42.47972106933594,34.0054817199707,77.32179260253906,490.5460510253906
2024-05-03,39.183738708496094,99.88409423828125,32.06742477416992,87.30561828613281,119.0699462890625,43.10702896118164,135.56663513183594,71.47130584716797,42.91107940673828,34.27397537231445,78.14012145996094,496.6266174316406
2024-05-06,39.686222076416016,101.0577621459961,32.23148727416992,88.23800659179688,120.2725830078125,43.44696807861328,136.11532592773438,71.50898742675781,43.16989517211914,34.283233642578125,79.20199584960938,501.7550964355469
2024-05-07,39.82151412963867,100.72734832763672,32.59711837768555,87.6049575805664,120.6023178100586,43.40505599975586,137.2416229248047,72.29075622558594,43.682735443115234,34.6442985534668,79.28966522216797,502.308837890625
2024-05-08,39.966453552246094,101.01336669921875,32.939300537109375,87.27617645263672,120.6023178100586,43.35382843017578,136.76992797851562,72.07412719726562,43.481441497802734,34.32026290893555,79.16302490234375,502.3573303222656
2024-05-09,40.2660026550293,100.98379516601562,33.44086456298828,87.86996459960938,121.8049545288086,43.9359130859375,137.9443359375,72.69578552246094,43.96552276611328,35.134986877441406,79.56243133544922,505.2518310546875
2024-05-10,40.420616149902344,101.35855865478516,33.408058166503906,87.39885711669922,121.8922348022461,43.69377517700195,138.2235107421875,73.11021423339844,44.01823806762695,35.005367279052734,79.6793441772461,505.9026794433594
2024-05-13,40.25634002685547,101.83692169189453,33.408058166503906,87.2859878540039,121.37821960449219,43.57734680175781,138.08871459960938,72.90299224853516,43.98948287963867,35.09795379638672,79.53321838378906,505.9706115722656
2024-05-14,40.45926284790039,102.73933410644531,33.49711990356445,87.6834716796875,121.34911346435547,43.63322830200195,138.67591857910156,72.76171875,44.032623291015625,35.347923278808594,79.89366149902344,508.2920837402344
2024-05-15,40.75882339477539,105.05213928222656,33.998687744140625,87.81597900390625,122.14440155029297,43.731014251708984,140.73594665527344,72.80880737304688,44.10930633544922,35.949710845947266,80.40023040771484,514.5863037109375
2024-05-16,40.75882339477539,104.68721008300781,33.88149642944336,87.24673461914062,121.41700744628906,43.60995101928711,140.57229614257812,73.84489440917969,43.7929801940918,35.88490295410156,80.341796875,513.5275268554688
2024-05-17,41.05837631225586,104.45545196533203,33.90961837768555,87.69330596923828,121.55278015136719,44.219974517822266,140.84185791015625,73.66593170166016,44.166831970214844,35.88490295410156,80.47817993164062,514.2656860351562
2024-05-20,40.49791717529297,105.683349609375,33.85337829589844,87.04063415527344,121.78556060791016,43.93125534057617,140.5434112548828,73.15730285644531,44.229129791259766,35.66270065307617,80.71198272705078,514.8582153320312
2024-05-21,40.75882339477539,105.85596466064453,34.15806198120117,87.60005950927734,121.38792419433594,43.717044830322266,140.7841033935547,73.59058380126953,44.229129791259766,35.63493347167969,80.60482788085938,516.1210327148438
2024-05-22,40.52690887451172,106.09264373779297,33.75493240356445,86.68729400634766,121.53339385986328,42.878849029541016,141.0343475341797,73.298583984375,43.79776382446289,35.329410552978516,80.7022476196289,514.6348876953125
2024-05-23,39.966453552246094,105.22966766357422,33.18305587768555,85.2838134765625,120.09799194335938,42.4876823425293,139.49415588378906,72.43206024169922,43.409542083740234,34.57948684692383,79.7864990234375,510.8758239746094
2024-05-24,40.20803451538086,106.11729431152344,33.515869140625,86.14259338378906,120.7090072631836,42.54822540283203,139.02247619628906,72.62042236328125,43.788185119628906,34.57948684692383,80.80939483642578,514.256103515625
2024-05-28,39.763526916503906,106.56607055664062,33.483062744140625,85.93157958984375,119.23482513427734,42.98594665527344,137.337890625,72.05528259277344,43.620426177978516,34.37581253051758,80.94578552246094,514.615478515625
2024-05-29,39.44464874267578,105.89046478271484,33.05180740356445,85.36724853515625,117.54724884033203,42.226905822753906,136.26937866210938,71.53724670410156,42.997344970703125,34.0517692565918,80.51715087890625,511.0117492675781
2024-05-30,39.657230377197266,103.47412109375,33.49711990356445,85.87268829345703,118.35224914550781,42.347984313964844,136.3367462158203,71.7256088256836,43.34724044799805,34.54246139526367,80.25411987304688,507.6219177246094
2024-05-31,40.237022399902344,103.63684844970703,34.08774948120117,86.3536148071289,119.78764343261719,43.40039825439453,138.32937622070312,72.84647369384766,43.86965560913086,35.22757339477539,81.11141204833984,512.2454223632812
2024-06-03,39.98577880859375,103.89820098876953,33.69868850708008,86.31434631347656,118.32313537597656,42.264163970947266,139.3016357421875,72.8182144165039,43.61083984375,35.08869934082031,81.4328842163086,512.6631469726562
2024-06-04,39.802181243896484,104.11518859863281,33.68461990356445,86.40267944335938,118.03218841552734,41.85902786254883,139.70594787597656,73.44929504394531,43.12675857543945,35.421993255615234,81.74462890625,513.2360229492188
2024-06-05,39.91813278198242,106.427978515625,33.49242401123047,86.90812683105469,119.2251205444336,41.8543701171875,140.34127807617188,73.28916931152344,43.423919677734375,35.37569808959961,82.73831176757812,519.3359375
2024-06-06,39.89881134033203,106.07292175292969,33.14555740356445,87.54117584228516,118.51712036132812,42.073238372802734,140.8033447265625,73.5152359008789,43.47184753417969,35.43124771118164,82.78702545166016,519.326416015625
2024-06-07,40.0824089050293,106.31948852539062,32.784610748291016,87.18293762207031,118.64320373535156,41.90559387207031,140.9573211669922,73.14789581298828,43.03569793701172,35.153499603271484,82.22199249267578,518.6948852539062
2024-06-10,39.927799224853516,106.59070587158203,33.20648956298828,87.462646484375,119.01175689697266,42.222251892089844,141.4771728515625,73.09137725830078,42.992557525634766,35.329410552978516,82.42657470703125,520.297607421875
2024-06-11,39.4736328125,108.57310485839844,33.00493240356445,87.23200988769531,118.33285522460938,42.138431549072266,140.88998413085938,73.05370330810547,42.97818374633789,35.21832275390625,82.58243560791016,521.5506591796875
2024-06-12,39.43498992919922,110.97465515136719,32.78929901123047,88.13985443115234,119.45789337158203,41.686729431152344,140.59158325195312,72.2530746459961,43.059654235839844,35.468284606933594,82.40708923339844,525.834228515625
2024-06-13,39.40599060058594,111.85244750976562,32.86430740356445,88.20855712890625,118.69168090820312,41.30488204956055,140.4760284423828,72.34727478027344,43.0452766418457,35.64419174194336,81.6959228515625,526.8929443359375
2024-06-14,39.28038024902344,112.2716064453125,32.784610748291016,87.51172637939453,117.49876403808594,40.99753952026367,140.4279022216797,72.4791488647461,42.64746856689453,35.67196273803711,81.9589614868164,527.2135620117188
2024-06-17,39.62824249267578,113.97290802001953,32.423675537109375,89.04771423339844,118.79837799072266,41.104637145996094,140.28350830078125,73.16673278808594,42.96379470825195,35.48679733276367,82.34864044189453,531.4094848632812
2024-06-18,39.879486083984375,114.11592864990234,32.437740325927734,88.74837493896484,119.43848419189453,41.276947021484375,140.46641540527344,73.26091766357422,42.915870666503906,35.625675201416016,81.86153411865234,532.759765625
2024-06-20,40.092071533203125,112.83377075195312,32.718990325927734,88.86124420166016,119.51608276367188,42.03597640991211,140.92845153808594,73.10079193115234,42.959007263183594,35.53308868408203,82.2122573852539,531.3124389648438
2024-06-21,39.937461853027344,112.63651275634766,32.52680206298828,89.612060546875,119.26390838623047,41.793827056884766,141.3231658935547,73.15730285644531,42.96379470825195,35.625675201416016,82.74805450439453,530.6002197265625
2024-06-24,40.34782409667969,109.87507629394531,32.95444869995117,89.22943878173828,119.77095031738281,42.847660064697266,142.14749145507812,73.9374008178711,43.24070739746094,35.866024017333984,83.02546691894531,528.8753662109375
2024-06-25,40.047088623046875,111.89057922363281,32.64257049560547,88.87043762207031,118.74908447265625,42.946231842041016,141.70294189453125,73.46289825439453,42.69170379638672,35.36100769042969,83.9533920288086,530.9120483398438
2024-06-26,39.79485321044922,111.76214599609375,32.50553894042969,90.1589126586914,118.42793273925781,42.523765563964844,141.20040893554688,73.3110580444336,42.66281509399414,35.314239501953125,83.9631576538086,531.5745849609375
2024-06-27,39.74635314941406,111.81649017333984,32.562252044677734,90.70970916748047,118.55445098876953,42.622344970703125,140.96849060058594,72.99787902832031,42.542415618896484,35.63221740722656,84.44175720214844,532.41259765625
2024-06-28,39.88216781616211,111.7572021484375,32.198394775390625,89.70154571533203,118.6031265258789,42.78663635253906,140.85250854492188,72.67521667480469,42.52797317504883,35.92213821411133,83.67012786865234,530.3175048828125
2024-07-01,39.969478607177734,112.60194396972656,31.976299285888672,90.00646209716797,117.32821655273438,42.81010055541992,140.06007385253906,72.16275787353516,41.87303161621094,35.576107025146484,83.3184814453125,531.4089965820312
2024-07-02,40.435142517089844,113.16509246826172,32.14168167114258,91.75721740722656,117.97053527832031,42.77724075317383,139.5478515625,72.66572570800781,41.9500846862793,35.725738525390625,84.06083679199219,534.9851684570312
2024-07-03,40.309024810791016,114.69155883789062,32.335426330566406,92.34244537353516,118.39875793457031,42.96500778198242,138.48484802246094,72.54235076904297,42.26310729980469,35.688331604003906,84.09013366699219,537.3724365234375
2024-07-05,40.29931640625,115.04230499267578,32.392127990722656,93.09486389160156,117.97053527832031,42.29375076293945,139.55755615234375,73.43441772460938,42.33053207397461,35.81925964355469,85.72134399414062,540.4713134765625
2024-07-08,40.19260787963867,115.8277587890625,32.42521286010742,93.13912963867188,118.11652374267578,42.03558349609375,139.4029083251953,73.32054138183594,42.45574188232422,35.903438568115234,84.94969940185547,541.094970703125
2024-07-09,40.5030517578125,115.73388671875,32.519710540771484,93.4489517211914,117.6007308959961,41.66474533081055,140.07940673828125,73.13072967529297,42.02232360839844,35.91278839111328,85.21342468261719,541.6212158203125
2024-07-10,40.65827178955078,117.41348266601562,32.82686233520508,94.1521987915039,118.65177154541016,41.9463996887207,141.4033660888672,73.4533920288086,42.58576202392578,36.1652946472168,85.75064086914062,546.980712890625
2024-07-11,40.978416442871094,114.47418975830078,33.42697525024414,92.9571762084961,120.16022491455078,42.38294219970703,142.3987579345703,73.17819213867188,43.1684684753418,37.12858581542969,84.5785140991211,542.2643432617188
2024-07-12,41.11423110961914,115.49678039550781,33.672691345214844,94.171875,120.85118103027344,42.490909576416016,143.287841796875,73.5008544921875,43.58262634277344,37.399803161621094,84.30502319335938,545.6846313476562
2024-07-15,41.71571350097656,115.70426177978516,32.85521697998047,94.06368255615234,121.71733093261719,43.13399887084961,142.78529357910156,73.07380676269531,43.47186279296875,37.55878829956055,84.60782623291016,547.185302734375
2024-07-16,42.19108200073242,115.31893157958984,33.11038589477539,95.7505111694336,124.75370788574219,43.32645797729492,144.8244171142578,73.77606201171875,44.31462097167969,37.914180755615234,84.83247375488281,550.43017578125
2024-07-17,42.51122283935547,110.83343505859375,33.12928009033203,94.1521987915039,123.15766906738281,43.7583122253418,145.4815673828125,74.72506713867188,44.22311782836914,38.250858306884766,83.55290985107422,542.712646484375
2024-07-18,41.99705505371094,110.84331512451172,33.10092544555664,93.19322204589844,122.19419860839844,43.838111877441406,142.17648315429688,74.3549575805664,43.784889221191406,37.93287658691406,83.50408172607422,538.5418090820312
2024-07-19,41.570194244384766,109.109375,33.138736724853516,92.36211395263672,121.52269744873047,43.359317779541016,142.90127563476562,74.10822296142578,43.394813537597656,37.8861198425293,83.13290405273438,534.9656982421875
2024-07-22,41.80302810668945,111.69298553466797,33.41753005981445,93.3801040649414,122.75865173339844,43.08706283569336,143.7227325439453,74.15567016601562,43.53928756713867,38.26020812988281,83.48454284667969,540.4810791015625
2024-07-23,41.88063430786133,111.24839782714844,33.20961380004883,92.96210479736328,122.52507781982422,42.40172576904297,143.6357421875,73.88995361328125,43.712650299072266,38.19474411010742,83.36732482910156,539.63330078125
2024-07-24,41.308258056640625,106.64432525634766,33.582916259765625,89.16059875488281,119.88773345947266,42.40641403198242,144.83407592773438,73.82351684570312,43.15402603149414,37.67101287841797,81.18912506103516,527.4038696289062
2024-07-25,41.46348190307617,105.5031967163086,33.30411911010742,88.8114242553711,120.85118103027344,43.13869857788086,144.10926818847656,73.73809051513672,43.2744140625,37.46527099609375,80.2514419555664,524.6558837890625
2024-07-26,42.113468170166016,106.8419189453125,33.630165100097656,89.8048324584961,122.91436767578125,43.27482223510742,144.92103576660156,74.48783111572266,43.98233413696289,38.09186553955078,81.75565338134766,530.5318603515625
2024-07-29,42.05525588989258,106.36769104003906,33.781375885009766,91.30477142333984,122.70026397705078,42.903987884521484,145.00802612304688,74.51628875732422,44.059383392333984,38.33503341674805,82.47846984863281,530.8438110351562
2024-07-30,42.54032516479492,103.69514465332031,33.95621109008789,90.79823303222656,123.06034088134766,43.5705451965332,145.13365173339844,74.0133056640625,43.91490936279297,38.615596771240234,82.81055450439453,528.1542358398438
2024-07-31,42.433616638183594,108.08679962158203,34.39567565917969,92.20474243164062,124.43254852294922,43.75361633300781,144.60215759277344,73.88045501708984,44.37240982055664,38.522071838378906,83.79710388183594,536.7392578125
2024-08-01,41.832130432128906,104.0557632446289,35.014686584472656,89.94253540039062,122.12606811523438,42.59417724609375,146.08071899414062,74.56375122070312,44.19422149658203,39.12062454223633,84.13896942138672,529.138427734375
2024-08-02,40.80379104614258,101.13130187988281,35.07139587402344,86.6328125,119.44005584716797,41.49576187133789,145.7908172607422,75.21856689453125,43.36110305786133,39.14867401123047,82.77149963378906,519.2867431640625
2024-08-05,39.6202278137207,97.76223754882812,34.145233154296875,84.18373107910156,117.36714935302734,40.58041000366211,141.896240234375,73.73809051513672,42.393131256103516,38.01705551147461,80.39794158935547,504.1632080078125
2024-08-06,40.2605094909668,99.09109497070312,34.433467864990234,85.11320495605469,118.77828979492188,40.82920455932617,142.55337524414062,74.25057220458984,42.60984802246094,38.85875701904297,81.34539794921875,508.81134033203125
2024-08-07,40.309024810791016,97.485595703125,34.6272087097168,83.62801361083984,118.20410919189453,40.993492126464844,141.10377502441406,74.32648468017578,42.03194808959961,38.57818603515625,80.9156265258789,505.410400390625
2024-08-08,40.95901870727539,101.12635803222656,34.665016174316406,85.45252990722656,120.92904663085938,41.8759765625,144.2252655029297,75.00028991699219,42.68207550048828,38.905521392822266,82.52729797363281,517.0941772460938
2024-08-09,41.13363265991211,101.58084869384766,34.783145904541016,85.7377700805664,120.94851684570312,41.96986389160156,144.94036865234375,75.11416625976562,42.64836120605469,39.1019172668457,83.23058319091797,519.3744506835938
2024-08-12,40.920204162597656,102.4107666015625,34.844573974609375,85.39842987060547,120.33541107177734,42.17640686035156,144.38955688476562,74.73456573486328,42.46055221557617,38.86811447143555,82.65428161621094,519.647216796875
2024-08-13,41.2597541809082,105.5575180053711,35.047767639160156,87.53770446777344,121.60055541992188,41.76802062988281,146.13870239257812,75.07620239257812,42.884342193603516,39.13932418823242,83.72872924804688,528.193115234375
2024-08-14,41.764225006103516,106.13550567626953,35.024147033691406,87.07051086425781,122.09687805175781,42.01211166381836,146.6605682373047,75.41785430908203,42.884342193603516,39.27960968017578,83.25010681152344,529.8595581054688
2024-08-15,42.152278900146484,109.18841552734375,35.01941680908203,89.84909057617188,123.7415771484375,42.514373779296875,147.57867431640625,76.19603729248047,43.563358306884766,39.16738510131836,84.00222778320312,538.94140625
2024-08-16,42.46271514892578,109.37120056152344,35.175350189208984,90.06055450439453,123.56640625,42.46744155883789,147.7332763671875,76.40482330322266,43.61634063720703,39.14867401123047,84.25619506835938,540.1497192382812
2024-08-19,42.6955451965332,111.17430114746094,35.40689468383789,91.16708374023438,124.31575775146484,42.75377655029297,148.6320343017578,76.66107177734375,43.82341766357422,39.38248825073242,85.21342468261719,545.3145141601562
2024-08-20,42.55972671508789,110.78401947021484,35.33127975463867,91.0834732055664,123.97514343261719,41.627193450927734,149.23118591308594,77.04065704345703,43.664485931396484,39.41989517211914,85.15481567382812,544.4276123046875
2024-08-21,42.491817474365234,111.43611145019531,35.581729888916016,92.23423767089844,124.72451782226562,41.697601318359375,149.48243713378906,77.56261444091797,44.16532897949219,39.55083084106445,85.51622009277344,546.2985229492188
2024-08-22,42.734352111816406,108.87225341796875,35.53919982910156,90.64086151123047,124.56879425048828,41.80556869506836,149.57907104492188,77.44873809814453,44.07383346557617,39.793983459472656,84.87154388427734,542.0108642578125
2024-08-23,43.103004455566406,110.63583374023438,35.63843536376953,92.39161682128906,125.81449127197266,42.42988967895508,150.2265625,77.66700744628906,44.65654373168945,40.560874938964844,85.46737670898438,547.77001953125
2024-08-26,43.23881912231445,109.24769592285156,35.86996841430664,91.67361450195312,125.67822265625,42.81010055541992,150.14926147460938,78.21742248535156,44.85398483276367,40.53281784057617,85.6627426147461,546.4641723632812
2024-08-27,43.461952209472656,109.90966033935547,35.58644485473633,91.4326400756836,125.75608825683594,42.41110610961914,150.3811798095703,78.40724182128906,44.85880661010742,40.63569259643555,85.46737670898438,547.214599609375
2024-08-28,43.568668365478516,108.39308166503906,35.58644485473633,90.54742431640625,125.69770812988281,42.13885498046875,150.55514526367188,78.07508850097656,44.666168212890625,40.49540710449219,84.90084838867188,544.0379028320312
2024-08-29,43.956722259521484,107.41495513916016,35.78020095825195,90.65560150146484,126.58330535888672,42.68806457519531,150.87405395507812,77.68598937988281,44.91177749633789,40.33641815185547,84.72503662109375,544.0866088867188
2024-08-30,44.373878479003906,108.84261322021484,36.04953384399414,92.02278900146484,127.93604278564453,42.847660064697266,151.91778564453125,78.30284881591797,45.40298080444336,40.72921371459961,85.29154968261719,549.2803955078125
2024-09-03,44.04403305053711,103.8433609008789,35.997554779052734,90.75888061523438,125.10404968261719,41.7821044921875,151.62786865234375,78.853271484375,44.37240982055664,40.8227424621582,83.72872924804688,537.9767456054688
2024-09-04,44.09254455566406,103.57659149169922,36.30470275878906,90.99495697021484,125.23056030273438,41.20472717285156,151.36692810058594,79.223388671875,44.18940734863281,40.91626739501953,83.32825469970703,536.8756103515625
2024-09-05,43.60747146606445,103.41851043701172,36.21491241455078,92.02769470214844,123.77076721191406,40.885528564453125,149.2891845703125,78.9197006225586,43.842681884765625,40.80403518676758,83.57244110107422,535.5698852539062
2024-09-06,42.967185974121094,100.73611450195312,35.86996841430664,89.70154571533203,122.51535034179688,40.37387466430664,148.7769775390625,78.75835418701172,43.28886032104492,40.80403518676758,81.82403564453125,526.55615234375
2024-09-09,43.60747146606445,102.38606262207031,36.233821868896484,91.00971221923828,124.39362335205078,40.66490936279297,149.8206787109375,79.36572265625,43.70783233642578,41.29035949707031,82.1756591796875,532.4515380859375
2024-09-10,43.16121292114258,103.91744995117188,36.403934478759766,92.05228424072266,124.60770416259766,39.965484619140625,150.50685119628906,79.34674835205078,43.72710037231445,42.01982879638672,82.15613555908203,534.7706909179688
2024-09-11,42.957481384277344,107.46436309814453,36.5173454284668,92.97191619873047,124.83155822753906,39.59465026855469,150.0623016357422,78.60652923583984,43.833038330078125,41.90760803222656,82.49800872802734,540.2568969726562
2024-09-12,43.054500579833984,108.35355377197266,36.5976676940918,94.01941680908203,125.79499816894531,39.95140838623047,150.60348510742188,79.09051513671875,44.23756790161133,41.982421875,84.04129028320312,544.8076782226562
2024-09-13,43.18061828613281,108.89695739746094,37.11273193359375,94.65876007080078,127.06989288330078,40.176719665527344,150.91273498535156,79.65042877197266,44.637271881103516,42.28169250488281,84.85202026367188,547.6530151367188
2024-09-16,43.74329376220703,108.48200225830078,37.3962516784668,94.4964599609375,127.72195434570312,40.636741638183594,151.95645141601562,79.96361541748047,45.051429748535156,42.42197799682617,85.74087524414062,548.4618530273438
2024-09-17,43.97612380981445,108.26958465576172,37.36790084838867,94.97840881347656,128.42263793945312,41.185951232910156,150.39085388183594,79.20439910888672,45.138118743896484,42.085296630859375,85.74087524414062,548.6859741210938
2024-09-18,43.84030532836914,107.28157806396484,37.084381103515625,94.7915267944336,128.31558227539062,41.26575469970703,150.1396026611328,78.90071868896484,44.94548416137695,41.963714599609375,85.6725082397461,547.0587158203125
2024-09-19,44.325374603271484,110.4678726196289,36.86701965332031,96.9504623413086,130.5247039794922,41.758628845214844,150.68077087402344,78.43569946289062,45.62450408935547,41.860843658447266,86.83486938476562,556.3939208984375
2024-09-20,44.296268463134766,109.92940521240234,37.84043502807617,96.72916412353516,129.60992431640625,41.66474533081055,150.0623016357422,78.8153076171875,45.301849365234375,41.78602600097656,86.83486938476562,555.4321899414062
2024-09-23,44.242713928222656,109.90911865234375,38.215789794921875,97.90448760986328,130.47987365722656,42.17921447753906,149.76837158203125,79.27229309082031,45.697540283203125,42.24843978881836,87.02983093261719,556.8200073242188
2024-09-24,43.87272644042969,110.6613540649414,37.944618225097656,98.761962890625,131.41717529296875,42.07508850097656,149.46768188476562,79.08149719238281,46.3215446472168,42.24843978881836,87.44132232666016,558.4132690429688
2024-09-25,43.60984420776367,110.97808837890625,38.14443588256836,98.40714263916016,130.8020782470703,41.25157165527344,148.01266479492188,78.88114166259766,46.011959075927734,42.069496154785156,87.16699981689453,557.1817626953125
2024-09-26,43.83378219604492,112.44788360595703,37.882774353027344,98.82601928710938,131.45623779296875,40.44225311279297,148.5073699951172,79.06240844726562,46.96489715576172,41.655120849609375,87.6568603515625,559.3907470703125
2024-09-27,43.96036148071289,111.39873504638672,38.25860595703125,98.97386169433594,131.64173889160156,41.26577377319336,148.42977905273438,79.20551300048828,46.882667541503906,41.71162414550781,88.18590545654297,558.5794067382812
2024-09-30,44.125877380371094,111.72534942626953,38.429874420166016,98.74224090576172,132.23728942871094,41.55447769165039,149.39979553222656,79.18643951416016,46.621456146240234,42.069496154785156,88.56802368164062,560.8177490234375
2024-10-01,43.89220428466797,109.00347900390625,38.73909378051758,98.34307098388672,132.30563354492188,42.50104522705078,148.6140899658203,78.91930389404297,46.5053596496582,41.81521987915039,88.6365966796875,555.7937622070312
2024-10-02,43.940887451171875,109.81014251708984,38.75812530517578,97.51025390625,132.06153869628906,42.93647003173828,148.31336975097656,78.25145721435547,46.32638168334961,41.66453552246094,88.36226654052734,556.0283813476562
2024-10-03,43.70720291137695,110.26544952392578,38.743858337402344,96.38174438476562,131.3878936767578,43.6937255859375,146.97476196289062,77.4691390991211,45.81363296508789,41.25956726074219,88.05854034423828,555.0118408203125
2024-10-04,44.447181701660156,111.49275207519531,38.68201446533203,97.6580810546875,132.30563354492188,44.10074996948242,147.09117126464844,77.72673797607422,46.03614807128906,40.9864501953125,89.03827667236328,560.055419921875
2024-10-07,43.901939392089844,110.7256851196289,37.79238510131836,96.14027404785156,131.9834442138672,44.256935119628906,146.4412841796875,76.95396423339844,45.90070343017578,40.68507766723633,87.84302520751953,554.9922485351562
2024-10-08,44.155086517333984,112.79431915283203,37.81142044067383,97.07659149169922,132.27635192871094,43.10211944580078,147.23667907714844,77.3355712890625,45.68785858154297,40.80751419067383,88.61699676513672,560.2411499023438
2024-10-09,44.56402587890625,114.0562744140625,37.4879150390625,97.77142333984375,133.457763671875,43.362422943115234,148.7401885986328,77.80307006835938,45.97810745239258,40.82634735107422,88.6463851928711,564.1216430664062
2024-10-10,44.42770767211914,114.02656555175781,37.37373733520508,97.28849792480469,132.77430725097656,43.655860900878906,148.18727111816406,77.45960235595703,46.08451843261719,40.487308502197266,87.98995971679688,563.1343383789062
2024-10-11,45.28452682495117,114.22452545166016,37.701995849609375,96.87454223632812,135.1468505859375,43.925628662109375,149.273681640625,77.88892364501953,46.38442611694336,40.90169143676758,88.59739685058594,566.5064697265625
2024-10-14,45.5668830871582,115.71414184570312,38.17772674560547,97.29834747314453,135.95721435546875,43.906700134277344,150.09820556640625,78.20377349853516,46.650482177734375,41.18422317504883,89.00889587402344,571.1395874023438
2024-10-15,45.66425323486328,113.17041015625,38.349002838134766,97.51025390625,134.91250610351562,42.4915771484375,148.264892578125,78.69986724853516,46.602108001708984,41.702205657958984,89.20484924316406,566.7020263671875
2024-10-16,46.22896957397461,113.52178955078125,39.11017608642578,98.02277374267578,135.95721435546875,42.69508743286133,148.68197631835938,78.64262390136719,46.96489715576172,42.1165885925293,89.14605712890625,569.1651000976562
2024-10-17,46.35554122924805,113.86820983886719,38.76288604736328,97.9340591430664,135.56666564941406,42.89860534667969,147.8186798095703,78.28961944580078,47.03746032714844,41.843467712402344,88.72476196289062,569.214111328125
2024-10-18,46.36528015136719,114.27401733398438,38.986480712890625,98.31843566894531,135.9767303466797,42.756614685058594,148.53648376464844,78.46135711669922,47.22610855102539,42.135433197021484,89.38119506835938,571.4035034179688
2024-10-21,45.99528884887695,114.8084945678711,38.8342399597168,97.55459594726562,135.49830627441406,42.62882614135742,146.7904815673828,77.80307006835938,46.86331558227539,41.268978118896484,89.02849578857422,570.4652099609375
2024-10-22,45.90766906738281,114.6897201538086,38.69628143310547,97.16036224365234,133.85804748535156,42.72821807861328,146.5770721435547,78.2419204711914,46.432804107666016,41.33491134643555,89.15584564208984,570.1622314453125
2024-10-23,45.868717193603516,113.04669189453125,39.067359924316406,95.6326904296875,133.46751403808594,42.505775451660156,145.8883819580078,78.08927917480469,46.30703353881836,41.7398796081543,88.47982788085938,564.9523315429688
2024-10-24,45.90766906738281,113.3782730102539,38.815216064453125,98.64861297607422,132.5497283935547,42.50104522705078,144.92807006835938,77.98432922363281,45.74106979370117,41.834049224853516,88.78355407714844,566.1741943359375
2024-10-25,45.4013671875,113.9671859741211,38.23957061767578,98.95907592773438,132.1982421875,42.486846923828125,144.13267517089844,77.3355712890625,45.45083999633789,41.50442886352539,89.00889587402344,565.978759765625
2024-10-28,45.96607971191406,113.93254852294922,38.53929138183594,99.19068908691406,132.5887908935547,42.217071533203125,144.3460693359375,77.47868347167969,45.82814407348633,41.63628387451172,89.57714080810547,567.7283935546875
2024-10-29,45.683719635009766,115.46669006347656,37.71626663208008,98.6732406616211,132.4130401611328,41.57340621948242,143.94834899902344,76.7154541015625,45.5330696105957,41.25956726074219,90.41971588134766,568.6471557617188
2024-10-30,45.8881950378418,113.63067626953125,37.625877380371094,98.53526306152344,132.18849182128906,41.668060302734375,143.6767578125,76.59141540527344,45.77976989746094,41.41025924682617,90.96835327148438,566.927001953125
2024-10-31,45.25531768798828,109.98335266113281,38.0159797668457,97.02730560302734,130.66537475585938,41.92837142944336,142.4642791748047,76.43876647949219,45.175113677978516,40.68507766723633,90.17477416992188,555.8134155273438
2024-11-01,45.41109848022461,110.80982208251953,37.16917419433594,98.60426330566406,130.84109497070312,41.663330078125,143.30816650390625,76.46739959716797,45.049346923828125,40.251861572265625,90.52748107910156,558.1591796875
2024-11-04,45.060585021972656,110.7256851196289,36.72673797607422,98.26422882080078,130.69467163085938,42.392189025878906,142.3672637939453,76.67728424072266,45.24767303466797,40.70391082763672,90.2237548828125,556.9569091796875
2024-11-05,45.479251861572266,112.28457641601562,37.278594970703125,100.00381469726562,132.8817138671875,42.6761589050293,143.41488647460938,77.1638412475586,45.31539535522461,41.25956726074219,91.22308349609375,563.69140625
2024-11-06,48.24442672729492,115.4815444946289,36.893245697021484,103.20207977294922,138.0856475830078,44.28059387207031,143.59913635253906,75.90449523925781,45.93940734863281,40.15768051147461,93.4666748046875,577.7079467773438
2024-11-07,47.46550369262695,117.49571990966797,36.95985412597656,104.52772521972656,137.25576782226562,44.077083587646484,144.63705444335938,76.18116760253906,46.118385314941406,40.65682601928711,94.69136047363281,582.1749267578125
2024-11-08,47.893917083740234,117.3670425415039,37.668697357177734,106.01103973388672,138.73004150390625,44.37052536010742,145.67494201660156,77.10659790039062,45.697540283203125,41.35374069213867,94.23087310791016,584.6968383789062
2024-11-11,48.57546615600586,116.71876525878906,37.77335739135742,108.14979553222656,139.8040313720703,44.62136459350586,144.82138061523438,76.83946990966797,45.49920654296875,40.99586486816406,94.75993347167969,585.25390625
2024-11-12,48.429420471191406,116.86721801757812,37.34043502807617,106.70590209960938,138.6031494140625,44.38471984863281,142.8037567138672,76.92533111572266,44.72525405883789,40.477882385253906,95.1910171508789,583.4359130859375
2024-11-13,48.4586296081543,116.4614028930664,37.273834228515625,107.61756896972656,138.89599609375,44.730220794677734,142.4254608154297,77.15431213378906,44.83167266845703,40.798091888427734,95.23020935058594,583.7193603515625
2024-11-14,48.33205032348633,116.06550598144531,37.145389556884766,106.08988189697266,136.5527801513672,44.90060043334961,140.18475341796875,76.96349334716797,44.46403884887695,40.43080139160156,95.1224365234375,579.9659423828125
2024-11-15,48.55599594116211,113.1852798461914,37.701995849609375,105.18313598632812,135.82054138183594,44.83434295654297,137.5851287841797,76.28610229492188,44.15445327758789,40.477882385253906,93.22174835205078,572.537353515625
2024-11-18,48.70204544067383,113.55148315429688,38.03025436401367,106.1539535522461,135.63502502441406,45.43067932128906,137.68214416503906,76.82038116455078,44.497901916503906,40.83576965332031,94.14269256591797,574.8832397460938
2024-11-19,48.3807373046875,114.48186492919922,38.27287673950195,106.2328109741211,135.5178680419922,45.1419792175293,136.9740447998047,76.92533111572266,44.352783203125,41.00529098510742,94.75993347167969,576.9847412109375
2024-11-20,48.234683990478516,114.38288116455078,38.291900634765625,105.76464080810547,135.664306640625,45.5963249206543,138.59396362304688,76.53416442871094,44.715579986572266,40.939361572265625,95.36737060546875,577.1802368164062
2024-11-21,48.848087310791016,115.5458755493164,38.95793914794922,105.95191192626953,137.36317443847656,45.965492248535156,139.70945739746094,77.36419677734375,45.26218795776367,41.21247482299805,95.1224365234375,580.2787475585938
2024-11-22,49.393333435058594,115.60525512695312,38.74861145019531,107.4795913696289,139.2768096923828,46.03648376464844,139.83555603027344,78.07972717285156,45.51372528076172,41.52326583862305,94.91668701171875,582.0772094726562
2024-11-25,49.71464157104492,115.60030364990234,38.81997299194336,108.57852935791016,140.145751953125,45.127784729003906,141.02867126464844,78.50907135009766,45.98293685913086,42.07891845703125,95.40656280517578,584.0516357421875
2024-11-26,49.8120002746582,116.17932891845703,39.43843078613281,108.9727554321289,140.31175231933594,45.06624984741211,141.78524780273438,78.83343505859375,45.639495849609375,42.28611373901367,95.75926208496094,587.101318359375
2024-11-27,49.909366607666016,114.60559844970703,39.43843078613281,108.43560791015625,139.79429626464844,45.018924713134766,142.54185485839844,78.99562072753906,45.61531066894531,42.578060150146484,95.88662719726562,585.3223266601562
2024-11-29,49.98725891113281,115.66958618164062,39.452701568603516,109.54935455322266,140.58511352539062,45.21296691894531,142.98806762695312,79.39633178710938,45.84749984741211,42.38029098510742,96.40589141845703,588.9584350585938
2024-12-02,49.490699768066406,116.76823425292969,38.60588836669922,110.50537872314453,139.55020141601562,44.73495101928711,142.73587036132812,79.3009262084961,45.8184700012207,41.7398796081543,97.19947052001953,590.0139770507812
2024-12-03,49.12071228027344,117.18888854980469,38.27287673950195,110.42160034179688,138.67147827148438,44.730220794677734,142.415771484375,78.89067840576172,45.6733512878418,41.49501419067383,97.98326873779297,590.2877807617188
2024-12-04,48.93571472167969,119.33174896240234,38.26811981201172,111.44662475585938,139.2768096923828,43.65113067626953,142.33816528320312,78.67125701904297,45.22832489013672,41.381996154785156,98.2085952758789,593.953125
2024-12-05,49.08176803588867,118.72798919677734,38.387062072753906,112.3582992553711,137.5877227783203,43.82150650024414,140.7473602294922,78.986083984375,44.63334274291992,41.27840805053711,97.98326873779297,592.9756469726562
2024-12-06,49.072025299072266,119.18821716308594,37.911319732666016,114.72373962402344,137.23622131347656,43.07844924926758,139.95196533203125,78.59491729736328,44.45920181274414,41.22189712524414,98.88461303710938,594.0997314453125
2024-12-09,48.400211334228516,118.41126251220703,37.43558883666992,114.35905456542969,136.04507446289062,43.00746154785156,140.35935974121094,78.47090148925781,44.449527740478516,41.30665969848633,96.7781753540039,591.0403442382812
2024-12-10,48.39047622680664,116.76823425292969,37.1644172668457,114.54632568359375,135.71311950683594,42.714019775390625,139.77735900878906,78.84297943115234,43.99482345581055,40.63798904418945,98.29676818847656,589.2026977539062
2024-12-11,48.48783874511719,118.46073913574219,36.93130111694336,116.55695343017578,135.4006805419922,42.78501892089844,137.87615966796875,78.2419204711914,43.840030670166016,40.53438949584961,99.9035415649414,593.7576904296875
2024-12-12,48.27363586425781,117.79761505126953,36.91227340698242,115.59107208251953,134.53173828125,42.43951416015625,136.780029296875,78.47090148925781,43.5352897644043,40.50613784790039,100.0896987915039,590.6982421875
2024-12-13,48.234683990478516,118.30239868164062,36.936065673828125,116.04936981201172,134.18023681640625,42.22654342651367,136.76065063476562,78.27053833007812,43.16282272338867,40.33662414550781,98.89441680908203,590.5809326171875
2024-12-16,48.147056579589844,119.48516082763672,36.64110565185547,117.62139892578125,134.29739379882812,41.29890060424805,135.13104248046875,77.86031341552734,42.78067398071289,40.12942886352539,99.27650451660156,593.1027221679688
2024-12-17,47.80628204345703,118.76261901855469,36.48887252807617,117.99099731445312,133.0671844482422,40.99126052856445,135.0340576171875,77.72673797607422,42.54364776611328,39.95048522949219,98.53191375732422,590.6591796875
2024-12-18,46.37501907348633,114.93222045898438,35.62778854370117,112.67369079589844,129.30825805664062,39.77965545654297,133.20074462890625,76.54371643066406,41.33433151245117,38.387123107910156,95.72006225585938,573.055419921875
2024-12-19,46.54053497314453,115.05593872070312,35.78954315185547,112.52092742919922,129.14227294921875,39.43415069580078,132.1919403076172,75.9999008178711,40.88930892944336,37.72787857055664,95.4555435180664,572.87939453125
2024-12-20,47.2318229675293,116.77318572998047,36.36042785644531,112.80674743652344,130.65562438964844,39.82225036621094,133.8603515625,76.26703643798828,41.39722442626953,38.41537857055664,95.97480010986328,579.7603149414062
2024-12-23,47.345252990722656,118.01043701171875,36.48417663574219,113.1489028930664,130.6261749267578,40.05610275268555,135.19720458984375,75.86520385742188,41.36512756347656,38.59053421020508,96.49934387207031,583.2320556640625
2024-12-24,47.90260696411133,119.22985076904297,36.68564987182617,115.76569366455078,131.64669799804688,40.394954681396484,135.7526397705078,76.3650894165039,41.58879852294922,38.84754180908203,97.41285705566406,589.7147827148438
2024-12-26,48.019935607910156,119.30915832519531,36.59930419921875,115.33614349365234,131.7448272705078,40.361541748046875,136.02545166015625,76.60541534423828,41.52558898925781,38.9046630859375,97.28517150878906,589.7540283203125
2024-12-27,47.66792297363281,117.72294616699219,36.493778228759766,113.43032836914062,130.7635498046875,40.35676956176758,135.39210510253906,76.23049926757812,41.30191421508789,38.59053421020508,96.4207763671875,583.5459594726562
2024-12-30,47.2083625793457,116.22593688964844,36.34027862548828,111.60845184326172,129.4486541748047,40.35200500488281,133.7258758544922,75.33649444580078,40.74759292602539,38.40966796875,95.40901184082031,576.88671875
2024-12-31,47.25725555419922,115.25932312011719,36.30670166015625,110.76910400390625,129.29165649414062,40.88175582885742,134.04742431640625,75.56721496582031,40.91291427612305,38.71427917480469,95.09468078613281,574.7880249023438
2025-01-02,47.1399040222168,114.98670196533203,36.58491134643555,109.3125991821289,128.8402862548828,41.35901641845703,134.08641052246094,75.33649444580078,40.4607048034668,38.35255432128906,95.55635833740234,573.375732421875
2025-01-03,47.511474609375,116.86042785644531,36.97344970703125,111.52452087402344,130.23367309570312,41.74559020996094,135.40184020996094,75.29804992675781,40.450984954833984,38.87610626220703,96.14572143554688,580.544921875
2025-01-06,47.364810943603516,118.3475112915039,36.56093215942383,111.96394348144531,129.9490966796875,41.55467987060547,135.46029663085938,74.50979614257812,40.72328186035156,38.34303665161133,97.18694305419922,583.88916015625
2025-01-07,47.25725555419922,115.97313690185547,36.469791412353516,109.79645538330078,129.82151794433594,41.96990203857422,136.13262939453125,74.25023651123047,40.69896697998047,38.05746078491211,96.10643768310547,577.288818359375
2025-01-08,47.413700103759766,115.9334716796875,36.460201263427734,110.10749816894531,130.331787109375,42.012855529785156,136.83416748046875,74.38481903076172,40.922645568847656,38.21928405761719,95.5367202758789,578.1323852539062
2025-01-10,46.26966857910156,113.40543365478516,36.253936767578125,109.0262222290039,128.86972045898438,42.184661865234375,136.06442260742188,73.38508605957031,40.50446701049805,37.29592514038086,94.1124038696289,569.3056030273438
2025-01-13,46.60211944580078,112.60240173339844,35.83182144165039,109.64339447021484,130.38084411621094,43.072364807128906,137.8378143310547,73.51004791259766,41.40889358520508,37.77188491821289,94.15169525146484,570.1882934570312
2025-01-14,47.17902374267578,112.89981079101562,36.30190658569336,109.43108367919922,131.92144775390625,43.535301208496094,136.4152069091797,73.5292739868164,41.924312591552734,38.095542907714844,93.83736419677734,570.972900390625
2025-01-15,48.38172912597656,115.14531707763672,36.83434295654297,112.21574401855469,132.75550842285156,44.179595947265625,136.97061157226562,73.27934265136719,42.323036193847656,38.25735855102539,95.3795394897461,581.35888671875
2025-01-16,48.70439910888672,114.25802612304688,37.764915466308594,111.60845184326172,134.36480712890625,44.49936294555664,137.51626586914062,73.8272705078125,42.673133850097656,39.114078521728516,94.83929443359375,580.2408447265625
2025-01-17,49.115074157714844,116.0474853515625,37.81767654418945,113.17359924316406,135.16941833496094,44.842979431152344,136.59060668945312,74.25023651123047,42.95029830932617,39.10456466674805,95.6644058227539,586.06640625
2025-01-21,49.52574920654297,117.01409912109375,38.39809036254883,114.00305938720703,137.94642639160156,44.6139030456543,138.8511962890625,74.59630584716797,43.499752044677734,39.818504333496094,96.52880859375,591.4309692382812
2025-01-22,49.29108428955078,119.6561508178711,37.56825256347656,113.5735092163086,137.62258911132812,43.80256652832031,138.5393829345703,74.23102569580078,43.149654388427734,39.123600006103516,97.49143981933594,594.7557373046875
2025-01-23,49.574642181396484,119.86931610107422,37.7457275390625,114.25979614257812,139.0159912109375,44.003013610839844,140.39073181152344,74.50018310546875,43.38792037963867,39.4377326965332,97.7468490600586,598.0018310546875
2025-01-24,49.7213134765625,118.62014770507812,38.12947463989258,113.56363677978516,138.42724609375,43.57825469970703,140.61483764648438,74.88469696044922,43.276084899902344,39.55195999145508,98.63089752197266,596.2561645507812
2025-01-27,50.268882751464844,112.80563354492188,37.246864318847656,114.21043395996094,136.57264709472656,43.12486267089844,143.77188110351562,76.91302490234375,43.30039596557617,39.94224166870117,99.14167785644531,587.8218994140625
2025-01-28,50.180885314941406,115.81450653076172,36.733612060546875,114.34867858886719,135.6698760986328,42.71442413330078,142.76824951171875,75.7114028930664,43.15938186645508,39.45677185058594,99.62299346923828,592.8726806640625
2025-01-29,50.14176940917969,114.87269592285156,36.810359954833984,114.02281951904297,135.2086944580078,42.80987548828125,141.93028259277344,75.89405059814453,43.081581115722656,38.999855041503906,100.06502532958984,590.2149047851562
2025-01-30,50.62089538574219,115.0858383178711,37.57783508300781,115.13865661621094,136.71983337402344,43.02941131591797,143.5672607421875,76.64385986328125,43.49003219604492,39.51388168334961,100.16326141357422,593.3826293945312
2025-01-31,50.32755661010742,114.41168212890625,37.3571891784668,114.6301040649414,135.7582244873047,41.826725006103516,143.1092987060547,75.92288208007812,43.17396926879883,39.42820739746094,100.56599426269531,590.2246704101562
2025-02-03,50.122215270996094,112.87007141113281,37.558658599853516,113.11433410644531,134.41384887695312,42.08921432495117,143.66468811035156,76.22089385986328,43.21773147583008,39.361572265625,100.78208923339844,586.2528076171875
2025-02-04,50.0048713684082,114.49595642089844,37.22767639160156,114.44742584228516,134.45310974121094,42.97214126586914,143.27493286132812,75.57682800292969,43.344154357910156,39.361572265625,101.685791015625,590.1854858398438
2025-02-05,50.53288650512695,116.0871353149414,37.601829528808594,113.1489028930664,134.55123901367188,43.06281280517578,144.6488494873047,76.0478515625,43.31011962890625,39.98031997680664,100.70349884033203,592.5784912109375
2025-02-06,50.95334243774414,116.40438842773438,37.558658599853516,113.59819793701172,135.1596221923828,42.270572662353516,143.35289001464844,76.39392852783203,43.460853576660156,40.09455108642578,101.1357192993164,594.6380615234375
2025-02-07,50.66978454589844,115.40803527832031,37.48190689086914,111.37641143798828,134.75730895996094,42.26579666137695,142.68055725097656,76.278564453125,42.93084716796875,39.95176315307617,100.91961669921875,589.1950073242188
2025-02-10,50.268882751464844,117.0934066772461,37.88962936401367,111.75658416748047,135.96426391601562,43.196449279785156,142.55389404296875,76.74960327148438,43.149654388427734,40.00887680053711,101.3714599609375,593.1963500976562
2025-02-11,50.395999908447266,117.1479263305664,38.081504821777344,110.4876708984375,136.01333618164062,43.54484558105469,142.29078674316406,77.48979949951172,43.40250778198242,40.227813720703125,101.53845977783203,593.6475830078125
2025-02-12,50.219993591308594,116.8951187133789,38.01435089111328,110.46793365478516,135.16941833496094,42.4948844909668,142.08619689941406,77.43212127685547,43.091312408447266,39.885128021240234,101.6465072631836,591.7349243164062
2025-02-13,50.552452087402344,118.55074310302734,38.10068893432617,112.12687683105469,135.3068084716797,42.81464767456055,142.6416015625,78.26844024658203,43.84013366699219,40.19926452636719,102.81541442871094,597.9822387695312
2025-02-14,50.650230407714844,118.95226287841797,37.9423942565918,112.07749938964844,134.9731903076172,42.986454010009766,141.09230041503906,77.48979949951172,43.68939208984375,40.037437438964844,103.44407653808594,597.9529418945312
2025-02-18,51.01201629638672,120.03784942626953,38.29735565185547,111.76644134521484,136.032958984375,43.573482513427734,140.81947326660156,77.76856994628906,44.24371337890625,40.18022537231445,102.96275329589844,599.708251953125
2025-02-19,51.03157424926758,120.04776000976562,38.498817443847656,111.70226287841797,136.1703338623047,43.91710662841797,142.65130615234375,78.39342498779297,43.72343063354492,40.256378173828125,103.08064270019531,601.12060546875
2025-02-20,50.24932861328125,119.66606903076172,38.4940185546875,110.73948669433594,135.2773895263672,44.31800079345703,143.4503173828125,78.08580017089844,43.62131881713867,40.532432556152344,102.59931182861328,598.6197509765625
2025-02-21,49.62353515625,116.42420196533203,38.50361633300781,107.82645416259766,132.31394958496094,43.39689636230469,142.68055725097656,78.99901580810547,42.82387161254883,40.19926452636719,101.19465637207031,588.3809204101562
2025-02-24,49.838653564453125,114.7586669921875,38.31174850463867,107.42160034179688,131.7153778076172,43.40644454956055,143.84010314941406,79.23934936523438,42.775245666503906,40.380123138427734,101.39110565185547,585.7034912109375
2025-02-25,49.82887268066406,113.27159118652344,38.119876861572266,106.85872650146484,132.39244079589844,42.7812385559082,145.0775604248047,80.36406707763672,43.105892181396484,40.8084831237793,99.88821411132812,582.7907104492188
2025-02-26,49.7213134765625,114.50586700439453,38.27817153930664,106.4193115234375,132.470947265625,42.537837982177734,144.0349884033203,78.82599639892578,43.08644104003906,40.608577728271484,99.71141052246094,583.0849609375
2025-02-27,49.99509811401367,110.33706665039062,37.429141998291016,104.88380432128906,132.00978088378906,42.76691818237305,143.4503173828125,78.81639099121094,42.794700622558594,40.78944778442383,98.748779296875,573.7777709960938
2025-02-28,51.02179718017578,111.7944107055664,37.999961853027344,106.62669372558594,133.77601623535156,43.43030548095703,145.11651611328125,79.86419677734375,43.15938186645508,41.07501983642578,100.1927261352539,582.7318725585938
2025-03-03,50.59156799316406,108.3939437866211,38.0527229309082,104.66162109375,131.87237548828125,41.91263198852539,145.74989318847656,80.28716278076172,42.293861389160156,41.42723083496094,99.19080352783203,572.5224609375
2025-03-04,48.81195831298828,108.30966186523438,37.43394088745117,102.8150634765625,129.3014678955078,41.50696563720703,144.39549255371094,78.92212677001953,41.720088958740234,40.951271057128906,98.40496826171875,565.74560546875
2025-03-05,49.095516204833984,109.83145141601562,37.17011642456055,104.38020324707031,131.34249877929688,40.90084457397461,145.8473358154297,79.24896240234375,42.80928421020508,41.332035064697266,99.672119140625,571.826171875
2025-03-06,48.2839469909668,106.78291320800781,36.3978385925293,101.73379516601562,130.2140350341797,41.024932861328125,145.44784545898438,79.39315795898438,42.58561325073242,40.19926452636719,97.88436889648438,561.6754760742188
2025-03-07,48.02971267700195,108.32949829101562,37.07418441772461,101.54618072509766,131.73501586914062,41.72650146484375,145.45758056640625,79.65270233154297,42.702308654785156,40.4277229309082,98.51302337646484,564.82373046875
2025-03-10,46.954132080078125,103.72447204589844,37.48190689086914,97.92215728759766,129.67434692382812,42.036720275878906,143.8887939453125,79.47966766357422,41.812477111816406,40.037437438964844,96.05731201171875,549.779296875
2025-03-11,46.5532341003418,103.3031234741211,37.13174819946289,96.96431732177734,127.682373046875,41.70263671875,142.32003784179688,78.3165054321289,41.49155807495117,39.61859893798828,94.642822265625,545.2091064453125
2025-03-12,46.62167739868164,104.92900848388672,37.01662063598633,97.52717590332031,127.67256164550781,41.89353942871094,140.8974151611328,76.61502075195312,41.29705047607422,39.47581481933594,95.11433410644531,548.1022338867188
2025-03-13,46.36745071411133,102.93631744384766,37.10776138305664,95.09307098388672,126.36746978759766,41.60718536376953,140.1471405029297,76.25935363769531,41.267879486083984,38.70475769042969,93.15959167480469,540.7957153320312
2025-03-14,47.44303512573242,106.04928588867188,37.83207321166992,97.11737823486328,128.67347717285156,42.83850860595703,141.21897888183594,76.43238067626953,41.807613372802734,39.45677185058594,94.86875915527344,551.96630859375
2025-03-17,48.00038146972656,106.78787994384766,37.9903678894043,97.27043151855469,130.4495391845703,43.52098083496094,143.01185607910156,77.54747009277344,42.332767486572266,40.15166473388672,95.5465316772461,556.2227172851562
2025-03-18,47.94171142578125,105.16199493408203,37.72654342651367,95.53742980957031,129.40939331054688,43.592567443847656,143.0800323486328,76.6630859375,42.25982666015625,39.904170989990234,94.21063232421875,550.2108154296875
2025-03-19,48.469722747802734,106.53011322021484,37.86565017700195,97.36918640136719,131.12661743164062,44.303680419921875,143.1580047607422,76.6630859375,42.40083694458008,39.95176315307617,95.33042907714844,556.2030029296875
2025-03-20,48.538169860839844,105.7717056274414,38.01914978027344,97.13712310791016,130.46917724609375,44.46595001220703,143.24571228027344,76.28817749023438,42.133399963378906,39.904170989990234,95.12415313720703,554.5946655273438
2025-03-21,48.3621711730957,106.0592041015625,37.774505615234375,97.48767852783203,129.77247619628906,44.15573501586914,142.84620666503906,76.25935363769531,41.7152214050293,39.51388168334961,95.87068939208984,554.7776489257812
2025-03-24,49.214969635009766,108.06782531738281,37.76243209838867,101.14244079589844,132.17901611328125,44.658836364746094,143.9368438720703,76.73094177246094,42.28050231933594,40.06378173828125,97.22827911376953,564.712890625
2025-03-25,49.489742279052734,108.42535400390625,37.1585807800293,101.9494400024414,132.37591552734375,44.841609954833984,142.09791564941406,76.03514099121094,42.270729064941406,39.584774017333984,98.45977020263672,566.0703125
2025-03-26,49.3425407409668,106.00706481933594,37.40495300292969,100.61764526367188,131.4998779296875,45.10615158081055,141.57949829101562,77.21412658691406,42.348899841308594,39.78595733642578,97.62235260009766,559.3123779296875
2025-03-27,49.244407653808594,105.0288314819336,37.39529800415039,100.68201446533203,130.80104064941406,44.66845703125,141.80447387695312,78.09353637695312,42.32935333251953,39.69015884399414,97.18887329101562,557.8270263671875
2025-03-28,48.2924919128418,102.48143768310547,37.670650482177734,97.55303192138672,128.1041259765625,44.45682907104492,141.36428833007812,77.70699310302734,41.55253982543945,39.670997619628906,94.32196044921875,546.5934448242188
2025-03-31,48.88130187988281,102.53108978271484,38.09092712402344,97.76097106933594,129.00965881347656,44.947425842285156,142.82174682617188,78.92463684082031,42.006900787353516,40.09252166748047,95.0214614868164,550.2625732421875
2025-04-01,48.82242202758789,103.28091430664062,38.18754577636719,98.7808609008789,129.73800659179688,45.21196365356445,140.21005249023438,79.04058837890625,42.16324234008789,40.12126159667969,95.08057403564453,551.8167114257812
2025-04-02,49.22478103637695,104.04561614990234,38.36628723144531,100.65725708007812,130.95852661132812,45.27449035644531,141.1490936279297,78.80867004394531,42.51012420654297,40.312862396240234,95.41552734375,555.308837890625
2025-04-03,46.80083084106445,96.9447250366211,38.12474060058594,94.57752227783203,123.8717041015625,41.72005844116211,140.004638671875,79.26285552978516,40.59006118774414,39.105777740478516,91.15951538085938,527.9428100585938
2025-04-04,43.37590408325195,90.55887603759766,36.00402069091797,90.49795532226562,116.08605194091797,37.88185501098633,132.3260498046875,75.8225326538086,38.04951858520508,37.323883056640625,85.93801879882812,497.0354309082031
2025-04-07,43.26795196533203,91.10014343261719,35.45330810546875,89.4285659790039,115.54469299316406,37.636558532714844,131.5337677001953,74.94312286376953,37.438812255859375,36.42335891723633,86.05624389648438,496.150146484375
2025-04-08,43.10111999511719,89.24794006347656,35.308380126953125,87.30461120605469,114.5899429321289,36.76598358154297,130.07627868652344,73.7834701538086,36.285797119140625,35.52283477783203,84.85430908203125,488.3790588378906
2025-04-09,46.34940719604492,101.2301025390625,36.69965362548828,96.81038665771484,124.76741027832031,39.61337661743164,135.73007202148438,76.64395904541016,39.45658874511719,37.56338882446289,92.3515853881836,539.6683349609375
2025-04-10,45.05402374267578,96.51766967773438,36.42430114746094,93.02787780761719,121.5488052368164,37.02571105957031,131.94456481933594,76.6826171875,38.19608688354492,36.76824188232422,89.15958404541016,516.0204467773438
2025-04-11,45.79984664916992,98.4940185546875,36.86873245239258,93.92894744873047,123.69454956054688,37.94437789916992,133.88133239746094,77.64900207519531,39.32955551147461,37.285560607910156,89.91817474365234,525.227783203125
2025-04-14,46.270904541015625,99.39279174804688,37.530555725097656,94.20125579833984,124.98394775390625,38.07905578613281,135.51486206054688,78.97295379638672,39.803466796875,38.10944747924805,90.5191421508789,530.3232421875
2025-04-15,46.38866424560547,99.75528717041016,37.525718688964844,93.5229721069336,124.36385345458984,38.021339416503906,134.6834259033203,78.30614471435547,39.49079132080078,38.16693115234375,90.74574279785156,528.8378295898438
2025-04-16,45.66245651245117,96.28925323486328,37.18756866455078,91.2158432006836,122.66104888916016,38.3339729309082,133.31399536132812,77.46538543701172,39.18299102783203,38.14777374267578,88.3024673461914,517.0828857421875
2025-04-17,45.78022384643555,95.76786041259766,37.5692024230957,91.79014587402344,123.33036041259766,39.19973373413086,132.53146362304688,79.11791229248047,39.45170211791992,38.751312255859375,88.87387084960938,517.8206176757812
2025-04-21,44.798866271972656,93.29495239257812,36.68033218383789,89.33943176269531,120.56452178955078,38.17525100708008,129.67523193359375,78.36412811279297,38.85076904296875,37.94658660888672,86.87393951416016,505.4951171875
2025-04-22,46.28071212768555,95.56922912597656,37.68031311035156,92.16641998291016,122.67088317871094,39.146827697753906,132.11087036132812,79.47547149658203,39.75949478149414,38.72257614135742,89.13987731933594,518.64697265625
2025-04-23,46.83027267456055,98.34008026123047,37.8397216796875,94.22600555419922,124.20635986328125,39.07468032836914,132.76622009277344,79.0212631225586,39.808353424072266,38.77047348022461,90.56839752197266,526.6836547851562
2025-04-24,47.35039138793945,102.00968933105469,37.89768981933594,96.1024169921875,126.99186706542969,39.699954986572266,134.3899688720703,78.32547760009766,40.66823196411133,38.885433197021484,92.38114166259766,537.769775390625
2025-04-25,47.12467575073242,103.5192642211914,37.781761169433594,97.83026885986328,126.98202514648438,39.627803802490234,135.0355682373047,78.12252807617188,40.365318298339844,38.82795333862305,92.96240997314453,541.6553344726562
2025-04-28,47.271881103515625,103.3504409790039,38.01363754272461,97.86492919921875,127.40526580810547,39.906776428222656,135.5735626220703,77.86160278320312,40.438602447509766,39.06745910644531,93.31707763671875,541.8618774414062
2025-04-29,47.76255798339844,103.83210754394531,38.30831527709961,98.55806732177734,128.23207092285156,39.79133987426758,136.23870849609375,78.50908660888672,40.77571105957031,39.38359832763672,93.99686431884766,545.2752685546875
2025-04-30,47.85087585449219,104.26411437988281,38.115081787109375,97.66194152832031,129.15728759765625,38.718753814697266,137.40274047851562,79.07926177978516,40.98579788208008,39.56562042236328,94.02641296386719,545.49169921875
2025-05-01,47.841064453125,105.79354095458984,38.2261848449707,98.20159149169922,130.13172912597656,38.8630485534668,133.65635681152344,78.39311218261719,40.805023193359375,39.68057632446289,94.5091552734375,549.3574829101562
2025-05-02,48.832237243652344,107.56130981445312,38.52569580078125,99.72647857666016,132.46446228027344,39.430606842041016,135.5050811767578,78.81832885742188,41.49390411376953,40.169158935546875,95.97708129882812,557.5122680664062
2025-05-05,48.51820755004883,106.99027252197266,38.42908477783203,98.66698455810547,132.53335571289062,38.718753814697266,135.1236114501953,78.75067138671875,41.18611145019531,40.12126159667969,96.20368957519531,554.3153686523438
2025-05-06,48.2434196472168,106.1014175415039,38.89767074584961,97.80552673339844,131.37193298339844,38.728370666503906,131.3968048095703,78.61538696289062,40.888084411621094,39.843441009521484,96.18396759033203,549.6821899414062
2025-05-07,48.528018951416016,107.1640625,39.00878143310547,98.5679702758789,132.0412139892578,38.7428092956543,132.404296875,78.74101257324219,40.66334915161133,39.81470489501953,96.00663757324219,551.9937744140625
2025-05-08,48.93036651611328,108.1869888305664,38.69477844238281,99.73143768310547,133.86215209960938,39.252647399902344,131.21095275878906,78.64437866210938,41.20565414428711,39.623104095458984,96.23323822021484,555.840087890625
2025-05-09,48.93036651611328,108.05291748046875,38.76240539550781,100.21167755126953,133.97044372558594,39.64704513549805,129.78282165527344,78.190185546875,41.313133239746094,39.86259460449219,95.74063873291016,555.1317138671875
2025-05-12,49.921539306640625,113.06824493408203,38.53053283691406,105.19230651855469,138.0945587158203,40.681148529052734,132.9912109375,78.30614471435547,42.270729064941406,39.90092086791992,97.73072052001953,573.4774780273438
2025-05-13,50.12763214111328,115.51134490966797,38.47739028930664,106.58351135253906,139.05917358398438,41.253509521484375,128.99049377441406,77.2527847290039,42.06064224243164,39.364437103271484,98.68634796142578,577.2646484375
2025-05-14,49.990238189697266,116.26117706298828,38.30831527709961,106.99444580078125,138.3898468017578,41.00340270996094,125.95821380615234,76.83724212646484,41.674678802490234,39.029136657714844,99.19865417480469,578.0025024414062
2025-05-15,50.32389450073242,116.4200668334961,39.124725341796875,106.75679779052734,139.92532348632812,41.17655563354492,127.61131286621094,78.4124526977539,42.099727630615234,39.747642517089844,99.59272766113281,580.8256225585938
2025-05-16,50.628116607666016,116.63855743408203,39.69959259033203,107.76678466796875,141.51986694335938,41.11402893066406,130.18386840820312,79.3111801147461,42.52967071533203,40.24580383300781,100.27250671386719,584.5045776367188
2025-05-19,50.657554626464844,116.4697265625,39.86865997314453,107.51428985595703,142.0021514892578,40.58014678955078,131.43589782714844,79.5431137084961,42.637149810791016,40.33201599121094,100.37102508544922,585.1439819335938
2025-05-20,50.38277816772461,116.03274536132812,39.9846076965332,106.954833984375,141.49034118652344,40.204978942871094,131.75872802734375,79.82337188720703,42.56386947631836,40.12126159667969,100.12472534179688,583.1766357421875
2025-05-21,49.352359771728516,113.85282135009766,39.25515365600586,104.78633117675781,139.0985565185547,39.46427536010742,128.7068634033203,78.89563751220703,41.99713134765625,39.05787658691406,99.37599182128906,573.3495483398438
2025-05-22,49.29347229003906,113.88261413574219,38.69477844238281,105.23685455322266,139.06898498535156,39.310359954833984,127.69933319091797,78.56707763671875,41.95315933227539,38.92375183105469,99.15925598144531,573.575927734375
2025-05-23,49.11682891845703,112.62629699707031,39.15853500366211,104.29122924804688,138.61624145507812,39.43541717529297,127.49390411376953,78.85698699951172,41.8701057434082,38.9333381652832,98.70606994628906,569.6607666015625
2025-05-27,49.98042297363281,115.30279541015625,39.45321273803711,107.37071228027344,141.0572509765625,39.77690887451172,129.27418518066406,79.57209777832031,42.60295104980469,39.575199127197266,100.3119125366211,581.5043334960938
2025-05-28,49.64676284790039,114.82609558105469,38.90250015258789,106.38549041748047,140.35841369628906,39.27188491821289,128.60902404785156,79.03092956542969,42.02156066894531,39.575199127197266,100.29222106933594,578.1400756835938
2025-05-29,49.90190887451172,115.0197525024414,39.17302703857422,106.4300308227539,140.48635864257812,39.565277099609375,129.4698028564453,79.3498306274414,42.17790222167969,39.93924331665039,99.48436737060547,580.4223022460938
2025-05-30,50.009864807128906,114.66222381591797,39.5739860534668,105.85078430175781,140.57493591308594,39.21416473388672,129.74371337890625,80.04564666748047,42.18278121948242,39.977561950683594,99.89814758300781,579.7730712890625
2025-06-02,50.02948760986328,115.67521667480469,39.69959259033203,106.09832763671875,140.39776611328125,39.72880935668945,129.8219451904297,80.09396362304688,42.43195343017578,40.035037994384766,100.39073181152344,583.0388793945312
2025-06-03,50.12763214111328,117.41320037841797,39.80586624145508,106.66273498535156,141.48048400878906,40.20016860961914,130.12518310546875,80.01663970947266,42.86677932739258,39.89133834838867,100.10502624511719,586.36376953125
2025-06-04,49.84303283691406,117.58700561523438,39.1102294921875,106.38052368164062,141.5592498779297,39.416175842285156,130.37950134277344,79.45614624023438,43.02799987792969,40.0158805847168,100.74540710449219,586.2063598632812
2025-06-05,49.70563888549805,117.25430297851562,39.04742431640625,103.6971206665039,141.4608154296875,39.37770080566406,130.20343017578125,78.69268798828125,42.77395248413086,40.00630569458008,100.88333129882812,583.373291015625
2025-06-06,50.32389450073242,118.36164855957031,39.221336364746094,105.04378509521484,142.6517791748047,40.11840057373047,131.4457244873047,78.9439697265625,42.886322021484375,40.12126159667969,102.1739273071289,589.364013671875
2025-06-09,50.04911804199219,118.94261932373047,38.97013473510742,105.88542938232422,142.52383422851562,40.19535446166992,131.22071838378906,78.83765411376953,43.17457962036133,40.10209655761719,101.87837219238281,589.8951416015625
2025-06-10,50.108001708984375,119.6080322265625,39.06191635131836,107.15286254882812,141.9037322998047,40.91201400756836,132.71730041503906,79.01160430908203,43.44328308105469,40.456565856933594,103.1689682006836,593.2396850585938
2025-06-11,50.04911804199219,119.34484100341797,39.08607482910156,106.30626678466797,141.97262573242188,41.50361633300781,132.78579711914062,78.74101257324219,43.01335144042969,40.2362174987793,102.93252563476562,591.5477294921875
2025-06-12,50.04911804199219,120.45219421386719,39.55949401855469,105.80622100830078,141.5985870361328,41.647911071777344,133.8226318359375,79.20487976074219,43.194122314453125,40.456565856933594,102.09510040283203,593.8987426757812
2025-06-13,49.028507232666016,118.76386260986328,39.33244705200195,104.83088684082031,140.40762329101562,42.37419128417969,133.15750122070312,78.23849487304688,42.690895080566406,40.13084030151367,101.06066131591797,587.2588500976562
2025-06-16,49.58787536621094,120.68557739257812,39.13921356201172,105.95970153808594,141.37220764160156,42.24913787841797,132.7466583251953,78.48976135253906,43.05243682861328,40.169158935546875,102.79459381103516,592.8462524414062
2025-06-17,49.303287506103516,119.83148193359375,38.815547943115234,104.13280487060547,140.30918884277344,42.64353942871094,130.55557250976562,77.82295227050781,42.632266998291016,40.00630569458008,101.88822937011719,587.7802124023438
2025-06-18,49.28366470336914,119.9754867553711,38.916996002197266,104.18230438232422,139.97454833984375,42.36457443237305,130.33059692382812,77.72631072998047,42.51012420654297,40.082942962646484,101.93748474121094,587.6917114257812
2025-06-20,49.421051025390625,119.44416046142578,39.02327346801758,104.30607604980469,140.13201904296875,42.79745101928711,129.70457458496094,78.29647827148438,42.221866607666016,40.073368072509766,101.31681060791016,586.3114624023438
2025-06-23,50.04338836669922,120.80601501464844,39.517974853515625,106.37352752685547,142.02955627441406,41.715171813964844,129.8913116455078,79.20333099365234,42.69230270385742,40.65819549560547,102.59967803955078,592.1028442382812
2025-06-24,50.79178237915039,122.97463989257812,39.688228607177734,106.96393585205078,143.21429443359375,41.17210006713867,131.48348999023438,79.13521575927734,43.04585647583008,40.851524353027344,103.92304229736328,598.6438598632812
2025-06-25,50.62437057495117,124.02413177490234,39.15801239013672,105.7037353515625,141.95059204101562,40.99269104003906,131.60142517089844,78.07463073730469,42.63337326049805,39.855857849121094,103.90328979492188,598.9793701171875
2025-06-26,50.99856948852539,124.879638671875,39.483924865722656,106.6761703491211,143.49075317382812,41.57940673828125,131.9159393310547,78.00651550292969,43.10478591918945,39.60452651977539,105.1081314086914,603.6655883789062
2025-06-27,51.14627456665039,124.73042297363281,39.5617561340332,108.4523696899414,144.92227172851562,41.361209869384766,131.63092041015625,78.37626647949219,43.1588020324707,39.7495231628418,106.34260559082031,606.6648559570312
2025-06-30,51.5697021484375,125.95399475097656,39.72228240966797,107.82723236083984,145.64300537109375,41.12360763549805,132.47616577148438,78.7849349975586,43.11951446533203,40.03952407836914,107.18204498291016,609.5653686523438
2025-07-01,51.85527038574219,124.82990264892578,39.858482360839844,108.28865051269531,146.1267547607422,41.438785552978516,134.36322021484375,79.76768493652344,44.23421096801758,40.31019592285156,106.42161560058594,609.3681030273438
2025-07-02,51.81588363647461,126.1479721069336,39.51311492919922,109.15689849853516,146.2748565673828,42.15157699584961,133.036376953125,80.00120544433594,44.897132873535156,40.38752746582031,106.11546325683594,612.1305541992188
2025-07-03,52.377174377441406,127.80924987792969,39.80983352661133,109.75228118896484,147.51881408691406,42.20006561279297,133.17398071289062,79.9622802734375,44.867671966552734,40.406864166259766,106.6981430053711,616.9550170898438
2025-07-07,51.87496566772461,126.7945785522461,39.89253616333008,108.35810852050781,147.0054473876953,41.79275894165039,132.0535430908203,79.8941650390625,44.435543060302734,40.09752655029297,105.67105865478516,612.357421875
2025-07-08,51.41215133666992,127.47602081298828,39.46933364868164,107.99095916748047,146.96595764160156,42.91770553588867,132.653076171875,79.15467834472656,44.79892349243164,40.03952407836914,105.45378112792969,612.0220336914062
2025-07-09,51.599246978759766,128.2419891357422,39.83902359008789,108.6309814453125,147.9927215576172,42.699501037597656,133.1641387939453,78.63897705078125,45.06900405883789,40.020198822021484,105.73030853271484,615.692138671875
2025-07-10,51.904510498046875,127.8192138671875,40.16493606567383,109.83164978027344,148.82203674316406,43.024383544921875,133.97991943359375,78.92115020751953,45.30961608886719,40.22319030761719,105.37477111816406,617.4285278320312
2025-07-11,51.362911224365234,127.25716400146484,40.10655975341797,109.8614273071289,148.2888946533203,43.21833419799805,132.86927795410156,78.62924194335938,44.94132995605469,40.18452453613281,104.69334411621094,615.258056640625
2025-07-14,51.74695587158203,127.1527099609375,40.26708221435547,110.26825714111328,149.08859252929688,42.74314498901367,132.71205139160156,78.69734954833984,44.69089126586914,40.455196380615234,105.7204360961914,616.4320678710938
2025-07-15,50.86071014404297,128.2817840576172,39.8828010559082,108.6905288696289,147.9729766845703,42.12732696533203,130.32376098632812,77.90922546386719,43.77261734008789,39.93319320678711,104.67359924316406,613.7979125976562
2025-07-16,51.215206146240234,128.6796875,39.90225601196289,108.88898468017578,148.49623107910156,41.7636604309082,131.9454345703125,78.1816635131836,43.89046859741211,40.36819839477539,104.9896240234375,615.8499755859375
2025-07-17,51.70756530761719,129.8485565185547,40.067649841308594,109.26109313964844,149.86854553222656,42.02065658569336,130.4416961669922,78.92115020751953,44.19983673095703,40.329532623291016,105.35503387451172,619.6187133789062
2025-07-18,51.73711013793945,129.76402282714844,40.738929748535156,110.22857666015625,149.53286743164062,41.68122863769531,129.5767822265625,78.70708465576172,44.302955627441406,40.44552993774414,104.8711166381836,619.1649780273438
2025-07-21,51.58940124511719,129.93310546875,40.870262145996094,110.74952697753906,148.74305725097656,41.24967956542969,128.8396759033203,78.69734954833984,44.528846740722656,40.60019302368164,106.27347564697266,620.3389892578125
2025-07-22,51.87496566772461,128.72943115234375,41.37129592895508,111.87081146240234,149.0984649658203,41.443634033203125,131.23779296875,79.41739654541016,45.14266586303711,41.30586242675781,106.52037048339844,620.427734375
2025-07-23,52.28854751586914,129.465576171875,41.05997848510742,112.40168762207031,151.77398681640625,42.09339141845703,133.93075561523438,79.44658660888672,45.294891357421875,41.42186737060547,107.10304260253906,625.7061157226562
2025-07-24,52.25900650024414,130.0126953125,41.006465911865234,110.5411376953125,151.51730346679688,42.39402770996094,133.4295196533203,79.16441345214844,44.82838439941406,41.363868713378906,107.28080749511719,625.9132080078125
2025-07-25,52.62335205078125,130.31114196777344,41.11347961425781,111.56816101074219,153.01795959472656,42.234004974365234,134.13714599609375,79.30062866210938,45.35873031616211,41.363868713378906,106.28335571289062,628.5572509765625
2025-07-28,52.25900650024414,131.3506622314453,40.675689697265625,112.21810913085938,152.54405212402344,42.71405029296875,132.96759033203125,78.4832992553711,44.700714111328125,40.64853286743164,105.71055603027344,628.3994140625
2025-07-29,51.99313735961914,131.3556671142578,41.142669677734375,111.44412994384766,150.8064422607422,43.13105392456055,132.12232971191406,78.99899291992188,44.528846740722656,41.325199127197266,104.80198669433594,626.7420043945312
2025-07-30,51.89466094970703,131.64910888671875,41.44912338256836,110.7396011352539,150.0659942626953,42.5152473449707,131.88645935058594,78.29843139648438,43.630218505859375,40.74519729614258,105.12788391113281,625.9527587890625
2025-07-31,51.5697021484375,130.68417358398438,41.672882080078125,109.8614273071289,150.07586669921875,42.287349700927734,128.1909942626953,77.62704467773438,43.080238342285156,40.02985763549805,106.07596588134766,623.6046752929688
2025-08-01,50.614532470703125,127.8639907836914,41.736122131347656,107.21200561523438,147.83474731445312,41.5018196105957,128.87899780273438,77.99678802490234,42.584266662597656,39.91386413574219,104.80198669433594,613.383544921875
2025-08-04,51.116729736328125,130.46035766601562,42.47549819946289,108.47222137451172,149.19720458984375,41.409698486328125,130.72671508789062,78.37626647949219,43.148983001708984,40.252193450927734,106.81664276123047,622.706787109375
2025-08-05,50.90994644165039,129.38101196289062,42.02311706542969,108.61114501953125,148.89112854003906,41.46303176879883,130.22547912597656,78.29843139648438,43.453433990478516,40.38752746582031,105.98707580566406,619.549560546875
2025-08-06,51.156124114990234,130.83834838867188,41.6485595703125,110.86859893798828,149.00961303710938,41.0799674987793,128.26962280273438,79.41739654541016,42.98202133178711,40.0491943359375,106.3919906616211,624.295166015625
2025-08-07,50.584983825683594,130.95773315429688,42.100948333740234,110.83386993408203,148.7924346923828,40.91995620727539,126.7953872680664,80.0206527709961,43.16862487792969,40.203861236572266,105.93769836425781,623.7722778320312
2025-08-08,51.057655334472656,132.26588439941406,41.92096710205078,111.02735900878906,148.91090393066406,41.18179702758789,127.92564392089844,80.25418853759766,43.38468933105469,39.87519454956055,106.29322814941406,628.63623046875
2025-08-11,51.037960052490234,131.37057495117188,41.789634704589844,111.31513214111328,148.4271240234375,40.852073669433594,128.0534210205078,80.18607330322266,43.286476135253906,39.6431884765625,106.83639526367188,627.3931274414062
2025-08-12,51.658329010009766,133.40489196777344,41.969608306884766,112.49595642089844,149.96725463867188,41.05087661743164,128.93797302246094,80.40013885498047,43.851192474365234,39.71086120605469,108.88069152832031,634.072265625
2025-08-13,51.9537467956543,133.4546356201172,42.062034606933594,114.03897094726562,150.53988647460938,41.526065826416016,131.0019073486328,80.40013885498047,44.67616271972656,39.97185516357422,109.7300033569336,636.2428588867188
2025-08-14,52.19992446899414,133.16615295410156,41.77017593383789,113.90997314453125,149.2070770263672,41.48727798461914,131.66041564941406,79.68009948730469,44.209659576416016,39.691524505615234,109.81889343261719,636.302001953125
2025-08-15,51.658329010009766,132.15646362304688,41.6485595703125,113.6370849609375,148.52586364746094,41.48727798461914,133.87179565429688,79.80659484863281,44.209659576416016,39.95252990722656,110.09541320800781,634.8123168945312
2025-08-18,51.697715759277344,132.43995666503906,41.46858215332031,114.09354400634766,149.1083526611328,41.239986419677734,133.55728149414062,79.69956970214844,43.95431137084961,39.575523376464844,109.42385864257812,634.674072265625
2025-08-19,51.79618835449219,130.12709045410156,41.87232208251953,114.03897094726562,149.43414306640625,41.2545280456543,134.412353515625,80.51689147949219,44.219482421875,40.281192779541016,108.81156158447266,631.2308959960938
2025-08-20,52.06206130981445,129.24671936035156,41.916099548339844,112.9127197265625,149.29591369628906,41.59880447387695,135.13966369628906,80.9742202758789,44.25385284423828,40.43586730957031,108.48564910888672,629.5537109375
2025-08-21,51.89466094970703,128.7791748046875,41.62910461425781,112.242919921875,148.76278686523438,41.884883880615234,134.68753051757812,80.24444580078125,44.386436462402344,40.29085922241211,108.36715698242188,627.0280151367188
2025-08-22,52.75136947631836,130.52500915527344,41.85286331176758,115.65144348144531,151.19149780273438,42.7382926940918,135.79815673828125,80.24444580078125,45.26542663574219,40.92886734008789,109.92752075195312,636.6572265625
2025-08-25,52.446102142333984,130.23155212402344,41.38102340698242,115.41825866699219,149.68096923828125,42.84981918334961,133.86196899414062,78.87249755859375,45.01498794555664,40.72586441040039,110.10528564453125,633.8552856445312
2025-08-26,52.84983825683594,130.8284149169922,41.473445892333984,115.9491195678711,151.2211151123047,42.78193664550781,134.69737243652344,78.3568115234375,45.137752532958984,40.60986328125,109.62137603759766,636.5091552734375
2025-08-27,52.958152770996094,131.5347137451172,41.48317337036133,115.97393798828125,151.20135498046875,43.26197814941406,134.61874389648438,78.59033203125,45.25069808959961,40.78385925292969,109.80902099609375,637.95947265625
2025-08-28,53.02708435058594,132.57424926757812,41.166988372802734,116.17239379882812,151.46792602539062,43.59170150756836,134.08799743652344,78.0940933227539,45.25069808959961,40.677528381347656,110.22380828857422,640.21875
2025-08-29,53.164947509765625,130.53993225097656,41.01619338989258,114.9766845703125,150.07586669921875,43.82929992675781,135.0708465576172,78.60005950927734,45.31452941894531,40.89986801147461,110.00653076171875,636.4005737304688
2025-09-02,52.771060943603516,129.22183227539062,40.87999725341797,114.11834716796875,148.64431762695312,43.892333984375,135.1986083984375,78.47357177734375,44.97570037841797,40.203861236572266,109.81889343261719,631.6847534179688
2025-09-03,52.68244171142578,129.9927978515625,40.7778434753418,114.57977294921875,147.8939971923828,42.90800857543945,134.55978393554688,78.4151840209961,44.67124938964844,40.09752655029297,111.6557846069336,635.1082153320312
2025-09-04,53.23387908935547,130.63442993164062,40.72920227050781,116.67350006103516,149.5625,43.194091796875,135.0708465576172,78.46383666992188,44.843116760253906,40.36819839477539,112.66312408447266,640.4161376953125
2025-09-05,52.25900650024414,130.74386596679688,40.60272979736328,116.64868927001953,149.00961303710938,42.36008071899414,135.5327606201172,78.68763732910156,45.15739440917969,40.77419662475586,113.26554107666016,638.5613403320312
2025-09-08,52.29839324951172,131.72372436523438,40.18925857543945,117.10018157958984,149.3452911376953,42.26310729980469,135.483642578125,78.39572143554688,45.196678161621094,40.50352478027344,113.39392852783203,640.1300048828125
2025-09-09,52.52488327026367,131.97738647460938,40.46652603149414,116.93645477294922,148.33827209472656,42.466758728027344,136.2109375,78.5514144897461,44.46009826660156,40.484195709228516,114.03585052490234,641.60986328125
2025-09-10,52.347633361816406,134.3698272705078,41.16212844848633,115.5373306274414,149.43414306640625,43.20863723754883,134.97256469726562,77.78273010253906,44.543575286865234,40.46485900878906,113.19641876220703,643.4647216796875
2025-09-11,53.2043342590332,134.8224639892578,41.38102340698242,117.78486633300781,150.85580444335938,43.21833419799805,137.321533203125,78.4151840209961,45.47658157348633,41.12220001220703,114.93455505371094,648.8119506835938
2025-09-12,52.977848052978516,134.73292541503906,41.59019088745117,118.39512634277344,149.6513214111328,42.96134567260742,135.7391815185547,78.15247344970703,45.0198974609375,40.93852996826172,115.89249420166016,648.5949096679688
2025-09-15,52.85968780517578,135.94656372070312,41.687477111816406,119.4221420288086,150.34243774414062,42.815879821777344,134.5794219970703,77.2573013305664,44.656524658203125,40.890193939208984,117.52201080322266,652.0480346679688
2025-09-16,52.741519927978516,135.4740447998047,40.92863845825195,120.15643310546875,149.89816284179688,43.533512115478516,134.5794219970703,77.60758972167969,44.51902389526367,40.64853286743164,117.0479736328125,651.1503295898438
2025-09-17,53.25357437133789,135.00648498535156,41.030792236328125,119.85379028320312,149.21693420410156,43.63534164428711,134.8448028564453,78.07463073730469,44.62214279174805,40.62919616699219,117.35411834716797,650.3412475585938
2025-09-18,53.30281448364258,137.33924865722656,41.05997848510742,119.31298065185547,150.8064422607422,43.49957275390625,135.11016845703125,77.39351654052734,44.62214279174805,40.65819549560547,117.44300842285156,653.3798828125
2025-09-19,53.42097473144531,138.73194885253906,41.32265090942383,119.76448059082031,151.17173767089844,42.922550201416016,134.93325805664062,77.23783874511719,44.60250473022461,40.455196380615234,117.92691802978516,656.615966796875
2025-09-22,53.3498420715332,140.77285766601562,41.72323226928711,119.37432098388672,151.67735290527344,42.87316131591797,134.89869689941406,76.37670135498047,44.58721160888672,40.58863830566406,117.51565551757812,659.7224731445312
2025-09-23,53.112728118896484,139.5576629638672,41.93870162963867,118.25105285644531,151.7169952392578,43.611595153808594,135.20477294921875,76.7587661743164,44.44412612915039,40.910072326660156,117.34717559814453,656.1312255859375
2025-09-24,52.964542388916016,138.69607543945312,42.2374267578125,119.0860595703125,150.933837890625,44.17886734008789,134.6617431640625,76.9253158569336,43.901405334472656,40.491233825683594,116.37596893310547,654.043701171875
2025-09-25,52.826229095458984,138.45204162597656,41.830963134765625,117.40612030029297,149.91273498535156,44.574981689453125,132.4303741455078,76.19054412841797,43.32907485961914,40.393829345703125,115.97956085205078,651.0263671875
2025-09-26,53.21152877807617,138.87039184570312,42.51166534423828,119.1407241821289,151.26097106933594,44.98576736450195,133.78302001953125,76.37670135498047,43.83232879638672,40.793190002441406,117.10932159423828,654.756103515625
2025-09-29,53.47827911376953,139.61245727539062,42.634090423583984,119.66259002685547,151.72691345214844,44.159305572509766,134.1779327392578,76.52364349365234,44.00008010864258,40.87111282348633,117.48591613769531,656.59619140625
2025-09-30,53.22140884399414,140.3744354248047,42.707550048828125,119.10592651367188,152.89669799804688,43.68983840942383,137.40650939941406,76.77836608886719,44.217166900634766,41.036705017089844,117.30753326416016,659.0695190429688
2025-10-01,52.74718475341797,141.74900817871094,43.11890411376953,119.8514633178711,152.47042846679688,43.68983840942383,141.6520233154297,76.66080474853516,43.753387451171875,41.036705017089844,115.66242980957031,661.3153686523438
2025-10-02,52.70766830444336,142.51596069335938,43.04055404663086,118.98664855957031,152.86697387695312,43.24971389770508,141.3755645751953,76.35710144042969,44.261573791503906,40.82241439819336,115.4047622680664,662.0769653320312
2025-10-03,53.073219299316406,141.79881286621094,43.54005813598633,118.22123718261719,153.0751495361328,43.479557037353516,142.98492431640625,76.44526672363281,44.3355827331543,40.987998962402344,115.34530639648438,662.0672607421875
2025-10-06,53.0534553527832,143.23312377929688,43.961204528808594,119.23515319824219,153.78892517089844,43.69472885131836,142.29379272460938,75.88684844970703,44.29611587524414,40.57889938354492,115.4642333984375,664.4415283203125
2025-10-07,53.12261199951172,142.2769012451172,44.161983489990234,117.14767456054688,152.9165496826172,43.7631950378418,142.4023895263672,76.59223175048828,44.118492126464844,40.4522705078125,115.01825714111328,661.9781494140625
2025-10-08,52.86573791503906,144.77203369140625,44.465606689453125,117.4955825805664,154.24496459960938,43.5088996887207,142.6788330078125,76.21014404296875,44.355316162109375,40.24772262573242,114.54257202148438,665.925537109375
2025-10-09,52.67803192138672,144.5279998779297,44.35297393798828,116.90910339355469,151.96482849121094,42.91717529296875,142.36289978027344,76.45507049560547,43.74845504760742,40.062652587890625,113.88850402832031,663.996337890625
2025-10-10,51.53199768066406,138.64630126953125,44.17177963256836,113.6933822631836,148.6041259765625,41.67504119873047,140.30926513671875,76.51383972167969,42.850494384765625,39.624332427978516,111.78752899169922,646.0499877929688
2025-10-13,52.02597427368164,142.02291870117188,44.50967788696289,116.23316192626953,150.15066528320312,42.2423095703125,140.15127563476562,76.25912475585938,43.53136444091797,39.84836196899414,112.81819152832031,655.9629516601562
2025-10-14,52.598995208740234,140.20013427734375,44.906341552734375,116.47669982910156,151.91526794433594,42.2374267578125,140.5363311767578,77.4837417602539,43.96554183959961,40.22824478149414,113.56145477294922,655.16162109375
2025-10-15,52.598995208740234,141.58963012695312,45.493995666503906,116.64568328857422,151.28082275390625,42.212974548339844,140.75355529785156,77.62090301513672,43.7681884765625,40.81267166137695,114.36418914794922,658.0703125
2025-10-16,51.136810302734375,141.6942138671875,44.9993896484375,115.51744842529297,150.28944396972656,41.704383850097656,140.5166015625,77.08206939697266,43.44255828857422,40.6860466003418,113.14522552490234,653.5886840820312
2025-10-17,51.551753997802734,141.9432373046875,44.842681884765625,116.51148223876953,150.41831970214844,42.04669952392578,141.45455932617188,78.11074829101562,43.35867691040039,40.949039459228516,113.90831756591797,657.298583984375
2025-10-20,52.1544075012207,143.52696228027344,44.8279914855957,117.43595123291016,152.19287109375,42.49171829223633,142.95530700683594,78.04216766357422,43.87673568725586,41.377620697021484,115.19664764404297,664.1348876953125
2025-10-21,52.09513473510742,143.60166931152344,44.37255859375,118.8723373413086,153.5410919189453,42.393917083740234,143.29098510742188,77.67967987060547,43.708980560302734,41.25099563598633,115.60296630859375,664.1249389648438
2025-10-22,51.798744201660156,142.18228149414062,44.26972198486328,117.94290924072266,151.5484619140625,42.936737060546875,144.1104736328125,78.12053680419922,43.575767517089844,41.43606185913086,114.60203552246094,660.6722412109375
2025-10-23,51.90742111206055,143.9751739501953,44.235443115234375,118.4747085571289,153.4419403076172,43.5088996887207,144.18943786621094,77.73845672607422,44.098758697509766,41.397098541259766,114.21553802490234,664.5899047851562
2025-10-24,52.470558166503906,146.21133422851562,44.75453567504883,118.12184143066406,153.57081604003906,43.06877517700195,144.17958068847656,77.4837417602539,43.91620635986328,41.543209075927734,114.51284790039062,670.0213623046875
2025-10-27,52.68791198730469,148.91064453125,44.87696075439453,119.82164764404297,154.44322204589844,43.17146682739258,144.51527404785156,77.61109924316406,43.89646911621094,41.6308708190918,116.1083984375,677.926025390625
2025-10-28,52.35200500488281,150.3848114013672,44.13749313354492,119.8514633178711,153.3428192138672,42.721561431884766,143.60693359375,76.83715057373047,43.95567321777344,40.70552444458008,115.53359985351562,679.7266235351562
2025-10-29,51.46284103393555,151.46554565429688,44.122806549072266,118.86238861083984,153.73936462402344,43.0394287109375,142.1555633544922,75.02471923828125,43.092254638671875,39.59511184692383,115.24620056152344,680.05322265625
2025-10-30,51.60115432739258,149.60292053222656,43.93671798706055,116.17848205566406,153.3527374267578,42.785133361816406,142.4715118408203,74.94634246826172,42.51498794555664,39.81914520263672,113.29388427734375,672.5738525390625
2025-10-31,51.739463806152344,149.74734497070312,43.63309860229492,119.25006103515625,153.7195281982422,43.098114013671875,142.42213439941406,74.7308120727539,42.2682991027832,39.838623046875,113.77947998046875,674.780029296875
2025-11-03,51.522117614746094,150.35992431640625,43.65758514404297,120.36836242675781,153.0652313232422,43.10300064086914,142.61959838867188,74.14300537109375,42.00680160522461,39.77043914794922,112.5704345703125,676.04638671875
2025-11-04,51.78886032104492,146.39064025878906,43.500877380371094,118.37034606933594,151.2907257080078,42.638427734375,143.26138305664062,74.44669342041016,41.799583435058594,39.87758255004883,111.79743194580078,668.0327758789062
2025-11-05,51.966697692871094,146.96336364746094,43.51066970825195,119.81169891357422,151.8756103515625,42.75090026855469,143.81427001953125,74.39772033691406,42.0462760925293,39.86784362792969,112.4019546508789,670.3478393554688
2025-11-06,51.778987884521484,144.01004028320312,43.31968307495117,117.04330444335938,151.2708740234375,43.16657257080078,144.09072875976562,74.06461334228516,41.83905029296875,39.673030853271484,111.39111328125,663.1554565429688
2025-11-07,52.14453125,143.51202392578125,43.922027587890625,117.2271957397461,152.00450134277344,43.78764724731445,144.28819274902344,75.1520767211914,42.342308044433594,40.19902420043945,111.10372161865234,663.8082885742188
2025-11-10,52.332244873046875,147.1824951171875,43.9073371887207,118.7679672241211,152.86697387695312,44.18375778198242,145.4137420654297,74.87776184082031,42.74195098876953,40.1697998046875,112.26321411132812,674.1665649414062
2025-11-11,52.56935119628906,145.92745971679688,43.931819915771484,119.06120300292969,152.9066162109375,44.76081466674805,148.77066040039062,75.85746002197266,43.18599319458008,40.61786651611328,113.17495727539062,675.7099609375
2025-11-12,53.0238151550293,146.38067626953125,44.03466033935547,118.26100158691406,153.05531311035156,44.134857177734375,150.88356018066406,75.74969482421875,43.49189376831055,40.29642105102539,112.52088928222656,676.0859375
2025-11-13,52.342124938964844,142.73011779785156,43.42742156982422,115.3086929321289,150.6859893798828,44.24733352661133,150.8045654296875,75.74969482421875,43.20573043823242,39.77043914794922,110.92533874511719,664.8670043945312
2025-11-14,51.818504333496094,143.5070343017578,43.46659469604492,114.75700378417969,150.69589233398438,45.00043487548828,149.9060821533203,75.69091796875,42.81101989746094,39.887325286865234,110.33071899414062,664.7581176757812
2025-11-17,50.83054733276367,141.2609405517578,43.85836410522461,113.678466796875,149.2187957763672,44.17886734008789,149.77774047851562,75.21085357666016,42.15974807739258,39.624332427978516,110.18206787109375,658.56494140625
2025-11-18,50.75150680541992,138.96502685546875,43.69186019897461,111.58104705810547,148.55458068847656,44.530967712402344,150.65646362304688,75.53414916992188,42.19429016113281,39.77043914794922,110.80640411376953,653.0346069335938
2025-11-19,50.9392204284668,139.9311981201172,43.324581146240234,111.58601379394531,149.05026245117188,43.953914642333984,150.39974975585938,74.95614624023438,42.302833557128906,39.458740234375,110.19197845458984,655.5574951171875
2025-11-20,50.4946403503418,135.53857421875,43.104209899902344,109.9209976196289,146.5520477294922,43.45510482788086,149.50128173828125,75.49496459960938,41.671302795410156,39.32237243652344,108.98292541503906,645.5652465820312
2025-11-21,51.04789733886719,136.06150817871094,43.167877197265625,112.07806396484375,148.3364715576172,43.72895812988281,152.65086364746094,76.31791687011719,42.60380172729492,39.838623046875,110.89561462402344,651.9959106445312
2025-11-24,51.2652473449707,139.3036651611328,43.65758514404297,113.5740966796875,148.70327758789062,43.60670471191406,153.29263305664062,75.43618774414062,42.68767166137695,39.89706802368164,111.99564361572266,661.59228515625
2025-11-25,51.90742111206055,139.6772003173828,43.491085052490234,116.00452423095703,150.60667419433594,43.33285140991211,156.75816345214844,76.47465515136719,43.32414245605469,40.218502044677734,113.27406311035156,667.815185546875
2025-11-26,52.31248474121094,141.33065795898438,44.068939208984375,116.79975891113281,151.4790802001953,43.66049575805664,156.41258239746094,77.3073959350586,43.856998443603516,40.393829345703125,113.43262481689453,672.4254760742188
2025-11-28,52.68791198730469,142.5458526611328,44.38235092163086,117.52540588378906,152.3613739013672,44.23265838623047,155.65234375,77.758056640625,44.10862350463867,40.58863830566406,114.35428619384766,676.0958862304688
2025-12-01,52.25320816040039,142.610595703125,43.34416961669922,117.5949935913086,150.13084411621094,44.65811538696289,153.32225036621094,77.67967987060547,44.00008010864258,40.0236930847168,113.81912994384766,673.0091552734375
2025-12-02,52.20380783081055,144.07977294921875,43.03565216064453,117.51547241210938,151.4394073486328,44.08106231689453,152.40402221679688,77.17023468017578,43.600440979003906,39.92628860473633,114.19571685791016,674.2556762695312
2025-12-03,52.9052619934082,144.4234161376953,42.89853286743164,118.78287506103516,152.87689208984375,44.90752410888672,153.11489868164062,77.2290267944336,43.90633773803711,40.00421142578125,114.09661102294922,676.5905151367188
2025-12-04,53.01393508911133,144.96128845214844,42.81038284301758,118.36040496826172,153.66995239257812,45.098243713378906,151.94984436035156,76.85673522949219,43.649776458740234,39.93602752685547,114.75069427490234,677.085205078125
2025-12-05,53.033695220947266,146.02210998535156,42.4088249206543,119.01647186279297,153.24368286132812,44.91240692138672,151.31797790527344,76.86653900146484,43.50669479370117,39.92628860473633,116.07865905761719,678.3712768554688
2025-12-08,52.83610153198242,147.04803466796875,41.840763092041016,117.28683471679688,153.05531311035156,44.42338180541992,149.51113891601562,76.229736328125,42.904762268066406,39.682777404785156,115.21647644042969,676.3333129882812
2025-12-09,52.638511657714844,147.43649291992188,41.870147705078125,117.27690124511719,151.93508911132812,44.697242736816406,148.05978393554688,76.40607452392578,42.81595230102539,39.44900131225586,115.34530639648438,675.7495727539062
2025-12-10,53.24116897583008,148.14370727539062,41.85055923461914,118.99658203125,154.71087646484375,45.16670608520508,150.21217346191406,76.63141632080078,43.65471267700195,39.52692794799805,116.01920318603516,680.2312622070312
2025-12-11,54.20936584472656,147.38668823242188,42.1541748046875,119.46379089355469,156.366455078125,44.951534271240234,151.6339111328125,77.19963073730469,44.523067474365234,39.74121856689453,115.76153564453125,681.8140869140625
2025-12-12,54.28840637207031,143.12356567382812,41.94850158691406,119.98068237304688,155.385009765625,44.51140594482422,152.1078338623047,77.80703735351562,44.55267333984375,39.6925163269043,115.50386810302734,674.4832153320312
2025-12-15,54.32792663574219,141.73904418945312,42.33047103881836,121.00456237792969,155.63284301757812,44.198429107666016,154.1219940185547,78.02256774902344,44.523067474365234,39.84836196899414,115.52368927001953,673.4641723632812
2025-12-16,53.98213577270508,141.9980010986328,42.1541748046875,121.20336151123047,154.71087646484375,42.84870910644531,152.1177215576172,77.66987609863281,44.404659271240234,39.497703552246094,115.60296630859375,671.6240844726562
2025-12-17,53.972259521484375,138.84051513671875,41.87993240356445,119.80176544189453,152.2027587890625,43.79742431640625,151.8412628173828,78.0323715209961,44.592140197753906,39.673030853271484,114.77050018310547,664.2338256835938
2025-12-18,53.88334274291992,140.98202514648438,42.29129409790039,121.61090850830078,153.19410705566406,43.16168975830078,151.95973205566406,77.58171844482422,44.57240676879883,39.42952346801758,115.4245834350586,669.2496948242188
2025-12-19,54.17972946166992,144.0299835205078,41.75261688232422,121.12383270263672,154.5126190185547,43.16168975830078,152.9766845703125,77.18003845214844,44.76976013183594,39.283416748046875,115.47412872314453,675.3153686523438
2025-12-22,54.844970703125,144.8070831298828,41.907535552978516,121.85191345214844,156.22557067871094,43.608524322509766,153.98507690429688,76.91043853759766,45.29841995239258,39.57487869262695,115.98716735839844,679.5224609375
2025-12-23,54.95402526855469,145.5951385498047,42.055545806884766,121.68260192871094,156.1658935546875,43.89457702636719,153.67770385742188,76.5450439453125,45.377769470214844,39.56503677368164,116.71295166015625,682.6282348632812
2025-12-24,55.25144958496094,145.94430541992188,42.24303436279297,122.10092163085938,156.6732177734375,43.7663459777832,154.4808349609375,77.14745330810547,45.467041015625,39.8210563659668,117.4089126586914,685.0294799804688
2025-12-26,55.142391204833984,146.17373657226562,42.21342849731445,121.5630874633789,156.38475036621094,43.59865951538086,154.72872924804688,77.25608825683594,45.73484420776367,39.89983367919922,117.28961181640625,684.9599609375
2025-12-29,54.844970703125,145.51535034179688,42.2923698425293,120.36786651611328,156.04652404785156,44.01294708251953,154.49075317382812,77.30545043945312,45.367855072021484,40.008148193359375,117.21006774902344,682.51904296875
2025-12-30,54.70616912841797,145.0564727783203,42.39104461669922,119.87982177734375,155.598876953125,44.34832000732422,154.36184692382812,77.17707824707031,45.35793685913086,40.09677505493164,117.60775756835938,681.685546875
2025-12-31,54.29969024658203,143.61996459960938,42.1246223449707,118.9336166381836,154.3057098388672,44.101722717285156,153.4893035888672,76.71292114257812,44.98102569580078,39.7324333190918,117.04105377197266,676.635009765625
2026-01-02,54.458316802978516,143.94915771484375,42.608131408691406,117.87783813476562,157.15069580078125,45.02893829345703,154.1932830810547,76.7228012084961,45.7447624206543,39.76197814941406,116.22578430175781,677.8753051757812
2026-01-05,55.648014068603516,144.26837158203125,42.134490966796875,119.82006072998047,159.01087951660156,46.2520637512207,153.7272491455078,76.38703155517578,46.20102310180664,39.81121063232422,117.07087707519531,682.3900756835938
2026-01-06,55.91569900512695,146.29344177246094,42.341705322265625,120.58699035644531,161.16949462890625,45.019065856933594,156.75144958496094,76.50553894042969,47.11353302001953,40.07707977294922,116.65330505371094,686.4484252929688
2026-01-07,55.13248062133789,146.17373657226562,41.31547927856445,120.41767120361328,158.135498046875,44.51601028442383,158.3081512451172,75.66613006591797,46.30020523071289,39.52565002441406,116.41468048095703,684.2356567382812
2026-01-08,55.41999053955078,143.88931274414062,41.433895111083984,122.42960357666016,159.32920837402344,45.91668701171875,156.78118896484375,77.46347045898438,47.11353302001953,39.8210563659668,116.80243682861328,684.1661987304688
2026-01-09,55.25144958496094,145.79466247558594,41.94700241088867,123.91366577148438,161.0799560546875,46.03505325317383,155.97804260253906,78.26338195800781,47.867347717285156,39.8801383972168,117.2299575805664,688.6908569335938
2026-01-12,54.81522750854492,146.43310546875,42.016082763671875,124.0232162475586,162.31346130371094,45.70954895019531,156.04745483398438,79.18180084228516,48.1252326965332,39.9983024597168,116.87203216552734,689.7723999023438
2026-01-13,53.76432800292969,146.1238555908203,42.28250503540039,123.71446228027344,163.14903259277344,46.36056900024414,155.41287231445312,80.1002197265625,48.333526611328125,40.303558349609375,116.21583557128906,688.3932495117188
2026-01-14,53.68501663208008,144.3481903076172,42.598262786865234,121.76228332519531,163.40768432617188,47.40614700317383,156.5233917236328,81.20628356933594,48.35336685180664,40.75651550292969,115.96727752685547,685.009521484375
2026-01-15,53.90312576293945,145.10635375976562,43.03243637084961,122.21048736572266,164.9097442626953,46.9622688293457,155.6310272216797,81.34453582763672,48.5616569519043,41.06177520751953,115.53976440429688,686.8750610351562
2026-01-16,53.9725227355957,145.2659454345703,42.81535339355469,121.81208801269531,166.02386474609375,47.04117965698242,154.4213409423828,81.08777618408203,48.283935546875,41.56396484375,114.50575256347656,686.2994995117188
2026-01-20,52.7431755065918,141.49513244628906,42.39104461669922,118.64476776123047,162.67156982421875,46.9524040222168,154.08421325683594,81.33466339111328,47.797916412353516,40.7663688659668,112.81555938720703,672.3286743164062
2026-01-21,53.000938415527344,143.46035766601562,42.450252532958984,120.9156723022461,165.48670959472656,48.08675765991211,156.9199981689453,81.41366577148438,48.839378356933594,40.914066314697266,113.96886444091797,680.0880737304688
2026-01-22,53.34793472290039,144.5277557373047,42.14435577392578,122.13080596923828,164.6312255859375,48.24458312988281,156.94973754882812,81.24578094482422,49.11709976196289,40.510345458984375,115.57952880859375,683.6402587890625
2026-01-23,52.614288330078125,144.73724365234375,41.99634552001953,122.6387710571289,163.35794067382812,48.52077102661133,156.1466064453125,81.87782287597656,49.56344223022461,40.61865997314453,116.28543090820312,683.8883666992188
2026-01-26,52.95137023925781,145.72483825683594,42.30223846435547,121.83200073242188,163.51710510253906,48.55036544799805,156.76136779785156,81.74943542480469,49.622947692871094,40.5891227722168,117.09075927734375,687.3612060546875
2026-01-27,52.544891357421875,147.6900634765625,42.85482406616211,122.20052337646484,164.19354248046875,48.994239807128906,154.1337890625,82.12471008300781,49.57335662841797,40.61865997314453,116.22578430175781,690.099853515625
2026-01-28,52.534976959228516,148.86717224121094,42.75614929199219,121.28419494628906,163.2783660888672,49.36907196044922,153.00343322753906,81.295166015625,49.543601989746094,40.22478103637695,116.07664489746094,690.0303344726562
2026-01-29,53.09016799926758,146.51292419433594,42.75614929199219,120.70650482177734,164.9893341064453,49.82281494140625,152.51759338378906,81.1075210571289,49.593196868896484,40.736820220947266,119.09911346435547,688.6610717773438
2026-01-30,52.981109619140625,143.5301971435547,42.677207946777344,120.68659210205078,164.57154846191406,50.355464935302734,153.42982482910156,82.47035217285156,48.86913299560547,40.79590606689453,119.38744354248047,686.6071166992188
2026-02-02,53.566043853759766,144.9068145751953,42.055545806884766,121.48340606689453,166.6505584716797,49.36907196044922,154.37176513671875,83.44802856445312,49.24604415893555,40.333099365234375,118.97980499267578,690.0204467773438
2026-02-03,53.070335388183594,141.7345733642578,42.66733932495117,120.5073013305664,168.05316162109375,50.9670295715332,152.7952423095703,84.80096435546875,50.287498474121094,40.185394287109375,117.0609359741211,684.18603515625
2026-02-04,53.496646881103516,137.78419494628906,42.50946044921875,119.62085723876953,168.50079345703125,52.11125183105469,154.70889282226562,85.90702056884766,51.46781539916992,40.82544708251953,116.12635803222656,680.8719482421875
2026-02-05,52.832401275634766,135.3002471923828,42.52919387817383,117.04119110107422,167.4861602783203,51.49968719482422,153.52896118164062,85.837890625,50.08912658691406,40.59896469116211,115.53976440429688,672.3682861328125
2026-02-06,53.794071197509766,140.78688049316406,42.775882720947266,117.51927185058594,172.27088928222656,52.52553939819336,156.37466430664062,86.84519958496094,51.09090805053711,41.34733581542969,115.09235382080078,685.2676391601562
2026-02-09,53.4768180847168,143.00148010253906,42.90415954589844,117.0810317993164,172.78817749023438,52.91023254394531,154.99644470214844,86.34154510498047,51.75545883178711,41.603355407714844,116.20588684082031,688.5718383789062
2026-02-10,53.09016799926758,142.20343017578125,43.614627838134766,117.85791778564453,172.9970703125,52.85104751586914,154.0148162841797,86.06503295898438,52.479515075683594,42.184322357177734,116.90185546875,686.7559814453125
2026-02-11,52.28712463378906,142.62240600585938,43.99946212768555,117.29019927978516,173.9221954345703,54.231998443603516,154.92701721191406,87.29946899414062,53.183738708496094,42.144935607910156,116.06670379638672,686.5972290039062
2026-02-12,51.24613952636719,138.87155151367188,44.650718688964844,115.66669464111328,171.84315490722656,53.245601654052734,154.67913818359375,88.0993881225586,52.400169372558594,42.213863372802734,113.97881317138672,675.9900512695312
2026-02-13,51.206485748291016,139.22068786621094,45.8841667175293,115.71649932861328,173.25570678710938,53.61056900024414,156.3350067138672,88.3956527709961,52.87626647949219,42.83422088623047,113.91915893554688,676.4663696289062
2026-02-17,51.75175857543945,139.140869140625,45.76575469970703,115.57705688476562,174.1609344482422,53.018733978271484,156.03753662109375,87.10195922851562,52.2712287902832,43.267486572265625,113.74019622802734,677.5578002929688
2026-02-18,52.13841247558594,140.56741333007812,45.005950927734375,116.55313873291016,174.1211395263672,54.03472137451172,156.3350067138672,86.9439468383789,52.588626861572266,42.686519622802734,113.9291000366211,680.97119140625
2026-02-19,51.70219039916992,139.86911010742188,45.49932861328125,115.77625274658203,175.414306640625,54.42927932739258,155.928466796875,86.57855987548828,52.400169372558594,42.538814544677734,114.4759292602539,679.1751708984375
2026-02-20,52.03927230834961,140.5374755859375,45.71641540527344,116.9814224243164,176.29965209960938,54.13336181640625,155.49220275878906,86.79582214355469,52.529109954833984,42.893306732177734,116.12635803222656,684.0867919921875
2026-02-23,50.29438018798828,138.18321228027344,46.0617790222168,114.53124237060547,173.9122314453125,54.399688720703125,157.1976318359375,87.86237335205078,52.529109954833984,42.942543029785156,114.69466400146484,677.1013793945312
2026-02-24,50.542236328125,139.97885131835938,46.574893951416016,116.27426147460938,176.05096435546875,54.350364685058594,156.53329467773438,88.62278747558594,52.92585754394531,43.06070327758789,115.49005126953125,682.0228881835938
2026-02-25,51.42459487915039,142.66229248046875,46.73277282714844,116.62286376953125,174.67820739746094,54.123497009277344,156.49365234375,87.9018783569336,52.628299713134766,42.77513885498047,115.82808685302734,687.7780151367188
2026-02-26,52.0491828918457,140.6671600341797,46.55515670776367,116.58302307128906,175.77243041992188,54.301048278808594,156.08712768554688,87.75374603271484,52.56878662109375,42.96223449707031,116.04682159423828,683.9578247070312
2026-02-27,50.988372802734375,138.42263793945312,47.09787368774414,116.39378356933594,176.21011352539062,55.159210205078125,158.8435821533203,88.8894271850586,52.97544860839844,43.16901779174805,117.36915588378906,680.6734619140625
2026-03-02,50.85948944091797,139.2007293701172,46.74264144897461,114.95952606201172,177.96087646484375,56.26397705078125,157.18771362304688,87.60560607910156,52.81675338745117,43.2477912902832,117.19019317626953,681.0604858398438
2026-03-03,50.770263671875,137.1656951904297,46.44661331176758,113.90375518798828,174.51904296875,55.75104904174805,155.41287231445312,86.6476821899414,51.51741027832031,43.03116226196289,117.2796630859375,675.0573120117188
2026-03-04,51.057769775390625,139.5,46.64396667480469,115.9256591796875,175.0462646484375,55.425537109375,155.7202606201172,86.07491302490234,51.4975700378418,43.090240478515625,118.1048812866211,679.8201293945312
2026-03-05,50.79008865356445,139.83917236328125,46.27886962890625,116.08502960205078,171.1567840576172,55.71159362792969,152.60684204101562,84.3467025756836,50.41644287109375,42.67667007446289,117.75690460205078,676.0297241210938
2026-03-06,50.13575744628906,136.95619201660156,46.12098693847656,113.98343658447266,169.04791259765625,55.80036926269531,151.40708923339844,84.71208953857422,49.4543342590332,42.233558654785156,116.78255462646484,667.1689453125
2026-03-09,49.89781951904297,139.42019653320312,46.229530334472656,114.1328353881836,170.04266357421875,55.553768157958984,152.95387268066406,84.89972686767578,49.583274841308594,42.322181701660156,116.88197326660156,673.0133056640625
2026-03-10,49.63013458251953,139.42019653320312,45.9433708190918,113.98343658447266,169.12750244140625,54.843563079833984,151.85325622558594,84.65283966064453,49.47417068481445,42.26309585571289,116.70301055908203,671.9317016601562
2026-03-11,49.213741302490234,140.08856201171875,45.55853271484375,113.68463134765625,168.60028076171875,56.20478820800781,151.5558319091797,83.53689575195312,49.43449401855469,41.76090621948242,116.32520294189453,671.08837890625
2026-03-12,48.41069793701172,137.50486755371094,45.8841667175293,111.07508850097656,164.3726043701172,56.727577209472656,148.8885955810547,83.20113372802734,49.27579879760742,41.49503707885742,114.60517883300781,660.89794921875
2026-03-13,48.470184326171875,136.4674072265625,46.338069915771484,110.417724609375,163.78567504882812,56.91499328613281,148.52171325683594,83.6850357055664,48.7897834777832,41.603355407714844,113.78990936279297,657.1571655273438
2026-03-16,48.87665939331055,138.4425811767578,46.63409423828125,111.75237274169922,165.1882781982422,57.11227798461914,149.73138427734375,83.92205047607422,48.998077392578125,41.92830276489258,114.66484069824219,663.844970703125
2026-03-17,49.13443374633789,139.2007293701172,46.505821228027344,112.72846221923828,165.6259765625,57.71397399902344,148.37298583984375,83.6455307006836,49.11709976196289,42.066162109375,114.70460510253906,665.5912475585938
2026-03-18,48.54949951171875,137.6245880126953,46.11111831665039,110.12887573242188,164.31289672851562,57.63506317138672,145.8941650390625,81.6111831665039,48.0855598449707,41.37687301635742,113.00447082519531,656.3038330078125
2026-03-19,48.56932830810547,138.0934295654297,45.92363739013672,109.26234436035156,163.1987762451172,58.55241012573242,145.36863708496094,80.94952392578125,47.351585388183594,41.27840042114258,112.48746490478516,654.6864624023438
2026-03-20,48.65855407714844,134.96107482910156,44.05866622924805,107.31016540527344,160.82131958007812,58.503089904785156,144.0994873046875,80.27798461914062,46.5977668762207,39.9687614440918,111.58271789550781,645.3009643554688
2026-03-23,49.0980110168457,136.78689575195312,44.495872497558594,109.90100860595703,162.6498260498047,59.203041076660156,144.13433837890625,80.62060546875,47.372867584228516,40.26714324951172,112.41754150390625,652.07666015625
2026-03-24,49.107975006103516,135.9878387451172,44.80390548706055,109.46187591552734,163.59750366210938,60.40437698364258,144.15423583984375,80.55108642578125,48.26951599121094,39.94001388549805,110.84164428710938,649.8877563476562
2026-03-25,49.16776657104492,136.5971221923828,44.962890625,110.50979614257812,164.69480895996094,60.13631057739258,145.59788513183594,80.94833374023438,49.2259407043457,39.92018508911133,111.15084075927734,653.5094604492188
2026-03-26,48.87877655029297,132.34219360351562,45.04238510131836,108.61357116699219,160.87420654296875,61.07950973510742,145.10008239746094,80.58087921142578,48.90713119506836,39.94001388549805,108.52766418457031,641.838623046875
2026-03-27,47.64310836791992,129.76527404785156,45.30073165893555,105.46983337402344,158.8092803955078,62.112064361572266,142.63095092773438,81.21646881103516,48.72780227661133,39.66244125366211,106.76226043701172,630.89404296875
2026-03-30,48.19118881225586,127.34815216064453,45.62863540649414,105.44987487792969,156.2256317138672,61.516357421875,143.18850708007812,81.31578063964844,48.90713119506836,39.8607063293457,107.67987060546875,628.78466796875
2026-03-31,49.197662353515625,132.74171447753906,45.59882736206055,108.76327514648438,161.33306884765625,60.82136917114258,145.96624755859375,81.41510009765625,49.78385543823242,40.47532272338867,110.57234191894531,647.0621337890625
2026-04-01,49.267417907714844,134.74932861328125,45.81743240356445,109.5816421508789,164.02642822265625,58.547767639160156,147.08132934570312,80.89867401123047,50.27202606201172,40.59428024291992,110.95135498046875,651.9373779296875
2026-04-02,49.35710144042969,135.8280487060547,46.04597473144531,107.93492126464844,163.36807250976562,58.82576370239258,146.16537475585938,81.32571411132812,50.22221374511719,41.2485466003418,111.41016387939453,652.5244750976562
2026-04-06,49.70588302612305,136.61709594726562,45.877052307128906,108.82315063476562,164.2060089111328,59.252685546875,145.6376953125,82.09041595458984,50.03292465209961,41.397239685058594,111.47000885009766,655.6087646484375
2026-04-07,49.70588302612305,137.2663116455078,45.976417541503906,107.55567169189453,163.87681579589844,59.729248046875,145.9264373779297,80.70005798339844,49.8934440612793,41.35758972167969,111.52985382080078,655.8972778320312
2026-04-08,51.02127456665039,141.52125549316406,46.48318099975586,110.599609375,170.02169799804688,57.63435363769531,149.0128173828125,82.20957946777344,51.55722427368164,42.07133483886719,113.51468658447266,672.6027221679688
2026-04-09,51.150821685791016,141.9008026123047,46.85083770751953,112.51579284667969,171.76739501953125,56.91950988769531,148.67431640625,82.87496185302734,51.47751998901367,42.35881423950195,113.97349548339844,676.4830322265625
2026-04-10,50.5927734375,142.45013427734375,46.66204071044922,112.66549682617188,171.0990447998047,56.53230285644531,146.66317749023438,81.80240631103516,51.76643753051758,42.448036193847656,113.6543197631836,676.0353393554688
2026-04-13,51.47966766357422,145.43658447265625,46.09565734863281,113.69344329833984,172.30606079101562,56.70108413696289,147.32028198242188,80.9880599975586,51.995582580566406,42.646297454833984,114.5220718383789,682.6417846679688
2026-04-14,51.599246978759766,147.76380920410156,46.17515182495117,116.20843505859375,172.924560546875,55.54939270019531,148.17649841308594,80.90860748291016,51.816253662109375,43.052734375,116.25755310058594,690.959716796875
2026-04-15,51.987884521484375,150.12100219726562,45.728004455566406,117.94497680664062,170.75987243652344,55.360748291015625,147.12115478515625,80.50143432617188,51.188602447509766,43.03290939331055,117.05548095703125,696.412109375
2026-04-16,51.84837341308594,151.83895874023438,46.055908203125,117.39606475830078,169.91195678710938,56.17488098144531,145.96624755859375,80.86888122558594,51.55722427368164,43.42943572998047,118.52166748046875,698.1234130859375
2026-04-17,52.246978759765625,154.1661834716797,45.86711502075195,120.17053985595703,173.0841522216797,54.62604904174805,148.14663696289062,81.89178466796875,51.68674087524414,44.09361267089844,118.79096221923828,706.5607299804688
2026-04-20,52.44628143310547,154.37591552734375,45.459716796875,119.6316146850586,173.4731903076172,54.675689697265625,146.77268981933594,81.822265625,52.03543472290039,44.25222396850586,118.4418716430664,705.1477661132812
2026-04-21,52.117431640625,154.50576782226562,44.664794921875,118.73340606689453,171.0192413330078,55.46996307373047,145.27928161621094,81.27605438232422,51.5771484375,43.39969253540039,116.85600280761719,700.53125
2026-04-22,52.027748107910156,157.90171813964844,44.58530044555664,118.6934814453125,170.62020874023438,56.13516616821289,145.7372589111328,81.54419708251953,51.636924743652344,43.08247375488281,117.57412719726562,707.6253051757812
2026-04-23,51.619178771972656,155.65440368652344,45.79756164550781,117.50584411621094,173.64279174804688,56.57201385498047,145.59788513183594,82.9047622680664,51.617000579833984,43.57813262939453,117.08539581298828,704.8792114257812
2026-04-24,51.24050521850586,160.02919006347656,45.88698959350586,118.45396423339844,172.0467071533203,56.46280288696289,143.5469207763672,82.65648651123047,51.726585388183594,43.44926452636719,115.24020385742188,710.3414916992188
2026-04-27,51.629146575927734,160.37876892089844,45.89692306518555,117.60564422607422,172.08660888671875,56.363521575927734,142.83009338378906,81.77261352539062,51.58710861206055,43.11221694946289,115.5094985961914,711.5653686523438
2026-04-28,51.669002532958984,157.66201782226562,45.956546783447266,116.77730560302734,170.56036376953125,57.29678726196289,143.20840454101562,82.50751495361328,51.208526611328125,43.528564453125,115.44965362548828,708.1029052734375
2026-04-29,51.7387580871582,158.92050170898438,45.39016342163086,116.60763549804688,169.512939453125,58.607337951660156,142.21279907226562,82.34861755371094,50.770164489746094,43.26091003417969,114.99085235595703,707.993408203125
2026-04-30,51.948028564453125,159.31004333496094,46.552738189697266,118.11463165283203,174.1515350341797,59.222900390625,145.34898376464844,83.72903442382812,51.27826690673828,44.014312744140625,116.20768737792969,715.0377197265625
2026-05-01,51.7387580871582,161.67721557617188,46.254642486572266,118.39407348632812,172.53550720214844,58.42862319946289,144.5226287841797,83.59000396728516,51.15871047973633,43.93500518798828,116.4171371459961,717.0177001953125
2026-05-04,51.39994812011719,161.8570098876953,46.075782775878906,117.48589324951172,170.56036376953125,58.964759826660156,144.09449768066406,82.96434783935547,50.46132278442383,43.69709014892578,115.79874420166016,714.3909912109375
2026-05-05,51.409912109375,165.4327392578125,46.075782775878906,117.83518981933594,171.9868621826172,59.024330139160156,144.66200256347656,83.48075866699219,51.33803939819336,43.78630447387695,115.32996368408203,720.1220092773438
2026-05-06,51.65903854370117,169.82749938964844,45.41997146606445,119.6316146850586,176.4359130859375,56.59187316894531,144.7615509033203,83.65951538085938,52.21476364135742,44.351356506347656,117.04550170898438,730.1312866210938
2026-05-07,51.370052337646484,169.4879150390625,44.83371353149414,119.64159393310547,173.5729522705078,55.54939270019531,144.0845489501953,83.40131378173828,51.208526611328125,44.014312744140625,117.07542419433594,727.8926391601562
2026-05-08,51.061134338378906,175.31097412109375,44.43625259399414,119.96095275878906,172.77491760253906,55.30118179321289,142.85995483398438,83.59993743896484,51.39781951904297,44.02422332763672,116.6365737915039,733.9021606445312
2026-05-11,51.0013427734375,177.66815185546875,44.85358810424805,119.13261413574219,174.6103973388672,56.76065444946289,142.41192626953125,82.79551696777344,52.0653190612793,44.182830810546875,115.28009796142578,735.5736694335938
2026-05-12,51.39994812011719,174.99134826660156,44.90327072143555,118.05475616455078,173.92210388183594,57.15779113769531,145.2095947265625,83.85814666748047,51.945770263671875,44.1927490234375,115.55937194824219,734.4593505859375
2026-05-13,50.812007904052734,176.63938903808594,44.38656997680664,118.48390197753906,173.19387817382812,57.21736145019531,146.06581115722656,84.13621520996094,51.86606979370117,43.825958251953125,116.45703887939453,738.5685424804688
2026-05-14,51.1109619140625,179.28622436523438,44.6151123046875,118.43399810791016,174.08169555664062,57.654212951660156,145.9861602783203,84.39442443847656,51.47751998901367,43.528564453125,116.8061294555664,744.3989868164062
2026-05-15,50.92162322998047,176.05007934570312,43.591644287109375,116.29825592041016,170.9793243408203,59.014400482177734,144.462890625,84.0567626953125,50.11262130737305,42.85447311401367,115.77880096435547,735.4443969726562
2026-05-18,51.559391021728516,174.15234375,43.66120147705078,116.08867645263672,170.3309326171875,60.146240234375,145.0801544189453,85.3080825805664,50.03292465209961,43.369956970214844,116.67646789550781,734.927001953125
2026-05-19,50.92162322998047,173.03367614746094,44.05866241455078,114.80123901367188,168.32586669921875,60.851158142089844,146.6731414794922,85.49677276611328,48.85731887817383,43.55830383300781,115.54939270019531,730.03173828125
2026-05-20,51.47966766357422,176.9290313720703,44.22758483886719,117.70545196533203,170.31097412109375,59.371822357177734,146.48397827148438,84.93069458007812,49.534786224365234,44.04404830932617,115.79874420166016,737.5138549804688
2026-05-21,51.54942321777344,178.38729858398438,44.7144775390625,118.46393585205078,170.11146545410156,58.70662307739258,147.49948120117188,84.07662963867188,49.83366775512695,44.113441467285156,115.79874420166016,738.9764404296875
2026-05-22,51.758689880371094,180.17515563964844,45.062252044677734,118.94298553466797,171.3484344482422,59.06404495239258,149.23184204101562,84.21566772460938,50.1026611328125,44.17292022705078,115.16040802001953,741.8817749023438
2026-05-26,51.669002532958984,184.9195098876953,45.04238510131836,119.21244812011719,173.87222290039062,57.43578338623047,147.85791015625,83.05371856689453,50.80005645751953,44.321617126464844,115.25017547607422,746.8068237304688
2026-05-27,51.24050521850586,184.21034240722656,44.85358810424805,121.30827331542969,173.87222290039062,56.581947326660156,148.1366729736328,83.99717712402344,50.98934555053711,44.242313385009766,115.95833587646484,746.6774291992188
2026-05-28,51.09103012084961,186.62747192382812,44.346824645996094,121.81725311279297,173.37344360351562,56.542232513427734,150.21751403808594,83.84821319580078,51.16867446899414,44.02422332763672,116.36726379394531,750.7965698242188
2026-05-29,51.39994812011719,190.79251098632812,44.138153076171875,120.62963104248047,172.70509338378906,55.886959075927734,148.81369018554688,82.33869171142578,50.95945739746094,43.607872009277344,115.38981628417969,752.6671142578125
2026-06-01,51.25047302246094,195.52685546875,42.82653045654297,117.9549560546875,171.9768829345703,56.88972473144531,147.1908416748047,81.46475219726562,50.73031234741211,42.894126892089844,115.31002044677734,754.7166748046875
2026-06-02,51.280364990234375,197.9739532470703,43.621456146240234,117.35614776611328,173.7624969482422,57.54499816894531,145.75717163085938,81.26612854003906,51.32807922363281,43.11221694946289,113.27531433105469,755.7415771484375
2026-06-03,50.69242477416992,195.9962921142578,43.43265914916992,116.49786376953125,173.62283325195312,58.28962707519531,146.90213012695312,81.59385681152344,51.43767166137695,43.13203811645508,111.78917694091797,750.4384155273438
2026-06-04,52.007816314697266,192.93994140625,43.66120147705078,117.02680969238281,175.7276611328125,58.329341888427734,151.4122314453125,81.47467803955078,51.427703857421875,44.014312744140625,112.8165054321289,753.2740478515625
2026-06-05,52.117431640625,180.08526611328125,44.068599700927734,114.63157653808594,173.75250244140625,57.25707244873047,152.33815002441406,82.86503601074219,50.4413948059082,44.311702728271484,111.38024139404297,733.83251953125
2026-06-08,51.7885856628418,183.9606475830078,43.243865966796875,115.1605224609375,173.20387268066406,57.912349700927734,151.97972106933594,82.4975814819336,49.773887634277344,43.64752197265625,110.80174255371094,735.4940795898438
2026-06-09,52.27687454223633,180.55471801757812,43.70094680786133,115.63957214355469,175.16903686523438,56.97908020019531,153.8913116455078,83.5204849243164,50.580875396728516,44.57936096191406,111.19073486328125,733.3350830078125
2026-06-10,52.04767608642578,176.41964721679688,43.720821380615234,113.26429748535156,169.2436065673828,57.832923889160156,152.17886352539062,84.90090942382812,49.41522979736328,44.599185943603516,110.72195434570312,721.7736206054688
2026-06-11,52.436317443847656,182.99180603027344,43.770503997802734,116.06871795654297,174.72012329101562,56.71101379394531,153.4134063720703,84.68241882324219,51.029197692871094,44.529788970947266,111.8290786743164,734.04150390625
2026-06-12,53.153804779052734,184.5799102783203,44.24745559692383,116.36811828613281,175.7476043701172,57.137935638427734,153.13462829589844,85.22863006591797,51.98562240600586,44.96596908569336,111.36029815673828,738.0113525390625
2026-06-15,53.3730354309082,191.56158447265625,44.45612716674805,118.33419799804688,178.241455078125,55.15225601196289,152.2186737060547,84.89098358154297,52.30442810058594,44.599185943603516,111.89889526367188,751.0254516601562
2026-06-16,54.1602783203125,186.21795654296875,44.77409744262695,118.22441864013672,179.40859985351562,54.96361541748047,152.26846313476562,85.00021362304688,52.52360916137695,44.708229064941406,112.02855682373047,746.5481567382812
2026-06-17,53.861324310302734,185.57872009277344,44.17790222167969,115.26032257080078,179.15921020507812,54.2785530090332,150.04824829101562,83.10337829589844,51.82621765136719,43.58804702758789,108.9166488647461,737.225341796875
2026-06-18,53.382999420166016,191.21200561523438,44.47599792480469,116.92700958251953,180.46600341796875,53.38500213623047,148.74398803710938,82.72599792480469,51.617000579833984,43.479000091552734,109.16600036621094,744.8902587890625
2026-06-22,53.70000076293945,192.14999389648438,44.720001220703125,114.94000244140625,181.8000030517578,54.060001373291016,150.05999755859375,82.18000030517578,51.619998931884766,44.02000045776367,106.86000061035156,742.546142578125
2026-06-23,53.880001068115234,184.19000244140625,45.06999969482422,113.76000213623047,178.14999389648438,54.459999084472656,152.17999267578125,83.72000122070312,50.869998931884766,44.63999938964844,107.2699966430664,731.7628784179688
2026-06-24,53.720001220703125,183.0500030517578,45.540000915527344,115.06999969482422,180.2100067138672,53.56999969482422,153.35000610351562,84.44000244140625,51.15999984741211,44.5099983215332,106.54000091552734,731.4237060546875
2026-06-25,53.45000076293945,184.57000732421875,45.849998474121094,113.3499984741211,184.1199951171875,54.09000015258789,155.6300048828125,83.94000244140625,51.84000015258789,44.59000015258789,105.58000183105469,732.4810791015625
2026-06-26,53.56999969482422,181.11000061035156,46.20000076293945,114.37000274658203,181.1999969482422,53.84000015258789,160.33999633789062,84.70999908447266,51.599998474121094,45.2400016784668,106.18000030517578,727.1842651367188
2026-06-29,53.720001220703125,185.41000366210938,46.02000045776367,117.12000274658203,182.75999450683594,53.58000183105469,160.74000549316406,84.37000274658203,50.65999984741211,44.91999816894531,107.87999725341797,739.1644897460938
2026-06-30,53.61000061035156,190.52000427246094,45.34000015258789,117.27999877929688,185.22999572753906,53.11000061035156,158.66000366210938,83.06999969482422,50.83000183105469,44.029998779296875,107.12999725341797,744.9202270507812
2026-07-01,54.779998779296875,185.6199951171875,44.77000045776367,118.08999633789062,183.36000061035156,52.810001373291016,159.5399932861328,83.30000305175781,51.02000045776367,44.18000030517578,109.73999786376953,743.9127197265625
2026-07-02,55.619998931884766,180.58999633789062,45.7599983215332,117.12000274658203,183.91000366210938,53.220001220703125,163.74000549316406,84.98999786376953,52.0099983215332,44.68000030517578,109.5999984741211,742.9351806640625
2026-07-06,56.13999938964844,183.57000732421875,45.29999923706055,118.01000213623047,185.55999755859375,53.130001068115234,161.9600067138672,84.0999984741211,51.97999954223633,44.290000915527344,110.20999908447266,749.4190673828125
2026-07-07,56.04999923706055,179.17999267578125,45.70000076293945,117.38999938964844,182.3800048828125,54.63999938964844,164.44000244140625,84.86000061035156,51.5099983215332,44.88999938964844,111.0199966430664,745.85791015625
2026-07-08,54.970001220703125,181.39999389648438,45.36000061035156,115.30000305175781,180.4199981689453,55.599998474121094,162.3000030517578,84.38999938964844,50.15999984741211,44.150001525878906,109.45999908447266,743.5536499023438
2026-07-09,55.540000915527344,185.35000610351562,45.130001068115234,116.8499984741211,181.11000061035156,54.81999969482422,162.1699981689453,83.19999694824219,50.2599983215332,44.22999954223633,110.51000213623047,749.8480224609375
2026-07-10,55.709999084472656,185.77999877929688,45.40999984741211,117.23999786376953,181.9199981689453,55.08000183105469,160.83999633789062,84.12000274658203,50.88999938964844,44.45000076293945,111.63999938964844,753.0799560546875
2026-07-13,56.06999969482422,181.27999877929688,45.720001220703125,116.04000091552734,180.3699951171875,56.7400016784668,161.41000366210938,84.58999633789062,50.58000183105469,44.70000076293945,111.58999633789062,747.3142700195312
2026-07-14,56.18000030517578,183.6199951171875,45.689998626708984,115.9000015258789,180.4499969482422,56.95000076293945,158.2899932861328,83.41999816894531,50.63999938964844,44.47999954223633,111.44999694824219,749.9677124023438
2026-07-15,56.560001373291016,181.5800018310547,45.220001220703125,117.0,180.05999755859375,56.5,158.2899932861328,83.47000122070312,50.5,44.560001373291016,113.37999725341797,752.9403076171875
2026-07-16,56.75,177.52000427246094,45.470001220703125,117.33999633789062,180.14999389648438,57.02000045776367,161.8000030517578,85.80999755859375,50.88999938964844,45.459999084472656,112.6500015258789,748.8604125976562
2026-07-17,56.2599983215332,175.58999633789062,45.16999816894531,115.44000244140625,179.41000366210938,57.68000030517578,161.08999633789062,85.19000244140625,50.529998779296875,45.41999816894531,110.6500015258789,741.4487915039062
2026-07-20,56.040000915527344,175.7100067138672,44.939998626708984,114.61000061035156,178.1199951171875,57.939998626708984,159.25,84.86000061035156,50.029998779296875,45.22999954223633,110.80000305175781,740.2518310546875
2026-07-21,56.11000061035156,180.77999877929688,44.91999816894531,114.87000274658203,178.66000366210938,58.5,160.25,84.05999755859375,50.099998474121094,45.20000076293945,110.02999877929688,746.426513671875
2026-07-22,56.04999923706055,180.27000427246094,45.93000030517578,114.0199966430664,178.85000610351562,59.20000076293945,159.42999267578125,84.37999725341797,50.81999969482422,45.0099983215332,109.19999694824219,745.55859375
2026-07-23,55.83000183105469,178.4499969482422,46.189998626708984,108.76000213623047,181.94000244140625,59.380001068115234,161.44000244140625,83.20999908447266,50.290000915527344,44.95000076293945,105.37999725341797,736.3515014648438
2026-07-24,56.310001373291016,175.8800048828125,46.290000915527344,109.41000366210938,182.66000366210938,59.619998931884766,162.57000732421875,84.12999725341797,51.2599983215332,45.95000076293945,106.30000305175781,737.099609375
2026-07-27,56.880001068115234,174.3000030517578,45.68000030517578,110.83999633789062,183.1999969482422,58.36000061035156,163.39999389648438,85.36000061035156,51.38999938964844,45.7599983215332,107.66000366210938,737.25927734375
2026-07-28,57.599998474121094,171.08999633789062,45.52000045776367,112.4800033569336,182.49000549316406,57.56999969482422,167.25999450683594,87.05999755859375,52.34000015258789,46.0099983215332,109.66999816894531,739.0248413085938
2026-07-29,56.68000030517578,166.57000732421875,44.90999984741211,111.61000061035156,176.66000366210938,58.650001525878906,166.24000549316406,87.36000061035156,51.7400016784668,45.959999084472656,109.51000213623047,727.6531372070312
2026-07-30,57.0,175.72999572753906,44.65999984741211,112.38999938964844,178.38999938964844,58.959999084472656,163.52000427246094,85.47000122070312,51.63999938964844,45.29999923706055,106.58000183105469,739.852783203125
2026-07-31,56.939998626708984,175.35000610351562,44.349998474121094,116.08999633789062,179.83999633789062,59.54999923706055,162.5500030517578,85.05000305175781,50.43000030517578,45.06999969482422,108.23999786376953,745.1796264648438
2026-08-03,57.380001068115234,178.0399932861328,44.36000061035156,118.20999908447266,183.16000366210938,58.790000915527344,162.24000549316406,84.86000061035156,51.0099983215332,45.18000030517578,111.33999633789062,755.793212890625
2026-08-04,57.880001068115234,186.89999389648438,44.11000061035156,118.29000091552734,186.39999389648438,58.52000045776367,162.10000610351562,85.37000274658203,52.0,45.16999816894531,112.04000091552734,769.4193725585938
2026-08-05,58.0,185.91000366210938,43.65999984741211,118.63999938964844,186.35000610351562,57.310001373291016,164.16000366210938,85.33000183105469,52.63999938964844,45.20000076293945,110.87000274658203,767.8831787109375
2026-08-06,57.810001373291016,185.3300018310547,43.380001068115234,118.0999984741211,184.75999450683594,58.15999984741211,164.4499969482422,85.11000061035156,52.16999816894531,44.810001373291016,111.18000030517578,766.65625
2026-08-07,57.599998474121094,187.97000122070312,43.61000061035156,119.86000061035156,185.17999267578125,57.5,165.67999267578125,85.12000274658203,52.86000061035156,44.97999954223633,111.25,771.3446044921875
2026-08-10,57.810001373291016,186.32000732421875,43.130001068115234,119.66999816894531,184.60000610351562,60.18000030517578,168.44000244140625,84.94999694824219,53.18000030517578,44.400001525878906,111.83000183105469,771.1151733398438
2026-08-11,57.79999923706055,186.08999633789062,43.630001068115234,119.23999786376953,185.6999969482422,60.93000030517578,168.00999450683594,84.69000244140625,53.2400016784668,44.08000183105469,111.2699966430664,768.6513061523438
2026-08-12,57.91999816894531,188.86000061035156,43.84000015258789,117.88999938964844,185.8800048828125,61.029998779296875,168.44000244140625,85.08000183105469,52.58000183105469,44.4900016784668,110.2699966430664,770.5764770507812
2026-08-13,58.2599983215332,190.77000427246094,44.040000915527344,118.44999694824219,185.7899932861328,61.060001373291016,168.3800048828125,86.0,52.310001373291016,45.119998931884766,112.55000305175781,775.9531860351562
2026-08-14,58.15999984741211,190.00999450683594,44.310001373291016,118.19999694824219,186.50999450683594,61.90999984741211,167.3699951171875,86.08999633789062,52.540000915527344,45.27000045776367,112.94999694824219,774.4169921875
2026-08-17,57.58000183105469,190.32000732421875,44.18000030517578,116.75,186.32000732421875,62.58000183105469,167.0500030517578,84.68000030517578,52.2400016784668,44.83000183105469,110.81999969482422,770.7560424804688
2026-08-18,57.84000015258789,185.6199951171875,44.02000045776367,116.36000061035156,183.57000732421875,63.68000030517578,169.72999572753906,85.58000183105469,51.779998779296875,44.630001068115234,110.4800033569336,765.5490112304688
2026-08-19,57.47999954223633,183.63999938964844,44.02000045776367,118.58999633789062,181.9499969482422,63.58000183105469,175.67999267578125,86.54000091552734,52.52000045776367,44.9900016784668,111.31999969482422,767.1549682617188
2026-08-20,56.95000076293945,183.10000610351562,43.77000045776367,116.68000030517578,179.77000427246094,63.75,172.38999938964844,85.31999969482422,52.41999816894531,45.08000183105469,110.68000030517578,760.7109985351562
2026-08-21,57.47999954223633,183.30999755859375,42.77000045776367,118.0199966430664,180.25,63.63999938964844,174.6199951171875,85.98999786376953,53.540000915527344,45.08000183105469,111.4000015258789,763.8232421875
2026-08-24,58.220001220703125,180.0500030517578,43.220001220703125,118.30000305175781,179.0,63.11000061035156,174.6999969482422,87.44999694824219,53.58000183105469,45.33000183105469,112.31999969482422,761.5787963867188
2026-08-25,58.310001373291016,181.74000549316406,43.310001373291016,117.94999694824219,178.39999389648438,62.060001373291016,175.2899932861328,86.5199966430664,53.58000183105469,45.36000061035156,113.18000030517578,764.0127563476562
2026-08-26,58.2599983215332,182.83999633789062,43.5099983215332,117.16000366210938,180.33999633789062,62.43000030517578,173.5399932861328,86.2699966430664,53.66999816894531,45.09000015258789,112.61000061035156,764.182373046875
2026-08-27,57.880001068115234,188.61000061035156,43.18000030517578,115.87999725341797,178.8000030517578,62.290000915527344,171.5800018310547,85.08000183105469,53.22999954223633,44.65999984741211,111.41000366210938,769.18994140625
2026-08-28,58.099998474121094,185.69000244140625,42.72999954223633,117.20999908447266,177.13999938964844,62.68000030517578,171.16000366210938,85.44999694824219,53.18000030517578,44.47999954223633,112.98999786376953,767.4442749023438
2026-08-31,57.709999084472656,186.5,42.22999954223633,116.58999633789062,175.1300048828125,63.959999084472656,170.5399932861328,84.9800033569336,52.689998626708984,44.11000061035156,111.45999908447266,765.1499633789062
2026-09-01,57.20000076293945,183.63999938964844,42.560001373291016,114.58999633789062,172.72999572753906,64.7699966430664,171.6699981689453,85.25,52.06999969482422,44.040000915527344,110.87999725341797,759.89306640625
2026-09-02,57.65999984741211,183.60000610351562,42.66999816894531,114.86000061035156,172.77999877929688,65.0999984741211,172.9499969482422,85.52999877929688,52.95000076293945,43.72999954223633,112.41999816894531,763.2646484375
2026-09-03,58.560001373291016,185.97000122070312,43.029998779296875,116.45999908447266,174.55999755859375,64.62000274658203,173.25999450683594,85.26000213623047,52.619998931884766,44.25,113.37999725341797,771.2548217773438
2026-09-04,58.099998474121094,187.27999877929688,43.08000183105469,114.91000366210938,175.27000427246094,64.05999755859375,171.4499969482422,84.58000183105469,52.439998626708984,43.93000030517578,112.02999877929688,768.2822265625
2026-09-08,57.29999923706055,187.8699951171875,43.45000076293945,113.98999786376953,174.4199981689453,64.7699966430664,167.1300048828125,84.0199966430664,51.939998626708984,43.900001525878906,111.5199966430664,764.0626831054688
2026-09-09,57.060001373291016,187.8699951171875,42.939998626708984,112.45999908447266,171.7899932861328,65.30999755859375,166.5800018310547,83.05000305175781,51.38999938964844,43.40999984741211,110.83000183105469,760.5115356445312
2026-09-10,56.869998931884766,185.22000122070312,42.52000045776367,111.95999908447266,170.5500030517578,64.93000030517578,165.66000366210938,83.08999633789062,50.7599983215332,43.04999923706055,111.5,755.9528198242188
2026-09-11,57.25,187.6699981689453,42.38999938964844,112.95999908447266,172.3699951171875,65.13999938964844,165.36000061035156,83.37999725341797,50.95000076293945,43.41999816894531,112.5999984741211,762.3967895507812
2026-09-14,57.029998779296875,184.27999877929688,41.81999969482422,112.8499984741211,169.92999267578125,64.52999877929688,167.75,84.41999816894531,50.4900016784668,43.119998931884766,115.06999969482422,758.9952392578125
2026-09-15,56.849998474121094,183.74000549316406,41.31999969482422,110.87999725341797,168.85000610351562,65.93000030517578,167.66000366210938,83.7300033569336,50.72999954223633,43.06999969482422,114.02999877929688,755.513916015625
2026-09-16,55.93000030517578,183.92999267578125,41.31999969482422,110.18000030517578,168.7100067138672,64.02999877929688,167.77000427246094,83.33000183105469,50.36000061035156,42.810001373291016,113.0,752.1821899414062
2026-09-17,55.880001068115234,188.05999755859375,41.689998626708984,111.38999938964844,169.00999450683594,64.4800033569336,168.80999755859375,83.48999786376953,50.709999084472656,42.939998626708984,112.3499984741211,760.7109985351562
2026-09-18,55.86000061035156,189.60000610351562,41.099998474121094,111.02999877929688,169.75,64.30999755859375,168.38999938964844,82.80000305175781,49.9900016784668,42.529998779296875,110.80999755859375,761.6900024414062
2026-09-21,55.900001525878906,194.85000610351562,40.65999984741211,112.2300033569336,169.97999572753906,62.459999084472656,169.00999450683594,81.91999816894531,49.709999084472656,42.59000015258789,114.75,773.5
