date,XLF,XLK,XLU,XLY,XLI,XLE,XLV,XLP,XLB,XLRE,XLC,SPY
2023-01-03,,,,,,,,,,,,
2023-01-04,0.016025747366612997,0.0025961560227376612,0.009077851406392945,0.014487038640794037,0.00883959380789423,-0.00011837728779073853,0.0026572766275714255,0.0039043706621393337,0.01739703007993798,0.02292955873567326,0.018720191751114834,0.007720048736446605
2023-01-05,-0.007456239033197143,-0.019420561141308745,-0.021647529168683843,-0.009290071407744849,-0.010776388859456199,0.018248391039878298,-0.010234095885486072,-0.01005863436328236,-0.015832838944568328,-0.029271869595187017,0.001413546615106842,-0.011413196948243498
2023-01-06,0.022248119924431764,0.029295235898693983,0.02011492922634317,0.023481298850104304,0.027387566091600313,0.018969076478875246,0.009224102971912895,0.0266901027091484,0.034362940767284966,0.02906823362634836,0.016334053453865405,0.02293204738314869
2023-01-09,-0.003674492215100411,0.011625157942853237,0.006760652827386027,0.006057380183070782,-0.0044595603391606176,-0.0035405825500544053,-0.01673162577876719,-0.009765163232239416,0.006345673032909449,-0.000528155653460427,0.0015874883055526645,-0.0005668920219099594
2023-01-10,0.005673763902187767,0.006181563123621059,0.00028005675627129634,0.012568517944862023,0.005474812146832209,0.007106227508786533,0.008395743784926468,-0.0013327506734911454,0.010014906376258015,0.0029054831574475415,0.015055312302481916,0.00701287482414803
2023-01-11,0.00930876298300487,0.017328164543383817,0.008111426875668126,0.02698089593984121,0.00960303205940094,0.0030725992176445782,0.0056496957765943545,0.0005338117073088178,0.015669048541517627,0.03634470873002482,0.007220987237436471,0.012647869973624992
2023-01-12,0.0019563062635543638,0.007432753917833379,-0.006797630968909396,0.0016643963631466363,0.005883509643322071,0.019060608971653625,-0.003178449028782282,-0.007868851579986957,0.003736049907594241,0.011181534029113038,0.011044239154756497,0.003640480708801297
2023-01-13,0.007531293286126672,0.0028436386176970974,-0.0036319453434033866,0.009393386112318991,-0.0011699602069477066,0.0014471865551479723,0.004449168538803061,0.004704823420776494,0.006123940796355143,-0.005780076532774792,0.0032578334203963166,0.003879717239662739
2023-01-17,-0.006644503787916034,0.004521299995933203,-0.0014018020044116453,0.000716042996778965,-0.008491206398424822,0.0021124869058173346,-0.004651205833903993,0.0006693864999323118,-0.010025154885225929,0.0002524286755933858,-0.009359920318682824,-0.0018318796027320117
2023-01-18,-0.018673169289019187,-0.012892948430412443,-0.024006630202536572,-0.013019060432380658,-0.018800838716287238,-0.01830489395293977,-0.014092902280457231,-0.02727663992741014,-0.014104851979789945,-0.015415655641263792,-0.012148192187363849,-0.01578793565168246
2023-01-19,-0.011644482222551433,-0.011670134632121076,-0.010069248225284433,-0.016596381305251873,-0.02056593544576002,0.012430774994023341,0.0024076208146885936,-0.009484527916252317,-0.007703516744366423,-0.004876846877728269,0.005075342641132297,-0.007279905569467782
2023-01-20,0.01580470122882649,0.0270565579683284,0.005957647130715893,0.0242465404690817,0.01393024119916575,0.009934133662623523,0.005028370544161609,0.00777135221389047,0.02008620752913126,0.01160716086726099,0.03126806314170083,0.018629108562528973
2023-01-23,0.011598136567352757,0.02276535159283921,0.0002886687709562352,0.015613709695840416,0.010910134079308298,0.0013262074912934185,0.003435262279131601,0.003167014879133623,0.003261779026960898,0.0028045121991568944,0.017514086260395745,0.01199854749193019
2023-01-24,0.0005593863597124216,-0.00044637340228925737,0.005054163647304044,-0.0011335655541260259,0.006595539744579382,-0.003863265554125306,-0.006623596697145184,0.0041182176113188085,0.0006017928653905269,0.004322502095480463,-0.0027760212845657772,-0.0010733504025862706
2023-01-25,0.007825563613132358,-0.0020854807281044385,-0.013505542409617877,0.00510677819077765,-0.0055595569894455465,0.00011098868626868708,0.0003000232045411444,0.0024607048677069976,0.002045866396737761,0.0010125540162975177,0.0035261899833873844,0.00037495702784595686
2023-01-26,0.005268839238424139,0.01597139134703518,0.003349781750469072,0.020464281579251953,0.005490742639658208,0.03157533801552437,0.001872159886209479,-0.0035457282666800927,0.0048035831540740315,0.01138090551694515,0.01553544931391082,0.010990274750874995
2023-01-27,0.0,0.004187230977930723,0.0,0.022681601098944792,0.004169842793673384,-0.020190926964822498,-0.006802628966658619,-0.0028737746910204587,-0.0032266936290616943,0.009002291914473881,0.006920453434154261,0.0022976513854324754
2023-01-30,-0.004965422936473396,-0.01909317482119588,-0.0045000182769973085,-0.017039591144177635,-0.009788168377776407,-0.022909441336205316,-0.009032226962428225,0.0012350195110779616,-0.006834698858154686,-0.012143770916949181,-0.015735245904341943,-0.012546675210726055
2023-01-31,0.013584828945921945,0.013946041825302569,0.0074366335165358954,0.022907131893334265,0.01697429117952387,0.008862594773204169,0.012912199622366671,0.010829574651086471,0.021972720252843247,0.018313940702705533,0.012128064531539362,0.014703172633926842
2023-02-01,0.0,0.02353603399041293,0.0017368110051414476,0.0189643559478041,0.007265625542099086,-0.019681863674274713,0.004724037486912858,0.008001058644594217,0.006615247186431361,0.007390965083229117,0.011800846911902863,0.010627910266216123
2023-02-02,0.0027350667498098336,0.027307002888337983,0.0021675406107593,0.0306230318921632,0.00779798358081929,-0.022799620412574106,-0.006791459216751394,-0.008610177719576284,-0.0031681865250551278,0.0229886676026263,0.06567377597225188,0.014556832873810377
2023-02-03,-0.0019093466234578749,-0.008324035809208263,-0.020905455668093542,-0.030801840973124883,-0.005222953466778035,-0.0022054679665541865,-0.002930736288243252,-0.003935328398505966,-0.01801306143584369,-0.020798591286843693,-0.02003690633273114,-0.010629187825461739
2023-02-06,-0.000273348660133621,-0.012202864182328965,0.008540730122179818,-0.0014535188592981196,-0.0024306804359155443,-0.004537014203641165,-0.005576892076009421,0.0012257051399164887,-0.011029913328362007,-0.006347528857196139,-0.012027627829166887,-0.0061111860309894794
2023-02-07,0.011481575104230979,0.024992750305335543,-0.00043799100286257,0.0023157256793169267,0.0031188424973189743,0.03248804148486695,0.006441940743436625,-0.004217869899907245,0.013456394454832932,-0.003931010833770454,0.018608687753103537,0.013078454802615935
2023-02-08,-0.005945723906782163,-0.012052282348902987,-0.016798209270987075,-0.00851578113339646,-0.0056353994852138545,-0.008941550262134834,-0.0029366721008660113,-0.0076525266019698,-0.008014406553670583,-0.0027134079449856463,-0.0314155099625939,-0.010934601153383294
2023-02-09,-0.01114731320746598,-0.005500079197701346,-0.013668117779405131,-0.0018644682864596973,-0.008989423220136739,-0.008565802515259735,-0.008760597040814222,-0.004406462103664688,-0.014470126096096436,-0.009646477904736162,-0.021857807831439757,-0.008669147283487777
2023-02-10,0.003299359046381012,-0.004609449771040386,0.019882531730538444,-0.011740268214199823,0.007099099475763149,0.03916622870632547,0.009447217182234402,0.009267023409976316,0.003670770995649386,0.0019976892696560444,-0.009551171022774807,0.0023337232958526855
2023-02-13,0.011510003074055586,0.01731036404878128,0.006055187728914113,0.014647166813446688,0.00910499331042458,-0.0025495055730100358,0.008302583926774743,0.011374252865171908,0.005241940295539038,0.0092226729675573,0.014192167368643593,0.011738993179561064
2023-02-14,-0.005418700511774621,0.004271356811420768,-0.004257138509631275,0.01197442895793177,-0.0027165138861358074,0.00033339419553479743,-0.005913435522371113,-0.009078444117499807,0.002304302915228984,-0.010373138383222624,0.0003587620448526341,-0.0004602860128466446
2023-02-15,0.00108960056228935,0.0046718169820465505,0.006486728042050194,0.011701429094482574,0.006226467338040331,-0.016998198045671375,-0.004970127533681978,0.0019143541282542476,0.00435571397665746,0.002745235889755726,0.00914621730268883,0.0032472899705882075
2023-02-16,-0.010068000093612861,-0.01735043766087918,-0.007616889225430135,-0.021832636401131866,-0.01034535022563221,-0.0098328252316211,-0.009989049365860203,-0.007233530217902184,-0.011324109520307934,-0.009208364676308478,-0.015283369323547569,-0.013768677560834885
2023-02-17,0.0002749265539871981,-0.012500885941711282,0.010775027161896489,0.00019960582026357088,0.0065454288112631875,-0.03561233515992768,0.008943481197232428,0.012922831033402638,-0.009382172113733489,-0.005023670389023294,-0.0010828392015255206,-0.0024983076864965037
2023-02-21,-0.020610051579222577,-0.023744754426617165,-0.018691749627922527,-0.03340642750687284,-0.022905710955120395,-0.004970806039464537,-0.012955644238037411,-0.003800014232859139,-0.016482172448515575,-0.01969235415559034,-0.022041621803754685,-0.020060873181813932
2023-02-22,-0.00112231296624965,-0.0014653259628827353,-0.003868706971564606,0.005084695797772376,-0.0024834756054025187,-0.006661360362354873,-0.003377468652733251,-0.0014987814270238653,0.007503747793278004,-0.009013498225950323,0.0020321734562580573,-0.0013780516118770958
2023-02-23,0.0008428506112794221,0.016581128869556983,-0.005228889965381178,-0.0008203855274796501,0.004680535797629615,0.015088033004341694,0.0026958096298241863,-0.0012281163910566884,0.0011173563359216931,0.009615400721166178,-0.004608983488293417,0.005319270639027707
2023-02-24,0.0008418008282014,-0.017826306939678904,0.00030036792205567764,-0.015736357015770586,-0.005749025882277992,-0.0012973756472107745,-0.012904375978735949,-0.006693832266173261,0.006695542895865936,-0.018532681880144786,-0.01389163435901819,-0.010682391351167997
2023-02-27,-0.0002803642651965088,0.005364278291907665,-0.006755548789371013,0.012373288039369656,0.008872394834860353,0.0029526688139702717,-0.003034769490928957,-0.001100367019401527,0.0033253546790465993,0.0015735147369801972,0.003193044855149152,0.003405843725257096
2023-02-28,0.001963666562010191,-0.002192619673254903,-0.017533410436270658,-0.0006867308471533162,-0.0022725528671884154,-0.014367991382028378,-0.007414816870687235,-0.008261036434684565,0.004542112701753531,0.0005235308731319499,0.0016851554433652272,-0.0036958704763234707
2023-03-01,-0.0033596236317192663,-0.007324869060551853,-0.016461467650981887,-0.012573845412419349,0.003961548159053585,0.019715552716677243,-0.0016513691807884534,-0.007357822585005835,0.007821022219506313,-0.015441083777224529,-0.007663443459854147,-0.003835862826502945
2023-03-02,-0.004775359498867426,0.012322727286358637,0.018927108417675864,-0.0033402272544347245,0.011739035400272435,0.008788229178140705,0.006143638849582134,0.013706085823557146,0.011398062875297654,0.013025019894180145,0.009417713823712148,0.00777721427221878
2023-03-03,0.01580596842612847,0.021502916254114712,0.01704006240523337,0.021503895654738647,0.010822912516506689,0.013590688989775668,0.011194562541566144,0.000827663036443882,0.014266958424507648,0.01679357157450334,0.021832626684653356,0.016037766654693586
2023-03-06,0.0008333805485074564,0.004781161876432849,0.004830230357891985,-0.0073131053817379055,-0.0018326248118822885,0.00045838201352932373,-0.0004644249720142657,0.002619496787808373,-0.01619369295534001,-0.0038710133851523887,0.0,0.0006927993669814114
2023-03-07,-0.025819113968990393,-0.01242815065597025,-0.016373566105369997,-0.013632534131921559,-0.012852624920936084,-0.01741132037872939,-0.01611028158933947,-0.00989988861156943,-0.01970458412960263,-0.025129400700846016,-0.01022670412381299,-0.015328806781569115
2023-03-08,-0.0037046315258688622,0.008269952136297443,0.007635712458561761,-0.0018150094535170913,0.002349377045179679,-0.010258895154448777,-0.005353193164093217,0.0016664793956520096,0.00490259250435332,0.014084199857446356,0.0005536530131096118,0.0016322591871416048
2023-03-09,-0.04061765239560278,-0.01433576276146542,-0.008032824457351095,-0.02384595856078231,-0.014747488612231519,-0.01413422252599672,-0.010130484812401419,-0.00928863322538842,-0.025734890306682856,-0.02279865547285853,-0.02249677141375539,-0.018449970228012313
2023-03-10,-0.0181874305425217,-0.017583190678730487,-0.015737087895467572,-0.009957743258291685,-0.018635896006202524,-0.012783553619038823,-0.007355876560526053,-0.004897964063546145,-0.021281929762054674,-0.03191210602476946,-0.014148154007106117,-0.014429411197526387
2023-03-13,-0.039477601599947065,0.005450373349595861,0.015367929315580175,0.0020983234904767833,-0.005656627439400763,-0.020331827981922568,0.00934346276789233,0.005062595137152348,-0.010232860865791782,0.016066737988690294,0.0,-0.00142519917966899
2023-03-14,0.020233950625912822,0.023075131498672574,0.013147653470900522,0.016968411415207996,0.01056472897298888,0.009882782552449454,0.008938031771780652,0.00909477976306916,0.012794130219571764,0.010360209336254478,0.02831996932716785,0.01652983548541953
2023-03-15,-0.02665012975457337,0.0005729355712180695,0.01358092840924674,-0.001490794067666168,-0.024628086190148002,-0.0537004839781593,-0.0008701114200604376,0.006516846102923246,-0.03241036130678554,0.0005393778279074724,0.010792701996929832,-0.00625407771649833
2023-03-16,0.019102087966765824,0.02805183915624121,0.006699605288162935,0.018061517111560788,0.012882793396825631,0.010858450261863606,0.00934121304655866,0.0006888663959201402,0.011472729891607525,0.0,0.02245949432103367,0.01754512135112596
2023-03-17,-0.032177525433061405,-0.001391968127379073,-0.009612631483651768,-0.012781990459418635,-0.01638189401778456,-0.01572893549362875,-0.012862603725994792,-0.007296150008152313,-0.01551444928591883,-0.022923599358657953,-0.009542857053154608,-0.011692960791078177
2023-03-20,0.011126784290456326,0.0026966183910703823,0.007821780811876122,0.0043290231016144265,0.013243466223528566,0.020019685330580295,0.012674236944124173,0.013864620337510125,0.020576209929367373,0.010730245682099904,0.007473834231922938,0.009615784617670542
2023-03-21,0.025344782758728757,0.008081899127849512,-0.02014929962137746,0.02762837455356637,0.011583642811784811,0.034620269459350705,0.0060649487446287065,-0.0008247723627132775,0.012120402532936225,-0.005775833542594144,0.021349530232248837,0.013130485387505164
2023-03-22,-0.02315387150530679,-0.009952231959895252,-0.01964946505131404,-0.022278465084128674,-0.019152891470136324,-0.02127104781659206,-0.015110006109365748,-0.009215744954576555,-0.01776961899341578,-0.03651427066114088,-0.01753753763004673,-0.01704624811551625
2023-03-23,-0.006726378045225578,0.016265182499204167,-0.010254892244871416,-0.0010550754916155425,-0.0028927651536122534,-0.013853713861855077,-0.0019077381411681804,-0.0038873279012584527,-0.0011799440181405885,-0.006029429806006847,0.01622794793539617,0.002703132427639643
2023-03-24,-0.0006450597248729428,0.002610355692969968,0.03124014176370893,-0.0032385042145559595,0.004144676491557808,0.0038663580656415064,0.013857794707982318,0.01700334378685464,0.008137395080572762,0.025707591132253738,0.00514545070518535,0.006562154497044892
2023-03-27,0.013875564370212201,-0.007741969677962146,0.0012177340204442277,0.0020484170085675046,0.00835822004155462,0.021312407530147626,0.004084959927171505,0.005344735801938949,0.007420887205284776,-0.003379377339572387,-0.005648769965131195,0.0018698921668938162
2023-03-28,-0.00031835313156480805,-0.004695188075671819,0.0027368250781529824,-0.001198375748612146,0.005116694854936821,0.015461854853818569,-0.006024015897997059,0.0017718420180068417,0.004781889215175639,-0.003390836254773988,-0.008166060609122172,-0.00224479540519551
2023-03-29,0.014645070005627092,0.020950324978947332,0.01455673181844297,0.018984056112929082,0.0145589344549506,0.013864766034564324,0.002754766614260218,0.005579376407023551,0.013890680682526302,0.023816612014903926,0.013244972211067019,0.01453488723417129
2023-03-30,-0.002196501986275745,0.011619322758141148,0.004333860403214818,0.008726186426378346,0.002107527061231851,0.0043954477367742495,0.005415990964032336,0.002841438803541152,0.006849929012542777,0.013015591132000903,0.004769395220579398,0.005855264134920768
2023-03-31,0.011006243913471492,0.014306548207391412,0.007291713961407487,0.026707796848799203,0.013218468596545963,0.006929303266868692,0.010695647913770756,0.008096245654168888,0.016253284113206368,0.021869870166890903,0.019163234072640867,0.01409474100255137
2023-04-03,0.0018662479012834243,-0.0015889077219944925,-0.006795523160098904,-0.009161395800294403,0.0017789883804906204,0.045273692503747576,0.011200292506736265,0.005220144256067316,0.00632256192291436,-0.00936306588901925,0.004140040756136054,0.0038105240784434002
2023-04-04,-0.00931379516835762,-0.005505165702725634,0.005057320830581968,-0.0016198841707211198,-0.02239541170869963,-0.018133600770133484,0.00015279306084448052,-0.0019974068675054912,-0.014413976315908017,0.00026995902222526347,0.0030922455885562528,-0.0055481579771146095
2023-04-05,-0.0012534807542541326,-0.011404561200359264,0.02589902409988909,-0.020482697189968202,-0.01301842089566041,0.015056725223311362,0.017261193950417475,0.004669795508623675,-0.00225015319803179,-0.0051297953173194966,-0.0032539598791092583,-0.0026183990656374334
2023-04-06,0.003765287893362723,0.005666735831371783,0.007068650612847227,0.00020717674966497235,-0.00030675875153851617,-0.015180978329496386,0.00247747473942872,0.0007969514145251821,-0.0023804843224832783,0.006784259730107101,0.012543049078411084,0.0039008436266396718
2023-04-10,0.002188136947995245,-0.000536319255388773,-0.002005567893889615,0.0044158642032299245,0.009103083998256212,0.008001773940090162,-0.0006740983399250444,0.0,0.004772227104932192,0.005121385213200602,-0.0022060096308452737,0.0010266487000547553
2023-04-11,0.008733751147903979,-0.009396904344716517,0.0008613685854166331,0.0015799322025142892,0.005980036603667305,0.009455775355379226,0.003373006769076259,0.002919238279132763,0.0077488832354470905,0.004826984615159402,-0.0025510595023169325,0.000268538013224795
2023-04-12,-0.0021646420022796153,-0.0056912035688194695,-0.0010040249111158417,-0.015500800379642965,0.0033248874096210024,0.0006940373247648068,0.0002985060437394882,-0.004498849258550153,0.0007442914987587645,-0.002935818050561201,-0.010400689066540458,-0.00407607659812681
2023-04-13,0.00898663422433943,0.018602732661961552,0.00014354176249709028,0.022084869680636166,0.0037157036146868716,0.006240632881818531,0.012992597021604935,0.005582445238867972,0.010286009462955548,-0.0032118086386049294,0.020847653070299232,0.013282954185251494
2023-04-14,0.009828152936840029,-0.005552363322849585,-0.011195556642837112,0.0012950054716811543,-0.0012006405229940675,0.001837720296538059,-0.008034496125503998,-0.006344173214812954,-0.0072371198893070865,-0.017185795239011203,-0.0003375223683611539,-0.002443075839574149
2023-04-17,0.011557191515455312,0.0036326386846536884,0.005515859263699685,0.0070794011770525245,0.007913611483858052,-0.011808119586557031,-0.0008174758815880923,0.006384678722549664,0.00580731480609864,0.022677543711989934,-0.005740551570979746,0.003588429486386824
2023-04-18,0.0030066276639220124,0.0030832889460856716,-0.005196840826245497,0.0016224028210469754,0.004770264682442571,0.003944410440435364,-0.006842076505875094,0.003039764839649406,0.004176757012239296,-0.0016029007693627584,-0.00509412162323597,0.0006522718711663433
2023-04-19,0.0023979956080908416,-0.0028733931093594123,0.007691368142827226,-0.0009448598766247374,-0.0007912695485586818,-0.003466400150541893,0.0030701167023179377,-0.0006588349013340045,-0.0028135287051269664,0.005887119249329498,-0.0075097457921807775,-0.00016898303990486863
2023-04-20,-0.002990383803769925,-0.006567539335310735,-0.0002882354017799127,-0.01540130333211942,-0.001781805928596003,-0.008812715524631143,-0.004105937690828898,0.0023733912863026507,-0.0011043338952485549,-0.01197160565866473,-0.010318165759707898,-0.0054570120611634465
2023-04-21,-0.003599452601201758,-0.0032380369600834014,0.0028810026597321237,0.011045754872793578,-0.0022808644616697515,-0.0058492394729846575,0.00674650238166552,0.007235229389185527,-0.008842842338189993,0.0010773276071920357,0.002432654417894975,0.0007768748674286119
2023-04-24,-0.0024081020599855396,-0.004398892603012072,0.0050273919690120294,-0.00013566111937435288,0.0023855287251588475,0.015297640964775372,0.005584719991127418,0.004048325153254595,0.00681539379860463,-0.0026899615354205597,-0.0010400850647360738,0.001043045156764455
2023-04-25,-0.01719959912764435,-0.021344616253010762,-0.0010006412115138863,-0.01981686666636895,-0.01844337344428948,-0.01877604626733309,-0.010662782624909828,-0.0013004850091290487,-0.021661647625096703,-0.009169110819359783,-0.015616765149690015,-0.015873855759564015
2023-04-26,-0.009518082537214534,0.01486423096714784,-0.023461889924334622,-0.005123589927952921,-0.018890677384497234,-0.013347634274740838,-0.014220504887612728,-0.007814699373631995,-0.011825342097296243,-0.008165253242811699,-0.010576368285817872,-0.004235531068109366
2023-04-27,0.016119079418973392,0.021217003748308816,0.012012880142406868,0.026376318352496098,0.019769277856209966,0.0035915145435190254,0.0052385775724586026,0.011157774485322847,0.013621722626481425,0.024148760580230633,0.058079368017659894,0.019907927833948902
2023-04-28,0.011897471009838956,0.0108572239716902,-0.0014477129741498063,0.0025764885749857136,0.009693055399201844,0.015507500463415758,0.008534835753877257,0.005322752325904068,0.01168066854863592,0.011522155841830806,0.008587263664084688,0.008535107124926666
2023-05-01,-0.002713288956340376,0.0005966546391293903,0.0017397864645016803,-0.009874364513620337,0.005400101128425039,-0.011276802086758742,0.0051675388526142285,0.0007743898907781599,-0.0004966870389688793,-0.009271409109064543,-0.00016692989465671992,-0.0010097056963846995
2023-05-02,-0.02267219695862288,-0.009342979939969132,-0.012156318704056868,0.0010248421479817083,-0.010443635544397756,-0.04348347350778381,-0.004321485174952566,-0.0027094505290258253,-0.009688192665877615,-0.017112386824543635,-0.01853409366647374,-0.011239189789701287
2023-05-03,-0.011444720585279122,-0.008427438073430382,-0.0027835376396569966,-0.007915471653573092,-0.003819312412825626,-0.018879649862035497,-0.001346805203009338,-0.008151081903618906,-0.011037154757210454,-0.006256753572792317,-0.0039128130001622186,-0.006863954077901968
2023-05-04,-0.012828549889534968,-0.004789290875013785,0.007639201531166373,-0.007703285669778626,-0.010897103942891784,-0.011140457681353078,-0.007942579856315635,-0.002478273379292295,-0.0064682117613176215,0.00930739346147691,-0.01605456066570532,-0.007082940238092084
2023-05-05,0.024722927820000518,0.025078010351766045,0.006414977254544985,0.020239717156995463,0.01509757022497582,0.02714130256036884,0.008987995643629398,0.00928453830918552,0.016849744847550197,0.015459535696663362,0.012498008800655214,0.018512552327754506
2023-05-08,0.0015465889012098444,-0.0005289335085513214,-0.003042253005933415,0.0033969531101887274,-0.003617927617817318,0.0,-0.0021707821014526063,-0.002980223039879326,-0.003263924262030704,-0.006944125521199718,0.010114629075046011,0.0002665726337043317
2023-05-09,-0.0037061684391667127,-0.007673955827548817,-0.0013075218339696493,-0.00027105264860871614,0.002218827037003601,0.00037384997569445133,-0.006676567502194475,-0.0031189098602443233,-0.00906781106081056,-0.0032277013824825174,-0.0062797401225012095,-0.004385422308878395
2023-05-10,-0.00557965259535298,0.01220011545778421,0.009166166565360623,0.005079768387180383,-0.0036230256791894844,-0.011338200504846685,0.002794071526065256,-0.0015641709443021679,0.0006353567406807148,0.009444143325607612,0.008881377020134806,0.004672336846337943
2023-05-11,-0.00155876694151591,-0.004478822718848807,-0.01023651524537672,0.004649619364478497,-0.006059794332931023,-0.011972544672674057,-0.0030876295761824712,0.0030030719667388794,-0.009780241160531666,-0.010424995811548543,0.009988187518378489,-0.001743881360480648
2023-05-12,-0.004058581867218636,-0.0013232758589555305,0.005535387874388231,-0.008451204221461506,0.0007112252987171441,0.0015307381823856936,-0.0013599701752278204,0.0039049355559759302,0.0017956373804279835,0.0018910308457695812,0.0008380732622168541,-0.0013101958464757368
2023-05-15,0.008150620021976529,0.008281122765963378,-0.012603323482478057,0.0012853003169319699,0.00487400621252454,0.005094302323373157,-0.001739710051981036,-0.00246349160779602,0.008450969919476359,-0.001887461597668172,0.004689306784026126,0.003449884215259935
2023-05-16,-0.009328523469263938,0.0010511943321995787,-0.02215371799496957,-0.004053655254699917,-0.013540741760892927,-0.024581761667331947,-0.008335834694201849,-0.008449283063552082,-0.016506002018495614,-0.02674227409367269,-0.0011668878957517004,-0.006682571708514495
2023-05-17,0.020088113404722607,0.013323598823259841,-0.003600835387748358,0.02082510537805371,0.0172097566443028,0.01922566174682827,0.0012225651546893257,-0.0005243294091317185,0.006584178239089189,0.013044729880103745,0.012183001735227572,0.012138935580323196
2023-05-18,0.007384473801072211,0.020467659025768192,-0.0030115824635206234,0.015549213668865525,0.0072506754718637545,0.007264904885295964,-0.0024424520484718215,-0.004853083412548864,0.0058995513774300345,-0.006301438525322167,0.017971915761882507,0.009633320941490497
2023-05-19,-0.004276207317236325,-0.00044409501138553686,-0.001510403305585939,-0.00837540720619645,-0.002399680458425424,0.007718542201805345,0.004667275780311897,0.0006590084855857548,0.0025503568097053897,-0.0016542829730840092,-0.00534502618357402,-0.0014551181322666196
2023-05-22,0.0018406100018677485,0.0019049305553080487,0.0003024994205595988,-0.003101345494726515,-0.00020015380661764226,-0.004143667422282005,0.0009900988276785316,-0.015147542423593618,-0.005214580331847407,0.006627978811111435,0.009119116537075866,0.0004060532620360213
2023-05-23,-0.011635103118348922,-0.014767417377490988,-0.0034780731650306818,-0.009134071821871648,-0.012029110450497149,0.010717427731878448,-0.010955636896369914,-0.007356075130722228,-0.015469172341496584,-0.012345443461616923,-0.012425459931879379,-0.01122285749426255
2023-05-24,-0.013011185500770961,-0.007333447044186703,-0.006524910341952572,-0.0036742888326362078,-0.012885471250977165,0.004366238495260744,-0.006846235422555802,-0.006466926007108076,-0.011426988253664838,-0.02194459071287702,-0.004575139297770425,-0.007244670025755018
2023-05-25,-0.0003137674089364051,0.03836397452158735,-0.01344130671610877,-0.004492091725147307,0.003289108880774938,-0.017761579224260582,-0.010223748979163116,-0.007594251570167132,-0.003546806732425134,0.002272154031952578,0.0,0.008659817794146152
2023-05-26,0.00816335155281922,0.028396992545022925,0.0,0.023504759179261425,0.007478719845979587,-0.003920152237507191,-0.002034742544992807,0.0034160495208144237,0.005009391605540481,0.01161810350221204,0.020354418574054067,0.012950614142771322
2023-05-30,-0.00031169983018553005,0.0053404632900651006,-0.003870617920831987,0.006711872305240174,-0.0015251275582303103,-0.010283193335974383,-0.006194557895147779,-0.011439527302280261,-0.0053777306916074075,0.003081255290641627,0.0016087978218062293,0.0003810234391261602
2023-05-31,-0.010591773465385423,-0.008330428041515736,0.00917014198421029,-0.009020039057887508,-0.013647167993321885,-0.017572963648024298,0.008600346518137236,0.0011021955027024077,-0.0106818739741944,0.006422617679581855,-0.00032114118303361305,-0.005545151337875809
2023-06-01,0.010705160096033284,0.010165535896808242,-0.0073927670905361564,0.011806554190321616,0.012803293266403948,0.012403434198077878,0.006571237157729337,-0.0008255644396807371,0.013329786662786614,0.0002774930961162436,0.01349626308178542,0.009501061360585927
2023-06-02,0.021807078380588152,0.005724615989733062,0.010395850566267573,0.023468206911696265,0.029055027891143892,0.03043614897232727,0.012823590192047929,0.013772153642596985,0.0335437438441224,0.021081967822334402,0.0012680539009684022,0.014461004388421683
2023-06-05,-0.005183016742120405,-0.005751932660027048,0.0047604747019767135,0.0029934875976742603,-0.00693493936266254,-0.006633234677505762,0.003606305276235844,-0.003667995139991387,-0.0007633923149084065,-0.004618586708062811,0.002533208826502209,-0.00191627558317653
2023-06-06,0.012564890525972539,-0.000241179603236108,-0.0007643652950884983,0.010414694318592765,0.006284967908516181,0.008063378018856149,-0.008333846601099815,-0.0050450969402641155,0.0063683593095358315,0.006004412831212669,0.004106320296603183,0.0021774213709986334
2023-06-07,0.003934880207298486,-0.014948563516423374,0.016977718868131486,-0.006787731114465068,0.016060180361250564,0.026496673963727124,-0.003932167959905475,-0.00328891001021292,0.01189718444506127,0.018448249199467304,-0.011167146727747101,-0.0034575245223535944
2023-06-08,-0.0009044902179510261,0.010830991955088187,0.00436155361691859,0.014807522825591501,0.0017562499829291145,-0.004261404960672732,0.0064246160323393475,0.006874715611808524,-0.0036271425461433804,-0.006126751367003025,0.0050899130167259,0.006048477639635008
2023-06-09,0.0003019515490521041,0.004963796660047315,-0.005839998497636056,0.0051752194419660835,-0.0026296396125495836,-0.005502604389257093,0.003076345257472912,-0.0016388439599032134,-0.00828547168818694,-0.005092444354993675,0.00031647729003370095,0.0017941862749504267
2023-06-12,-0.00030186040183610707,0.02174558649347258,-0.0018075953106225784,0.017183589527664855,0.007128884953695236,-0.009590718234991136,0.0036038497807491243,-0.00027353202012114775,0.0045572741973340936,-0.0005389538708818753,0.01186501899607273,0.00907193481795665
2023-06-13,0.00603509063759855,0.006072558062210298,-0.00015075754395765806,0.010367910169941208,0.011635957253831153,0.004717673783955156,0.005042449173772834,0.004104673157273808,0.023185393393540865,0.007277788198239099,0.0032833780284939884,0.00659287288758259
2023-06-14,-0.0038992914920292776,0.010313526866269518,-0.0006036927194531527,-0.0007244337996600292,-0.0026839325583941642,-0.010255710686337682,-0.010262222365379103,0.006131499782202399,-0.004187244642391286,0.005351885073531237,0.0017143505770866874,0.0011909724637617636
2023-06-15,0.013249274024812241,0.012876278823538811,0.010873032920968528,0.006523873722744877,0.015088995687848161,0.010986497871996015,0.015514581129944194,0.010021757666803133,0.008533448722418457,0.004258625050095555,0.01586787851481386,0.012397742935372325
2023-06-16,-0.002080312169214227,-0.008245940263688634,0.005377852241400527,-0.0015006045577419247,-0.0016096227208212133,-0.0014822823989140144,-7.573099910451742e-05,0.0012068001967184827,0.00245228511282769,-0.0010603676808254026,-0.008269448283008018,-0.003406429727929927
2023-06-20,-0.0074784722386329605,-0.006758245113071437,-0.011728130730247588,0.0074918863088808685,-0.0074264715753702415,-0.02238187663064417,-0.0011239258316189105,-0.007606727563207016,-0.013533805005671917,-0.010741605350913175,-0.0048720983405523555,-0.005188025456848044
2023-06-21,-0.001205542457336728,-0.014796581682627208,0.008032795048599661,-0.01201497946702601,0.005563481504858858,0.007912287862366085,0.0001520099008953668,0.00353328588387658,0.0032398256542949255,-0.004332356512432356,-0.009946939516445541,-0.005123703466152207
2023-06-22,-0.007845484036793637,0.008159783176383106,-0.007668242810218162,0.01276629239398952,-0.007249824001673066,-0.013421013117087321,0.006842028448000637,0.005823648550791205,-0.002359907591367394,-0.014142113930610267,0.007849241247033012,0.003609473603283009
2023-06-23,-0.004257835837645718,-0.010850380373100377,-0.014696828572106302,-0.011589678956887783,-0.007591121551485669,-0.0071870305126239264,-0.0033221987620321025,-0.006597479944989382,-0.008092756829184866,-0.0107584744290673,-0.0021807643578459768,-0.007559930259901648
2023-06-26,-0.002138051805972707,-0.007174566253993597,0.00984144285009858,-0.012813659687662016,0.008326953803980075,0.017968067456984205,-0.005681769836205053,0.0013553412967253209,0.010418287687089078,0.022308953797072206,-0.00999066212666988,-0.004085698435475904
2023-06-27,0.007958105772969182,0.019708524837481978,0.0003047664287001428,0.021490239764075936,0.012003196609458255,0.00228556728782614,-0.002285878099745009,0.0029775805894505236,0.014161201232267828,0.010911004872274921,0.016871711283972246,0.010963225363546103
2023-06-28,-0.002429268463925327,0.0005855938800698457,-0.014766372756869428,0.003955813132441088,0.0,0.010135823201908423,-0.003207206098923554,-0.006747554812852163,-0.006859072468474059,0.002698281437721217,0.0044967133683886384,0.0005045435126187492
2023-06-29,0.017351554860654428,0.0017559356894247813,0.0,0.0010744883694335794,0.009678284478175092,0.011538715574179514,0.006511877985046155,-0.000951093099159972,0.012580025687965568,0.009149673746625231,-0.005402733229090462,0.003941386618860454
2023-06-30,0.008677477212653217,0.015893401800949114,0.011124961183745175,0.01270293469954309,0.008551790885650945,0.006447835640227995,0.010275449435272588,0.00870385798617801,0.009378688237813737,0.005066389445303798,0.01008871968748104,0.011800571472848409
2023-07-03,0.0056362956556264,-0.0021279228053703303,0.007487659801527213,0.012072499269323966,0.0001865380264409744,0.0023406614942611537,-0.00821215956417154,0.007820004091181332,0.003740805373277478,0.007959875018122009,0.003380065368908447,0.0011505768465482902
2023-07-05,-0.0020646556510007796,-0.006167628441945627,0.011375627202014238,0.00040724558683069567,-0.005403547212889825,-0.005531030662487946,-0.0005316106620756322,-0.0017392681276652278,-0.024645437326918596,0.005001376571585947,0.007656978574877682,-0.0014872116541752023
2023-07-06,-0.008572545413119137,-0.002667900583850913,-0.012147439445309605,-0.01611121100148638,-0.0074934216260164055,-0.022494229454095405,-0.007980474517469638,-0.0025460607604815833,-0.007271980664104616,-0.005500246494454797,-0.00790270577947838,-0.007830598059588856
2023-07-07,0.001490813290200066,-0.004361338121458558,-0.007287113712653781,0.0012413296878843738,0.0022647810532465673,0.02149466671367528,-0.01164587449412302,-0.013032589536429051,0.008691013385587532,-0.004740460009262093,-0.003523179100961893,-0.0025247215782113752
2023-07-10,0.004465841764492273,0.0026282110837763106,-0.004281998616741278,0.003070256868125565,0.014218611708227913,0.007798013060866138,0.007906996934492483,-0.00027222660972292534,-0.0002460273497253418,0.0034397924494542487,-0.002613330295578753,0.0025311119311206554
2023-07-11,0.011855213672802067,0.002155466109912796,0.012440349875582957,0.008358273684958561,0.011791070607082066,0.021984754274417817,0.00023089220462391147,0.001497992176538343,0.009849685374687,0.011339483526427774,0.01741658252638323,0.006368538856118766
2023-07-12,0.006444037285433968,0.011335262593434425,0.014563175353862423,0.008989720908729515,-0.0017436925463758524,0.009253728330263167,-0.0026914138475829796,0.0023112068039983225,0.013167607339087617,0.004693930331658436,0.012119500357310242,0.008045925204603899
2023-07-13,0.003492307703053532,0.01304750394293186,0.00343909440218626,0.009372254443188455,0.001287024093624023,-0.0038104080947068963,0.00038535740817136066,0.004205191991216273,0.007822024506254355,0.006748006143784124,0.014668521626392428,0.007936850364212544
2023-07-14,-0.006670401383012892,-0.0014751752857936618,-0.003874336866623196,0.002579176034903652,-0.0029375701976745994,-0.026416676764554392,0.015029023609661518,0.0033771907855073557,-0.0058507337663779024,0.0,-0.00944106233487596,-0.0006228082158977744
2023-07-17,0.009635128528720838,0.01278466713709725,-0.01151827399314631,0.004058961588435439,0.0037746856726830202,-0.001964280797801754,-0.004555891912241039,-0.002962103198017263,0.0009605245289037168,-0.008507432100963164,-0.003574083312620102,0.0034722857862392598
2023-07-18,0.011277934136207701,0.011333282221151375,-0.00771788992999245,0.004099533022180912,0.005595395486548638,0.010087255988646238,0.007399037347973536,-0.0010798611045139683,0.007799500327690501,-0.008320236705141482,0.006875055064955671,0.007430502801441641
2023-07-19,0.00428938060314632,-0.002496433604605608,0.010217985602945179,0.003515765171252516,-0.00045597382019957333,0.005845782429081625,0.004618755970107413,0.01013774665647027,-0.005357783976359443,0.011012029511521026,0.0028202228580491706,0.0022237841708601103
2023-07-20,0.00740351304398934,-0.01996562048242989,0.018266783322516078,-0.03407359511307417,0.0044715996824538085,0.011744733195307555,0.01658118810564102,0.008564092351308616,0.0023941824472091255,-0.003371432873766511,-0.019834154694725714,-0.006634504992970469
2023-07-21,-0.003392076720198811,-0.0005108570368702603,0.014974147160829787,0.00023417333565189935,-0.004724256493220058,0.008855936121709762,0.010082864614175957,0.0034494823799648966,0.00011948593637023386,0.004423541903731731,-0.009967001104730033,0.0
2023-07-24,0.009642745037136136,0.0017601940410905126,-0.002629101968945058,0.0065503798801478386,0.002282188242134664,0.01613306410354376,-0.002201742762720227,0.003834576394060152,0.003104236611791489,0.00958575863927491,0.0018305024763602962,0.004467268206254538
2023-07-25,-0.006460545827864261,0.011448900587802902,0.001757599480827654,-0.0023243138290676146,-0.0012752575654616516,0.005253185252802828,-0.00044120219453824827,-0.000263405755742796,0.01797409907992309,-0.00744174455963742,0.0031973159871687695,0.002729993969081468
2023-07-26,0.005937219501719104,-0.013448806753628695,0.0,-0.0002329546711919983,0.007021819225004222,0.00034849927803204395,-0.000662685828347831,0.0011859653676302706,-0.0033907970371849228,0.0036191400789444828,0.01563213283393461,0.00015388360166279647
2023-07-27,-0.01264729725825331,-0.002896603814683818,-0.017690237944219755,-0.010369171622205964,-0.008602759450533792,-0.006385075035795773,-0.0073639754241898725,-0.008817269421890872,-0.006453234767850202,-0.0211227166524659,0.008368385867224104,-0.006630198541349386
2023-07-28,0.001992365521304995,0.013614559031383866,-0.0022322988863483495,0.01695297941834184,0.006211122274025094,0.003037793876897954,0.0029676328039487387,0.01035586777193731,0.00696740599752399,-0.002894876643290911,0.01970937639679038,0.009790365167342774
2023-07-31,0.0036931721655728555,0.002304100304898471,0.00044712236281885254,0.005672642186468124,0.00236030698236922,0.018986895954204996,-0.007693074589063209,-0.004599132882244783,0.005277262181744291,0.007917634296974452,-0.00029084616737917734,0.001904074853625648
2023-08-01,0.0,0.0016819960966938385,-0.012225883362928958,-0.011338619499113523,0.0029884729915210517,-0.004686984549790996,-0.0052182541355607626,-0.0054127011132342195,-0.004432853977273665,-0.0018327879489904442,-0.0013083854832881547,-0.0028616097156412
2023-08-02,-0.008491458216412284,-0.02474108050005408,0.0,-0.01793110630381578,-0.010473986120905665,-0.013093004093631677,0.0006746928443241984,0.003583902946225015,-0.012420945544278306,-0.004197444284894103,-0.01877698383023496,-0.013910772347557221
2023-08-03,0.0005708235731523015,-0.004074933539795711,-0.022792474136697827,0.00237129895867505,-0.006296188739551956,0.010124716782680565,-0.005017284293572177,-0.0027774283778497777,-0.006170006403994788,-0.01369877806334141,-0.0025218968476055093,-0.0028657910043848878
2023-08-04,-0.003994056048481909,-0.013600986018341032,-0.011584790043615567,0.01454849847814299,-0.006060663695710011,0.0013824316708932471,-0.0035375074327023137,-0.009946935770744236,-0.0022685329298155477,-0.009882415352880924,-0.0022309878091990587,-0.004522797336639406
2023-08-07,0.014036170400238523,0.00280429904618007,-0.00015638387759864258,0.01025933075358254,0.012287678098690913,0.0011504520979130906,0.011555831432103814,0.008171662345288544,0.006581421150605671,0.012678834216197199,0.015501506099207862,0.008728560344392067
2023-08-08,-0.00903974949672448,-0.007690324607179777,0.004689118038377238,-0.007962635386455141,-0.004563397460533247,0.004941278642231373,0.007690756703609525,-0.007175422708966761,-0.010579965465252528,-0.0050613289745633505,-0.0027884159520141782,-0.004348674633940841
2023-08-09,-0.007411497941510303,-0.012916844671173267,0.002177873125982055,-0.011865339528294938,-0.000550050907646038,0.012578758301537762,-0.0002963895402668948,0.0014724414612574677,-0.004085278712240958,0.002409518866738569,-0.010745203007407,-0.006685282972830775
2023-08-10,0.0008614566555424918,0.00011905505833564867,-0.0031045324358995874,0.0024134547479075508,-0.002752206621358555,-0.00011324998235806572,-0.0006669255244694527,-0.0020047616961761383,0.0007238773538811305,-0.00320511988441885,0.0034222428406893712,0.0003587695174429584
2023-08-11,0.0020087180267664984,-0.00737498091967137,0.005449932261830881,-0.003405977975685759,0.0016559106123372747,0.015360391065935897,0.006229823731094486,0.0016068980682641953,-0.0027727910258927846,0.0018758537223626526,-0.004745030385161941,-0.0005830406320282977
2023-08-14,-0.002004691167480366,0.015937759684740094,-0.00789837711532504,0.0030641097102004355,0.000367331157341777,-0.004226917572398015,0.0030223014029842066,-0.004946413849958753,0.002176290471171738,-0.005349159588120989,0.0073004466779451604,0.005520277024275044
2023-08-15,-0.01836448734361873,-0.009848961538867496,-0.016234811919422998,-0.013627886709919435,-0.012760454489674666,-0.020777335576167677,-0.003674552813855647,-0.01074870859583077,-0.016284784005180408,-0.010217470376687854,-0.008874298570440642,-0.011648914556154244
2023-08-16,-0.0014614404337621734,-0.009530221152452056,0.004443032675027769,-0.012386887082026843,-0.005579284591960776,-0.008669857022284289,-0.0075969825800829005,-0.0023086964459317905,-0.006744541126805115,-0.01222490238504137,-0.011938695812747535,-0.007338239307265071
2023-08-17,-0.004976567976054391,-0.00950146132409646,-0.0022115248461176407,-0.016944129761552906,-0.008415993225310614,0.011967707630908153,-0.00795213312894505,-0.009664946057779011,-0.00197534771637653,-0.007425836359634008,-0.011478475184688919,-0.007619726040616559
2023-08-18,-0.00029432109737403955,0.0015179590028226997,0.005224717240700949,-0.0022694734528098115,0.0018861691968969918,0.009893014777442533,0.0003743242644644873,0.0037112664510454696,-0.00012347239157328715,0.0027708035084277327,-0.005958738753022996,0.0004810404273392077
2023-08-21,-0.0011771601270909038,0.01909546411138363,-0.006300277730634907,0.011496417463226605,-0.0012235856443215676,-0.00630546504530638,0.001048532856082307,-0.006710533743559455,0.00012348763888736514,-0.008566072128153635,0.007223989525724672,0.006506382888636475
2023-08-22,-0.009428497584154427,-0.001130164552032853,0.002853212795823623,0.0014588291332835457,-0.002356099477052953,-0.007705384280380367,-0.0035160960242799355,-0.005652772355429048,-0.000865706428042734,0.0030659235395344986,0.0,-0.0027086349683950184
2023-08-23,0.009815681580769509,0.018044328069423354,0.0039512497521478895,0.008010828388210545,0.010296637404049624,-0.0025123808729120567,0.003002997576895039,0.006655862973670601,0.001609533803561991,0.014726309928376313,0.016175816383770414,0.011137928292864308
2023-08-24,-0.003534365334707301,-0.023047733279021876,-0.005824810597533925,-0.019567589643322836,-0.012155297370494922,-0.0068687338764654715,-0.008682673133434293,-0.007989339490549807,-0.004202839216748799,-0.004655124571360303,-0.01922209973508171,-0.013859294692254442
2023-08-25,0.004729398903201343,0.010179017440810956,0.007600785960391709,0.011176625130496776,0.008423972853272454,0.009682890468473593,0.0073239932485051895,0.005554081904261876,0.002979254871261272,0.0027511016788068776,0.0010716689646106392,0.007049933125505392
2023-08-28,0.0055898649041450366,0.008179613477653058,-0.0001572030455138096,0.00400837571043966,0.008166072485670028,0.006735900941493789,0.0023237366493535916,0.004556814397105979,0.007301979566660455,0.007956120760427288,0.012236284144153897,0.00634138810422602
2023-08-29,0.00906960801271195,0.020048322263598983,0.0037724163577506076,0.02498179266144951,0.007634159042112287,0.002721689594421095,0.008973959696045641,0.003573938556063805,0.016586713648436557,0.011431650094381851,0.02221194068293797,0.014454720143398214
2023-08-30,0.0005797607706887753,0.0075504669702952665,-0.004541096158624747,0.004308012414015128,0.004527376129056293,0.004976363011856,-0.0007411340707015324,0.0016435399199259404,0.0022964990258194096,0.003498451494822419,0.0001480333610501816,0.004118917581349413
2023-08-31,-0.0037667830654947165,0.004862370830476026,-0.009595743473594154,0.0031144481598652796,-0.0045069713744412265,0.0006750500025660688,-0.011941798771151868,-0.0050594832515609145,-0.00048251447835812034,-0.007240639876193389,0.0010345638811704028,-0.0014634738129720715
2023-09-01,0.009016613451761524,0.003074027770270993,-0.005082571395208624,-0.006092312568096836,0.005266592153769789,0.020467929883341895,0.0027025490468626234,-0.008521008906202221,0.01121990397509487,-0.0005402850851408125,-0.009301568500014734,0.0018650764885848048
2023-09-05,-0.010089223191272811,0.0035756988159207914,-0.015325674328404149,0.00070731766433485,-0.01681968684466273,0.00528980788695077,-0.010331909080545487,-0.008594699459169686,-0.01849232534219858,-0.009999820683260774,-0.00014912910016817715,-0.004321878377897104
2023-09-06,-0.0005825261717442576,-0.01057533334084415,0.002269812515584446,-0.008893286456506777,-0.004300464757912459,0.000438543791539292,-0.005446745134786379,-0.001118443308383954,-0.002187801596358341,-0.0019109579432351476,-0.003129943284848946,-0.006722524890490855
2023-09-07,-0.002622371203986562,-0.014460296655319671,0.013102413086327092,0.0027929856643214013,-0.0032859876567910007,-0.0009862219746747947,0.00448782917983559,0.0023794690645269068,-0.004507183197074549,0.008205549660515121,-0.0017943737586023634,-0.00307009859186802
2023-09-08,0.0020449847566836876,0.0020877105616634584,0.008781819798582946,0.0,-0.004992506849867073,0.009652333230646404,0.0,0.0012567829638809869,0.0009790212141702614,-0.0065112196524574895,0.00299599887276214,0.0015061541806753453
2023-09-11,0.004664828226076612,0.005208718031679993,0.0041151352423600684,0.026903680108761874,0.0002839443604802927,-0.013145260009153503,0.006891024755091957,0.008647329984194707,0.004278620984568882,0.0005461866409648408,0.015083628551739947,0.00657651220185862
2023-09-12,0.006674271986769176,-0.018135868335042216,0.0012611277380123465,-0.009059800694129927,-0.0035963615677874206,0.023558162999913312,-0.0012785975488720513,-0.008573194740256973,-0.002312894062191262,0.0,-0.01044602049589305,-0.005485596794366998
2023-09-13,0.0,0.0025214450139630085,0.011964768916536528,0.007919807385913469,-0.0066489831605653915,-0.007528478622052859,0.00015066556847131984,0.003068344106612386,-0.0058563351873266445,-0.010098187265008773,0.0032711586354716715,0.0011659431529551512
2023-09-14,0.00922453805531287,0.007252724824228229,0.014623632505066597,0.009821993698760911,0.009848997176533425,0.011703304759658861,0.0031621714608227602,0.010150299704013266,0.014113778558090706,0.018196806022336753,0.013929602820957898,0.008622482975540802
2023-09-15,-0.0051410330806404,-0.01922082926966384,-0.00429328752870739,-0.017107258563134886,-0.005775910774051374,-0.014459857324825687,-0.00788074997784205,-0.008258877276221432,-0.011133823018488753,-0.0037908691638631753,-0.013299939884410139,-0.012048338891772814
2023-09-18,0.0027395847545179652,0.004806190435205471,-0.0007451516445633466,-0.010875594392138477,0.0011091336193809198,0.008473842143597032,-0.0015190099276696234,-0.0003492401499343156,-0.004156526836166186,-0.008739955650077902,0.0007127114667642154,0.0005864607433156976
2023-09-19,-0.0011505628148772429,-0.0005313649292176814,-0.005437339226765037,-0.005011157684538858,-0.004202823501344488,-0.0093365778897192,0.0008367902774537583,-0.0023761223834037892,-0.000864235213418274,-0.005251529112850872,0.0007421077893750017,-0.002073700094547659
2023-09-20,-0.006910526177592358,-0.01571553100512013,0.0009371169735707952,-0.009954410148111936,-0.003932808309461744,-0.009315020280612818,7.60358456783905e-05,0.0009807743348151376,-0.010505946818621048,0.0019449328651017783,-0.0136421829360307,-0.009193289671217464
2023-09-21,-0.016526491433385138,-0.015246302087018604,-0.01045561269731421,-0.027290683429641582,-0.01637143029164634,-0.013716737071693741,-0.008740785453724031,-0.01287831970179798,-0.02010965211259297,-0.03466435625215236,-0.012327060920235278,-0.016528496945828253
2023-09-22,-0.007664893113077831,0.0021335021176454028,-0.0018924599216408877,-0.009844594865183631,-0.0034266563946205864,0.0016822498422481846,-0.002070239267537355,-0.005388280158391101,-0.001020063121083492,-0.0068946359008847935,-0.001217280458026715,-0.002248656765926116
2023-09-25,0.0023767727897492374,0.003223621565249024,-0.0014220524457496664,0.006152251021075195,0.0050101873315426815,0.012540699675000155,0.005455497214422511,-0.0035642922339853556,0.00791143186714982,-0.0017356406404654967,0.002437947941818841,0.004205286191780955
2023-09-26,-0.013337380829409384,-0.018006420876747642,-0.02990503899880914,-0.01821915757447168,-0.01524918025438149,-0.005750327898688012,-0.008482561202292738,-0.007440054140283592,-0.014432429950023695,-0.01767590407742503,-0.01109729373659274,-0.014691347793212017
2023-09-27,-0.0015019634619516387,0.0015434158585212465,-0.019246425617014284,-0.003837150093248254,0.007444958647563116,0.0249138350558904,-0.0050094283167742,-0.008216997375567026,-0.00012821943397478552,-0.008849656569831499,0.0026132405235315126,0.00039915422696679137
2023-09-28,0.0072201733569996485,0.0070890975433781644,-0.02161987935771781,0.01117700527580423,0.004236917136601459,0.001085351750414798,0.004802380587532129,0.0030523523296248634,0.010791446822049355,0.010416576333272642,0.011039530713578882,0.00579753352482415
2023-09-29,-0.009259303311972888,0.0034278113314847314,0.0016998608110492253,0.005308238389489572,-0.005298361846127642,-0.020162890159764912,-0.007554682988797801,-0.0028981957370419753,-0.0016522330550271525,0.003534551157571064,-0.005611317686403994,-0.002427062227521315
2023-10-02,-0.008441352868670982,0.010736413992439964,-0.046495938831274786,0.0008075888725909142,-0.00976523446619082,-0.01991359344831023,-0.0013981904018935953,-0.006830383023343267,-0.013240046771620495,-0.018197609592541464,0.007472973178201281,-0.0003975862347961323
2023-10-03,-0.015810223559546865,-0.016959531743326095,0.01156799939034725,-0.024331254066051855,-0.006972779935641604,-0.0006774177002901727,-0.00886743874826057,-0.007169994907576638,-0.002709295910984677,-0.018236286046176997,-0.013472622547068602,-0.013386160539729741
2023-10-04,0.0074143512581048565,0.012463137932951396,-0.001055565990433216,0.019721359314694542,0.0032100342420100514,-0.031401672956506754,0.004237899241021914,0.007958741507905875,0.011772315330231597,0.010657706305392534,0.009513649818423398,0.007282055854865188
2023-10-05,0.004599727144972254,0.0013342295377718472,-0.005811893500403009,-0.004990938932985078,-0.00589957770967775,-0.00618074265362889,0.0054705658854055095,-0.01973966003925498,-0.012146782839065895,0.007231100058807449,-0.001368112883072925,-0.0003768283290253027
2023-10-06,0.008546937379347641,0.018712449258296404,0.014171863826156095,0.007022538849987381,0.013679577027842171,0.005984479096440509,0.010492730590243138,-0.0055194066194862446,0.00944846378135722,0.003888825381851646,0.018417365264474572,0.011872889791437746
2023-10-09,0.0006054639277706109,0.005171708935157504,0.009956350186044904,0.0010583385561870884,0.015677636622042135,0.033360592946674705,0.0034612997776168886,0.0009001480598354039,0.001282161423834527,0.013110897987733017,0.010760636515597666,0.006402109308006665
2023-10-10,0.007259424182245011,0.0015377617786380693,0.01366295890777125,0.010946640696666066,0.006057045752185131,0.001241806967953396,0.004752501248756369,0.010190449824500014,0.010628868815650172,0.003529352648879547,0.005766455804570247,0.00520495427026213
2023-10-11,0.0015016321295462376,0.009270823149756025,0.0162089403857697,0.00356849278234872,0.006020501787066923,-0.012852435039910404,-0.0044250085518307,-0.006823992783714372,0.002407521594007145,0.020222774356073003,0.009115265057089816,0.004096306122401527
2023-10-12,-0.00629693288483657,0.0009360220181893197,-0.015446721233395855,-0.01091247134113904,-0.009073202492948074,0.0011421519781034117,-0.00858231014431421,-0.010903713804283122,-0.014915958440616217,-0.013214774011598873,-0.011800618449843037,-0.006096510692083501
2023-10-13,0.00211215834164058,-0.01432069912406142,0.011255093489126233,-0.014689431478552839,-0.008864300951897275,0.02201672040402891,0.0062605789846781335,0.008758905050270993,-0.003721564202633476,-0.00029109565842722063,-0.01120470642466842,-0.004980911855664738
2023-10-16,0.01053913220527014,0.00960678733381748,0.010286771874806533,0.016166596724754845,0.010614272439594563,0.006697447677585844,0.0075275942132195794,0.010329183731717206,0.009789164817685103,0.010192230354111986,0.016102627903428424,0.010521515822241367
2023-10-17,0.004767591342939692,-0.004640418217828679,-0.002670692290363319,0.002352624473961562,0.003111781477342701,0.010422319130553914,-0.001372348977197957,0.004296950089426543,0.009821175565824625,-0.0051887895267751505,0.0035214228553581695,-4.593770614813586e-05
2023-10-18,-0.01720052836039987,-0.010267824206139142,-0.008702992959881861,-0.023468616274652243,-0.024139467247090485,0.009107894405074868,-0.008702877786965768,0.0036884560126890786,-0.02589346763075251,-0.02202245877861786,-0.017253770870401697,-0.013325159481197946
2023-10-19,-0.013277067590028224,-0.005723748458428046,-0.009961154928754157,-0.025550172523979287,-0.00923897129674034,-0.0017398242043182854,-0.009857679998833357,-0.007349681750658976,-0.011670359664433527,-0.02459282199011248,-0.0010414757284736842,-0.00878627754271677
2023-10-20,-0.015290328084292315,-0.01691050513861536,-0.010402338589387328,-0.015511340992799605,-0.010327988392697662,-0.01677574278017846,-0.0039667055500879345,-0.003850336286564504,-0.01206998259827119,-0.005164033538295532,-0.009234736152321843,-0.012288140278315929
2023-10-23,-0.00621134834676107,0.0011589991681240086,-0.008444059142954097,0.001186428818386931,-0.004660537877420712,-0.016175396371754247,-0.006246997415749855,-0.0019326093391485166,-0.011155566503241787,-0.00854951962158601,0.0052618686118601765,-0.0017331009509515827
2023-10-24,0.006875062921699815,0.0068845322336250625,0.025721428999145646,0.01066705585024108,0.00753265752005472,-0.01407655024949217,0.003064466043945835,0.008489921310385729,0.011818509128890042,0.012627045494601807,0.011814080648461234,0.007539448933400195
2023-10-25,-0.003724557851274124,-0.011799375376386867,0.005591172621525642,-0.02019686058698189,-0.012830840765507556,-0.0018276516495193684,-0.00893052965647645,0.003396848921909834,-0.011680463464801671,-0.0209854985461696,-0.04330486229808295,-0.014352273891872325
2023-10-26,-0.0021805899396741824,-0.019104820260777533,0.008593138091196106,-0.015625922747297794,-0.004196203831344114,-0.007781264802563359,-0.009880657691599626,-0.006476339008820053,0.006983600653281963,0.021124766108683524,-0.021782854069884672,-0.011974642023696913
2023-10-27,-0.01810802002085088,0.005805488081195964,-0.018877329390317388,0.010469933984198931,-0.008838658422198997,-0.02398781787269688,-0.01692485547363165,-0.013629607056022452,-0.00040002540252492835,-0.015819929506666552,-0.003632333844269864,-0.004532872028054524
2023-10-30,0.017805893538673345,0.010737428891319123,0.007662186040440888,0.009158574191149738,0.01244300449250968,0.0033082522476086673,0.005603397543147759,0.015620298961143142,0.010273359204625798,0.0030911168960969793,0.02060550434218733,0.011955975417998088
2023-10-31,0.010934102783788147,0.007123186396115866,0.008617611868566799,0.00755159246732906,0.007373933630534513,0.0032977365655897373,0.0057337391032568075,0.003548972895790259,0.0044904836546098,0.02003069898822285,0.005125279168355812,0.00628030516979039
2023-11-01,0.006489640123145124,0.0193279158679891,0.011392278160770486,0.012360402093282374,0.0032533589259180484,-0.002347560047653907,0.0020875325312872395,-0.0010311409785129788,0.0005255821562637486,0.00513607797916471,0.01467827028276214,0.010664615580186165
2023-11-02,0.023641450883756798,0.01692794459300173,0.018717855952686158,0.02610727615372843,0.02057153130078815,0.030238704568712693,0.01586552641604988,0.012981276649159046,0.019316888611121463,0.030958915865207937,0.013248039034057246,0.019164387972748553
2023-11-03,0.013197121930943467,0.010293528820062736,0.005853702092346147,0.014050681956173205,0.00883725385897205,-0.010050080436255437,0.0049692903640852215,0.0011648623542035441,0.015727644106213745,0.02361500984231224,0.015329290793600014,0.009123262630104767
2023-11-06,-0.0029601179803295796,0.006578795672404603,-0.0025863708552141818,0.0012482554332184925,-0.0026574859718850874,-0.01130624193122376,0.0066712407085463,0.001599994068559596,-0.004949677849831802,-0.013671151772311485,-0.0026644226806490368,0.0023005975307612836
2023-11-07,-0.0014845713826282525,0.010931893797684333,-0.007293424836291584,0.01115831328881356,-0.0024670205903201126,-0.022170126856550065,0.0007018673021659261,0.0024688386429243536,-0.019388019126095113,-0.008374424581782725,0.005342847930014383,0.002845995440742266
2023-11-08,0.0011893281598427397,0.0056643126973587865,-0.007346942087127051,-0.002650925658899239,0.0022753223209763807,-0.01252984118693179,-0.001402501058412109,-0.003911317350692167,0.003121951219512198,0.0058241577926838595,-0.0047238812942668185,0.0007325647065026253
2023-11-09,-0.004157821956516927,-0.00466504555832814,-0.013157855303233212,-0.018667550438171254,-0.0021715600578612326,-0.003021202826828606,-0.020675643352679463,-0.004071951054085421,-0.008558020393274246,-0.015344718290733028,-0.00029668767649759786,-0.007798871149170328
2023-11-10,0.011333026048834016,0.02612156138488797,0.0053333033323086365,0.01662893426303147,0.014442568150895507,0.011030398577087874,0.005975000060471247,0.007008985062513684,0.011770781359093263,0.011173268031585026,0.015875340646793523,0.015604880114567399
2023-11-13,-0.0014745020707734868,-0.005849044002099846,-0.011936358552802062,0.0042752049428242955,0.0008776482925043627,0.007193372321714575,0.005781385202632938,0.0031901840783365998,-0.0014219463634262963,-0.008432626066208426,-0.002190632133149628,-0.0009533215038348697
2023-11-14,0.018901637931044712,0.02000347396147517,0.039932867345886525,0.033684817704797476,0.02007004053167738,0.008927372541920775,0.006771606988351664,0.010263212906168384,0.029514499339710953,0.05395907544956069,0.0162471200240768,0.01940071204308924
2023-11-15,0.0055068465353638185,0.0012634514192733093,-0.0030655109307380357,0.0011937399731758447,0.0021013247742553975,-0.0018876150028702687,0.0007821117128727906,0.008012465534446456,0.004400769934993276,0.002226089399134379,0.004896768092242265,0.0021170543995747693
2023-11-16,0.004036027737804204,0.004992554028983021,0.005340793250687037,-0.010253234696284474,0.00019063582605993723,-0.019503545749820828,0.004298190266897262,-0.012348943726403272,0.003004601403207907,-0.00027806504440719415,0.004443146677546306,0.0012231033892862175
2023-11-17,0.005167812712979281,-0.0020744469293191292,0.0027364753200564973,0.006685467791901267,0.006384591516787941,0.020976515236340143,-0.002023167855225716,-0.0012937226624432085,0.0018721124713130255,-0.0011104738712646167,-0.0001425447415256409,0.001244029886517728
2023-11-20,0.003998909419361318,0.014496768989503916,-0.0030501883937934515,0.005145280683298115,0.003029944478814217,0.0014169304932243332,0.006081994981073979,-0.0007193372159401967,0.001744360588833871,0.007784173319278276,0.011274660863104025,0.007697365105175269
2023-11-21,-0.0005688355604135387,-0.008088351124551307,0.002093296469797945,-0.0025593782347026472,-0.0007551979119597707,-0.0022404054317887168,0.006044980245852649,0.003024219925184868,0.003855158089490107,-0.004965550294903975,-0.003387302885489718,-0.0021794029079696964
2023-11-22,0.0039851354312387954,0.004457766089957849,0.0048208952532187155,0.003043514791049695,0.0021730129347898863,-0.0004724381830155666,0.004776114368726159,0.007178616587390829,0.0006193989040546022,0.0030497107028946147,0.008213293715596315,0.003860787144839728
2023-11-24,0.0031186846832749193,-0.0019484154078807103,0.0025587907269997157,0.0009518690436214339,0.0024509409795909765,0.004137931986230026,0.005366968368866187,0.003706415339086222,0.004333407158432223,0.0038693221078842654,-0.0033709065194519328,0.0006154670414268981
2023-11-27,-0.0033918389439838714,-5.4406107228732736e-05,0.001595195546875594,0.0016046703179968258,-0.005642332452569954,-0.003532267056352789,-0.006253252554715871,-0.0028406861737704237,-0.0012330858469091766,0.0035794478353396997,-0.0062007315299016375,-0.0018009929543526537
2023-11-28,-0.00028369992589016846,0.001898253190995014,0.0031852439476738326,0.005756479768028955,-0.002364355859154621,0.00023624040051717365,-0.005141552729794441,0.0045579521768659426,0.001975015762698762,0.005487068955105867,0.002410708026599595,0.000990094804710795
2023-11-29,0.007092364431014575,0.0007576777182138894,-0.007937727340354472,-0.0027139486350131747,0.0037920401528006575,-0.0074425728166097604,0.00030827801031141355,-0.008081738030038088,0.005173726619916774,0.007639746678651971,-0.0072146201096664475,-0.0007033710126977955
2023-11-30,0.011267687789655145,0.0014604472970551896,0.004320573627124791,-0.0014201397200279686,0.010954691397578431,0.006665436203982855,0.012569578381991242,0.010006001603169556,0.009926522990471476,0.008123568793879876,-0.005842287076201491,0.003937390164487686
2023-12-01,0.007520790296948077,0.002268167695272938,0.012268936319367985,0.013686411358631023,0.01578691010220834,0.005202036416916522,0.003960235668248879,0.004103885514264993,0.011406210989526766,0.020950833569441052,0.0020067497919460386,0.005915855545351789
2023-12-04,-0.0011058088654956055,-0.012177923857889739,-0.003935063852305465,-0.0037991531345271667,0.0016553767897466987,-0.0045871253746277985,0.0018963360150567876,0.0012685101141867161,-0.011637624475151265,0.005524824705470888,-0.010012978452346055,-0.005249217014942964
2023-12-05,-0.004982089519337762,0.0060003465078322105,-0.007111189177579247,0.0017601564323002084,-0.008079351827888104,-0.017487996120849836,-0.001287096813611166,-0.00788264360201818,-0.013717063654599793,-0.004186256665151822,-0.004623547677136464,-0.00019712998148158078
2023-12-06,-0.0050069242458044005,-0.008458933613826769,0.013369374846589954,0.001464341662412716,0.00444276750657413,-0.014912622496255468,0.0007578563543608752,-0.00255417115186396,-0.002092080860662593,-0.00341569421605592,-0.002612640407710809,-0.004029729320089048
2023-12-07,0.004752353382361241,0.012140447326307369,-0.0021989513744129496,0.008245850510857355,0.0009217050087761969,-0.006837033698423034,-0.0012117003284725092,0.004267462916694553,0.006783433775188863,0.0013182142143417508,0.02095770651236939,0.007630377359133966
2023-12-08,0.005286872235859885,0.008536851233459597,-0.0018888202193980685,0.004582413502225879,0.0031299032564069407,0.010817476944873672,0.0016684424886668214,-0.006940648436668417,0.003675062116501593,-0.0021064102561272335,0.004703993687161789,0.004299150431800403
2023-12-11,0.006088902115090056,0.008732426523092807,0.0064659210595319205,0.0026560821135026558,0.009544853851957136,0.0012161842232669695,0.006587274459686432,0.00955634016785667,0.007079247934094424,0.003430114297319875,-0.007661770548300528,0.003889562713336847
2023-12-12,0.0071527136294080584,0.006638765457699591,-0.004073890412853998,0.0031097145140774884,0.004545509624181321,-0.013725428641158666,0.004287851480133442,0.0032498057294987337,0.005817464051258048,-0.00026303778880687467,0.004146573570137813,0.0045671833638605275
2023-12-13,0.016115956658202313,0.008810736568268585,0.03775941423139373,0.013089202044529236,0.011131236800818067,0.013916437713940466,0.018425396080665513,0.018166381617550798,0.012169993585813277,0.03629696641824043,0.00939738336244278,0.013790079384885079
2023-12-14,0.009946266141246163,-0.0024580270478821165,-0.013038207390416612,0.013430180336561515,0.01288819182214973,0.029393780741097775,-0.004854074552699594,-0.014661110917166043,0.016547801221469705,0.02766481000966725,0.004373281926940198,0.0032093315022607705
2023-12-15,-0.005855736015966895,0.005033205935753404,-0.017357800994484363,0.0020687499105400686,-0.0013253644612055693,-0.005309752969680059,-0.008498953249143737,0.0,-0.00257645555562358,-0.01210184494218658,-0.0025283180913387993,-0.0016463940129664012
2023-12-18,0.003336189278817514,0.002990346309810654,-0.0022566131265382428,0.006205021065907923,-4.464694376227207e-05,0.008167958877644654,0.0016321518307365057,0.010409479055192072,0.001548903212012176,-0.0027540595283951363,0.012336674839390493,0.005625021278664599
2023-12-19,0.0075089088794444425,0.0038051005326187326,0.005693547021399015,0.007833222492378056,0.007740202155785525,0.01199811922699956,0.006727497238793623,0.0019597312799291,0.009207761034603523,0.006840786673125487,0.010178273065898136,0.006080888558689157
2023-12-20,-0.017833362759932303,-0.01511064274287044,-0.020286278619878084,-0.018245854641764536,-0.016156015636674126,-0.009273471290092816,-0.014478778616720978,-0.01941865661093156,-0.015323137778274432,-0.012581688907595256,-0.00772934293214711,-0.013857292868214244
2023-12-21,0.009755871263048554,0.011229901608655668,0.001765763508989826,0.015216026742147948,0.010319412581074605,0.003909955470087434,0.012205326495644986,0.0069807445654783695,0.010572328074655024,0.008409672455373274,0.00987631881232498,0.009482002831388892
2023-12-22,0.0021471907215837582,0.0013034941205005701,0.00336477431144111,-0.0073558064259834355,0.0047961462627672535,0.0029506011628139817,0.004986857029656733,0.007640259797232485,0.006230180635145466,0.00404344175950988,0.00013790874529640007,0.0020096532964695157
2023-12-26,0.004017117799161918,0.004165622046940376,0.006068464380283967,0.004234490672236024,0.007071576405981883,0.00859020639895447,0.002222140008016682,0.00421215030932065,0.0046729346959288875,0.00729929598605028,0.003856045718394041,0.004222573681947894
2023-12-27,0.0032008149642934747,-5.1830163242505556e-05,-0.0006350560444122744,0.0034398367011176934,0.001492205692641857,-0.004433587430872077,0.004211999425358659,0.004614215992860826,0.0024417917345767037,0.00574709665007167,0.0001371445956517281,0.0018080852180089035
2023-12-28,0.002924885719159276,0.0011927180712458796,0.007147421739325699,-0.005197288750142914,0.0002627956771217299,-0.01523487317934169,0.0025755086453971288,0.0004174649339676595,-0.003827953259222139,0.006211237738435349,0.0027432698220821727,0.00037772420603676693
2023-12-29,-0.003181297504630698,-0.0030561002892118827,-0.0012615763655161594,-0.006169498488584613,-0.0012266568250191012,-0.0022610153371076525,0.0010277905119593367,0.002086907719038411,-0.003958830911583,-0.010864154282975047,-0.0060188546161238365,-0.0028949023378719296
2024-01-02,0.004255126760643435,-0.02618437592411904,0.01452706985707497,-0.009283725326789005,-0.010088563855322641,0.010734488318652202,0.017597742815536277,0.011245424855481412,-0.0017536495847688682,0.009236002702765589,-0.005642672528622161,-0.005596488182613046
2024-01-03,-0.008474614512394285,-0.0101900005349147,0.00373531150274542,-0.020208678000328995,-0.014888300335477278,0.01628535109709195,-0.0016571014983838284,-0.007825708031715561,-0.010774051092039882,-0.023744801053564246,-0.0037371175198686046,-0.008166689660125126
2024-01-04,0.004006706314258812,-0.007330355028572599,-0.003101090906870163,-0.007028875652788424,0.0012594308241542507,-0.017533794551984117,0.004980130229951918,-0.0013836511929941064,-0.0031965543330549906,-0.0025334884501619914,-0.003334064272459192,-0.003221073749963277
2024-01-05,0.0042562584688221605,-0.0002715330002629468,0.00373298720658366,0.001566499900602203,0.0011680207199431525,0.0008271721614159233,-0.0008619169906757262,-0.002216796276569122,0.0016628826733773305,-0.0020319386532390293,0.004181494437937028,0.0013697649857207228
2024-01-08,0.006357644173046406,0.025092440562140883,0.007283398662526475,0.017031787633662532,0.006551200921316447,-0.01157278959913699,0.008841470003735807,0.007359997389276174,0.004268641829015207,0.013744039800826835,0.015547099225740713,0.014275938341503425
2024-01-09,-0.006317479883874433,0.0015894213736038498,-0.008153755780166083,-0.003702466136386362,-0.003120575239449752,-0.016009580530165324,-0.00014259226388224633,0.0026192079901985466,-0.011452447742507643,-0.007029962092759634,-0.0020503280288707293,-0.0015169772760204037
2024-01-10,0.0015896472230194636,0.00851677396967343,-0.0001551439905503882,0.00800416393971548,0.005097994380963922,-0.009834868934925134,0.004560542335989792,-0.0020622935616881888,-0.0013137142090149379,0.0015171229625854377,0.009313730551669286,0.005655275155376671
2024-01-11,-0.0037029755226117844,0.0050877356406318075,-0.023270308877369916,-0.0013046404921418508,-0.0023135211969560476,0.0025752379393884084,-0.0007091487067008018,-0.00013783031918512823,-0.0029898587430251533,-0.009341035507999917,-0.0032570158939903004,-0.00044057690841325936
2024-01-12,-0.0018581062779146063,0.00323571517877963,0.005718028618227899,-0.012039821615754676,-8.916897471444862e-05,0.011252409567669153,-0.0024845723539519415,0.0031692975160475534,0.0009597197468877994,0.00764522405283885,0.004901488065519155,0.0006926497548269683
2024-01-16,-0.006915002536150849,0.0024968706489767456,-0.01089721710153424,-0.0011498498513560218,-0.01007959691747673,-0.023827009897382512,-0.005978120339941717,-0.005494422971823676,-0.011504063340307624,-0.006069816423042718,-0.005690404381928471,-0.003671299427632224
2024-01-17,-0.0018746337486711395,-0.004929438500906436,-0.014529604639348936,-0.008747502039526567,-0.006757864106538336,-0.008301031648488943,-0.002004501244214474,-0.0006906395685305489,-0.007273377978321616,-0.018320652265127912,-0.006131494141889293,-0.0055585631296135585
2024-01-18,0.00161001387591031,0.02028493553713484,-0.01069347526779052,0.005689605497105399,0.013517275582007215,-0.0016244763655970385,-0.00014333581470149515,-0.0012440780542533059,0.003174947818196383,-0.006480101255815995,0.012201699685483458,0.008892738214384188
2024-01-19,0.0160727728823864,0.023049907011987614,-0.0013101974413792794,0.009640977631453218,0.006534124257696172,0.003253722455872632,0.0005742244118309703,-0.0029059000588994577,0.0009736805796811687,0.00965297306938373,0.013544740742222006,0.012466216866468871
2024-01-22,0.00474557848941326,0.004396274786915955,-0.0050835747876057935,-0.0044027309957108685,0.007736759723911524,0.0037421351709203687,0.004373966367547721,-0.0048579610380109495,0.0029186860308036966,0.004651227605294794,0.0020043604809794058,0.0021142803685763045
2024-01-23,0.0015743187959689209,0.004028941473670722,0.0018130005344805245,-0.00241239422453543,-0.0007940921880867924,0.0021125930185912356,-0.0007140457466292549,0.010878617471474783,0.0032739782123496486,-0.005401220572139764,0.009869376028714516,0.0029164846770144415
2024-01-24,0.003929973878380455,0.00688589603129941,-0.013655751537816063,-0.0037996111675325794,-0.0061822418095383025,0.014260918755937713,-0.009144770722094742,-0.01227932198382975,-0.013536352719603295,-0.013705648666810233,0.006207065343643237,0.0010931176036459433
2024-01-25,0.0049580734792136205,0.004181967788577712,0.018014886099365857,-0.012366954571030653,0.009597406509642914,0.022496566378915173,-0.001514336240227232,0.009638276551279024,0.010536746988305534,0.013634083479298953,0.016274922153378002,0.005438972343487558
2024-01-26,0.0036354611343367704,-0.01151380989784323,0.0029493936483606653,0.004563961606197209,-0.0015843388338944164,0.0074136875993562334,0.005705007427503572,0.004842504036078443,0.0003636450971054028,-0.004397542947186417,0.0032290033648001426,-0.0012703888957987797
2024-01-29,0.002587307797355942,0.00916981384540505,0.006371527151745937,0.014620277111404567,0.00652389882902904,-0.0014244045230430435,0.0070365196294006616,0.00578264113415794,0.004968945542475067,0.007274706080728333,0.008367639130677063,0.007919316407323462
2024-01-30,0.012645152819244165,-0.008251673766456191,-0.00032461140538220246,-0.0005739869849770152,0.00035027155721700787,0.010341172712857727,0.002281855488686535,0.005612562614526917,0.004582757967977358,-0.00928555149312904,-0.006766262343067875,-0.0007734882833236867
2024-01-31,-0.012232368653233738,-0.020998373647549085,-0.002111125634760125,-0.018209157759329186,-0.011557677636663488,-0.018705859470407926,-0.0013519404521497025,-0.007350900971048957,-0.013085191490104342,-0.007289641278799275,-0.02467873127240361,-0.01631714083055169
2024-02-01,0.0015480199003672368,0.012596103516048451,0.019039859893443367,0.019248988794076327,0.017007724709185768,-0.0001197967731897398,0.01296496628265631,0.02043335415020131,0.01666466191186755,0.017571386887107243,0.010279485477238559,0.013088045020838601
2024-02-02,0.004121502510546993,0.010341302384599294,-0.01804520706556212,0.017852011375388166,0.00670679070892688,0.0014386246712496664,-0.0014767333941330119,-0.003225368173699006,-0.005862736691771175,-0.012628832416234248,0.040177356381946305,0.010527281472549
2024-02-05,-0.005900449596306645,0.002274332584800698,-0.020816561656453847,-0.014098837107129114,-0.005450773284083388,-0.002514396725727508,0.00309855594923647,-0.006201858423279805,-0.025394121799959368,-0.019838387408494085,-0.01404561353025513,-0.0036411852129909494
2024-02-06,0.002064422920780018,-0.00458780790946367,0.003653976481163168,0.006063476442476512,0.008960349948649915,0.003240973132515146,0.010882706154200728,0.0023060875086704513,0.017658740315967147,0.01517988076959531,-0.003052779098711045,0.0029033611676354543
2024-02-07,0.007468574960058039,0.01323270016330147,0.0006619961910947492,0.011200847188258534,0.006639133050313717,0.002033983913090287,0.0027086787547878632,-0.0009471728062446783,0.00800873334595309,-0.0005247508956786051,0.005103344785752695,0.008340472098269824
2024-02-08,-0.0038343345443215826,0.003130669700740274,-0.007111123534315422,0.004385698632830115,0.0001713331346724356,0.010268685149596557,-0.001731670327435042,-0.0002711774318469029,-0.0013242479589878897,0.005512015069194076,0.003808024831954304,0.0004416452487703282
2024-02-09,0.0028228107430516847,0.01345800406628972,0.0038309136500829233,0.0071094115116521195,0.0015413286091781053,-0.015364710698122619,-0.0007633008063061553,-0.00921523539289093,0.002169632026210344,0.002610200148913,0.0011380835669709821,0.005779330513448366
2024-02-12,0.004605829176504317,-0.007601896391867258,0.011614292123591552,-0.0008336964407847924,0.0014538750581014614,0.011043058869616429,0.0013193152816655118,0.007112317268770152,0.007938607080453464,-0.0031241936924487623,0.0031579368132927943,-0.0004389136572574559
2024-02-13,-0.013499790920383337,-0.016969037170271872,-0.016565425065009354,-0.01991653825587092,-0.010246028516915695,-0.01009134159773184,-0.00929276245023647,-0.010728998994312233,-0.014081344113484162,-0.01828148811356578,-0.014102403493387317,-0.01377303106709138
2024-02-14,0.009553142089739008,0.010455843885363691,0.005503611291612698,0.010558006151179189,0.016735723527320445,-0.0009593133669512088,0.00868016097311708,-0.0019221764427805876,0.0064149304598837276,0.006650545469875313,0.015964422813951717,0.009087589227137816
2024-02-15,0.017135842941894408,-0.0020988173238505325,0.016752330821941053,0.011570999580611252,0.007466386831425531,0.027850965176479114,0.007286421120939357,0.006464751174029226,0.018881679604537238,0.024048785167116504,0.008170840485150821,0.006899923391778806
2024-02-16,-0.0035204805222263102,-0.009195385048363813,-0.0011419678227827523,-0.005941325260218511,-0.005979427468058907,-0.0005836195892093832,0.003238024029373676,0.0015033510644228976,0.005311586786700628,-0.010322675682414406,-0.015586212366219154,-0.004980034659660015
2024-02-20,-0.0027755999576445367,-0.010169361084650275,-0.0006533469474639952,-0.009440374902999982,-0.0031347207916377906,-0.009115611227326292,-0.003364786439298828,0.010507883445771693,-0.0021136154838535814,-0.0015644868092765662,-0.0015198109546143979,-0.005505423937581022
2024-02-21,0.0030364005092786694,-0.006283820312339983,0.013237601121774745,0.007387166144241952,0.0039944170307923965,0.01875218893546937,0.002204799016795933,0.003646220723624305,0.005530234999508998,0.007312703586590974,-0.0011416928373094715,0.0009059751344084876
2024-02-22,0.011604416607812862,0.03272258638551251,-0.007741932837033727,0.01942478609369136,0.012359271888684908,0.00173660123476993,0.011756720293831124,0.0030945605298060563,0.010063390508976644,0.0025926048219546693,0.014986225884327409,0.020695344194095577
2024-02-23,0.004987504065094406,-0.002332693939921082,0.007152070934928867,-0.004502819170858041,0.0052682006557422945,-0.0065874537088820295,0.004756750819853606,0.00308534212393341,0.005908160892449832,0.001293003940052273,-0.0025026996062849083,0.0006897559045329071
2024-02-26,-0.004962752317735686,0.0009742409661910312,-0.019690086988189193,0.00308911215807095,-0.0014972932938430716,0.0034901727092704338,-0.005140065548908113,-0.004011952493367166,-0.0059888166195134485,-0.011363698454973759,-0.014551013358137799,-0.0036625510700231123
2024-02-27,0.0027431667627004774,0.0008759333044849882,0.018933144877699926,0.0032993683236479665,0.001499538542847123,-0.0042894792494071465,-0.0024472620384008437,0.00013431425833498878,0.003707466193351827,0.0007838363898400313,0.008146663737235604,0.0018577520975389117
2024-02-28,0.0037304935002888673,-0.004716406426067077,0.003069955029189275,0.003946256108007695,0.0034103263616298563,-0.001979280150058438,-0.0049750483275695645,0.0010741506832072645,0.003116853228521066,0.012790359725754152,-0.00681805630317478,-0.0013217519019456114
2024-02-29,-0.0004955177586221104,0.011138329592747853,0.0003221015241006153,0.006769709841993654,0.003067221806122067,0.004899633098317757,-0.008149907481264429,-0.0016093877597022077,0.007594841533847818,0.007989700035560654,0.008899012614014268,0.003595055185208418
2024-03-01,-0.0012396541188195442,0.018262631314534206,-0.006119015384347115,0.0033078092687603977,0.004297348304524329,0.011609119104701415,0.010495927868233057,0.00013436837165814453,0.004568424423131434,0.010994646666178776,0.008316664349583114,0.009388195743716965
2024-03-04,0.002482188834595611,0.0,0.016850296464527403,-0.013512168395905966,0.0036209832355178495,-0.010672643096614087,-0.0015034425900174453,0.0008058827468000462,0.007275929380722745,0.01138066973196561,-0.013121895038970988,-0.0010724194381077634
2024-03-05,0.0002476239044186812,-0.024577706919399978,-0.002868157638849178,-0.01243691057204832,-0.00819953363098258,0.007423918770055993,-0.0074597242608592795,0.0024151539881027695,-0.005304905155313344,-0.012753038180171816,-0.008104168178966087,-0.009994155680371097
2024-03-06,0.005198128057935181,0.007928871127124149,0.009587741348044965,-0.003550635278114944,0.005208402305419746,0.0031088707599371546,0.006826383693813609,0.008433928925652978,0.007375642416297401,0.0055723670612919385,0.0014042202397188674,0.005067097737326387
2024-03-07,-0.0014776943674513765,0.015780936439716786,0.006489416427196915,0.007627634577939135,0.008059842521729088,0.008493892431802319,0.004656613688997391,0.005708393797716482,0.012277679999553648,0.0,0.01619050994209803,0.009926557668709979
2024-03-08,0.001726234880908839,-0.014870629389679424,0.002516075067411583,-0.0037021266264708474,-0.002202815176808759,0.0035282376500873625,-0.0018405869317569268,-0.00791967963704665,-0.005786146081501631,0.011838775639647858,-0.0015054187588122714,-0.006002176587923902
2024-03-11,0.0017233576813941998,-0.002748919352052903,0.005019713707516971,-0.0027173941221262377,-0.005151270836064703,0.010321121110320686,-0.0005461434148489319,0.005454780149398708,0.011303866482676117,-0.0049787830375832565,-0.0018844872463131823,-0.0008597191904240464
2024-03-12,0.004177985574448595,0.020504915319095263,-0.009676994877676037,0.008619589383519033,0.004438219036362767,-0.0015716080063105098,0.004646331899018641,0.005160756997405924,-0.00011076213720540018,-0.002501899569271826,0.00881183335816127,0.01075724701958447
2024-03-13,0.007342103035187897,-0.010804736523656322,0.006777077954533306,-0.0020950961280410407,0.0027003395343474512,0.01596579340855886,-0.0038767578359359955,0.002501388944389449,0.009850611915878327,-0.006270436926625433,0.001746717873413628,-0.0015674579578892622
2024-03-14,-0.008017371388522099,0.0001916129362264929,-0.007983752480552608,-0.006354096649072716,-0.00424353540203215,0.010292229758598115,-0.00355034509037111,-0.0077478587227407525,-0.005260840256681831,-0.014134135396035585,-0.0023666637582639982,-0.001976844217785656
2024-03-15,-0.0009797245067094673,-0.015087685649314952,0.0014201449135653466,-0.009953200041794008,0.00016393332369357694,0.002957486069900428,-0.003974277456867958,-0.0003971833459014418,0.000440655916375432,-0.0005120162383810412,-0.009988570511960115,-0.006866499575499008
2024-03-18,0.005733438950080938,0.004914924634355611,0.004607632655465155,0.007638197023216442,0.0017754269504495213,0.0034571822508040473,-0.00011732151479582065,0.006428435539930888,0.0018237776194722777,-0.00015482053993587375,0.020536916088378376,0.005943122788445443
2024-03-19,0.004893729170572625,0.005186662789974816,0.008856580438558082,0.008658221823891532,0.00861497761849761,0.011410983810073994,0.006628896089539094,0.0037108065513715704,0.00011037599314245305,0.0,-0.0003715834988589073,0.005557042851900507
2024-03-20,0.011930882909173324,0.011187853609572418,0.0012540547877784025,0.01489708867866546,0.012039425164338091,-0.001410246965178552,-0.002263728317807079,0.0030368091729688906,0.010038453491311383,0.004127132340195905,0.011776362407323271,0.009249342335327926
2024-03-21,0.00818076018643521,0.0007153865887592481,-0.0015655414228856745,0.005838843012366146,0.009886681282127219,0.005975026631318325,0.0013062399165819638,0.000526495361978796,0.004150405204757401,0.0038529792693331455,0.00036777884986638476,0.0033045473971928807
2024-03-22,-0.011455703883037738,0.0003334019749163808,0.001411285897248149,-0.008734371023989551,-0.0034225176025208803,-0.002159872115046868,-0.0013731040095812386,-0.0048678923496724424,-0.006199616107886663,-0.011770880547645413,0.0020817473326173452,-0.0018956478555690603
2024-03-25,-0.0038628828142602822,-0.006621741928955149,0.004697805261129062,-0.0032836693098593495,-0.00646921925124555,0.009307331578231048,-0.0013752099925387062,-0.00277621372208825,0.0003282210809396613,-0.0038840145037348783,-0.0034220427140841947,-0.0027627619807494286
2024-03-26,0.0033932493235029337,-0.004124385372870409,-0.011377923715374605,0.001262835584492361,-0.0036173141638362605,-0.007720249248164834,0.003649030395817432,0.0005303719272067298,-0.0007658591402610604,-0.004158995714620306,-0.002084940282711667,-0.0018470850305899456
2024-03-27,0.011835780323996126,0.005104490668848882,0.02790468796217449,0.011571240184613973,0.016054844850828642,0.009293161668489924,0.013308622973783768,0.010467763525632723,0.014343566558373544,0.025319543401566724,0.005161643760729584,0.00840384072798761
2024-03-28,0.00549050806777962,-0.0021559857067176003,0.0069019777494141454,-0.0030901103068997626,0.0001587786312944317,0.01081386444512411,0.00013553638443664084,0.0013111267437035945,0.0026987105177629367,0.006364590158156602,-0.001589566027696443,-0.00019121310905190203
2024-04-01,-0.005460527000230475,0.0027847838542558456,-0.006092934024938157,-0.007450142298394247,-0.007700852590825313,0.007414405482686126,-0.008529051178599034,-0.007988312901029304,-0.002368339767347294,-0.017455069576060356,0.007715066370132639,-0.0017398074553016674
2024-04-02,-0.005252081240030626,-0.009624115180030812,0.0016857739338054234,-0.01473810294891531,-0.0046402703263180856,0.013983689671733135,-0.015566261070386722,-0.005148612465568303,-0.003669116007655515,-0.011071002830658982,-0.0015797173391846053,-0.006357859827795576
2024-04-03,-0.0004797503024729366,0.0026590777360993023,-0.0039780262592440385,0.0007229299602595773,0.005144223132962589,0.006843733879502434,-0.0011097713969862033,-0.01101390835099747,0.005956890641697576,0.000520592696877209,0.007911083972446109,0.0010983564317403882
2024-04-04,-0.011284566965867882,-0.01581562251325952,-0.0019968633219935583,-0.011724913847999452,-0.008796487142228693,-0.0006180590684264908,-0.01444140582826614,-0.004293560604619717,-0.01012049320180397,-0.007806221131949287,-0.01352462442684732,-0.012205975319356743
2024-04-05,0.009470568103710164,0.011464247920520032,0.002924505471986638,0.005566520036823341,0.013876538793972548,0.010717285544124433,0.008946915814838752,0.0016170553220657968,0.009027602298297133,0.00655643674941464,0.010160327478872189,0.010446711489784377
2024-04-08,0.004330038258674396,-0.001162387505417195,0.006599041828817986,0.009505577650486874,-0.0017505678109351885,-0.006321377020339192,-0.0032118561097317366,-0.0014798622137125461,0.0007545491506624202,0.0085982651668004,0.00012090791021490688,0.0005593698356392007
2024-04-09,-0.005748619224136831,0.005043524529552146,0.005488626333445712,0.0047081223355724955,-0.0023115961940431973,0.00030780400836127875,0.0035722954293759823,0.004850293846414111,0.0023697011563545978,0.012658281742272903,0.0010907915274867008,0.0011567576165172344
2024-04-10,-0.014936051593534172,-0.012255857228075762,-0.0171340184686688,-0.015436321338924142,-0.00854910305471368,0.0030772609973932497,-0.011726155447181252,-0.003620025777111957,-0.015581397974274602,-0.04107139103197466,-0.007867322280016298,-0.010012923316352507
2024-04-11,-0.007092165030606057,0.019979561084801256,-0.0020056142132324206,0.0080631597641172,0.0011282740025904126,-0.0007156460772869133,-0.004096192742834792,-0.002422481993254455,-0.0007641035531901208,0.0010640076158698886,0.008783652866859004,0.007546718969953625
2024-04-12,-0.013300469475807652,-0.016187778527301133,-0.007574631099665052,-0.016219357319138816,-0.010706016558032716,-0.016271126594674667,-0.014892783737858961,-0.010117311954166985,-0.01769711144488617,-0.010364005981980062,-0.016447080555358817,-0.01380303518657644
2024-04-15,-0.004992677622951747,-0.018985481770156687,-0.00918993823515768,-0.01665626889780225,-0.007160348459879895,-0.009362304082080497,-0.002015435161458523,-0.004088419720581604,-0.0047821348477409265,-0.01745442354651583,-0.012664235787159361,-0.012528156694058934
2024-04-16,-0.00677369716956433,0.0011909775904588304,-0.013205474860406685,-0.005684548488629981,-0.002294700270007999,-0.00871572891433603,0.00036051977964968174,0.0004105425190819023,-0.007710167020118952,-0.015304906166476506,-0.0033625673247362764,-0.0018237698460004115
2024-04-17,0.0025258752390537875,-0.014422955633513479,0.02086971290256301,-0.004850768177452447,-0.005174918259476136,-0.0028602073650340065,-0.0017305113729687571,0.0036931448035388836,0.002252185434594711,-0.00832620308991705,-0.0008746455253876295,-0.005918270721091967
2024-04-18,0.0035273754532305635,-0.011415748933038872,0.005618088828743151,-0.0062089897055432886,-0.0034679132127292123,-0.003080757622699437,-7.236321663195433e-05,0.004633498196207508,0.0003369613614956357,0.0002798780483586061,0.0048774448805830595,-0.002057668575260685
2024-04-19,0.013808752514272937,-0.02060241302369492,0.015363115439569919,-0.008758678269496056,-0.0018229312471129688,0.012041870648294983,0.0037564036634467612,0.009766710448333216,-0.0007861571264732303,0.003917081053499638,-0.010952100896523098,-0.008728372086996727
2024-04-22,0.012134558380716198,0.008933688493000469,0.009170099667939358,0.004418035284387223,0.007553827764865018,0.006528124232579646,0.003814671684296389,0.009537860859351932,0.0010118754453796175,0.008082532483207006,0.001384085977509164,0.009209223055481441
2024-04-23,0.006361925195219387,0.014826375310321493,0.004694640685255047,0.011905248196738105,0.013923103360024447,0.005544564807066221,0.013048264691940759,0.002794423010283209,-0.008647035033505168,0.009123622574036983,0.015204886347890634,0.011866553395592172
2024-04-24,-0.00024331238863184446,0.00456548793436462,0.006029746619139242,0.009563145948920049,-0.007962865273865138,0.0007283354713520929,-0.003113926660621602,0.007563557302150192,0.0006795994924910786,0.0038356328918445204,0.0006187451174342051,-0.00047458833593849725
2024-04-25,-0.0058365022844288905,-0.002171430848240119,0.002697025462037095,0.0008612065924744616,0.003030548456784965,0.004574204894333578,-0.0066734643284240835,-0.0023703710025325675,0.007131489053653128,-0.005731353085581259,-0.035625740620613966,-0.003798944568393914
2024-04-26,-0.0014676434733031929,0.01128541431175445,-0.010908539696362407,0.009005415430789698,0.0016330997843689854,-0.009210264515663535,0.0002861646527516637,-0.002112418518708581,0.006181945373806119,0.0008232743585834257,0.02757808387612659,0.009473891712670879
2024-04-29,-0.0014699940368531061,0.0043038203421919,0.013597180791142804,0.023250589212369333,0.006685286002450663,0.0067892119407715334,0.003357905194475208,0.0031751746796133684,0.008377946455362828,0.01124524978124164,-0.01160900874955062,0.003541381539986954
2024-04-30,-0.009813483379819354,-0.022024103384976734,-0.005216834382975377,-0.024333389705810005,-0.015873167555085277,-0.02977487482540575,-0.0007120232714670216,-0.0043519799147934135,-0.018167483508212068,-0.01844314736525665,-0.016670853749483183,-0.015841142360909832
2024-05-01,0.0,-0.010241133284818238,0.01153727220051226,-0.006263440565126066,-0.0024686311969213115,-0.015932510743269845,0.001781326524607163,-0.006357704677644183,0.005189926115797272,0.000552641241450269,0.009247619421217879,-0.003247139553583356
2024-05-02,0.002477685571127486,0.01441378330472598,0.005332588368176738,0.012605837041334222,0.005774545729224867,0.0057590449557820556,-0.0007111508612908102,0.00839768967169574,-0.005163129853332227,0.014360735942769987,0.010053270684061477,0.00935331726786992
2024-05-03,0.0022243178226917237,0.027859433006955037,0.007956364129064752,0.006733833152396729,0.006971883607385765,0.00010815090538329741,0.0024913071108374485,0.00304042265258353,0.010154453149498588,0.007895599143536547,0.010583418075009954,0.012395505770640192
2024-05-06,0.012823772934433375,0.011750298349955113,0.00511617322424196,0.010679591118732734,0.01010025414667104,0.007885932425028885,0.004047388174567068,0.0005272266840963269,0.006031443835929684,0.00027012536955806077,0.013589361902803576,0.010326629350695615
2024-05-07,0.0034090433945097587,-0.0032695540782116117,0.0113439103943751,-0.0071743349117013855,0.002741562490802041,-0.0009646721212303033,0.008274578849910563,0.010932455163469301,0.011879581105105563,0.01053182190026103,0.0011069086279726914,0.0011036090296081547
2024-05-08,0.003639726559255596,0.002839530438661919,0.010497313150786614,-0.0037529968281455606,0.0,-0.0011802212530348521,-0.003436967125836965,-0.0029966352495236492,-0.00460808928906542,-0.009353217067771258,-0.0015971857047116789,9.653907712281473e-05
2024-05-09,0.007495013346421109,-0.0002927487140507168,0.015226917927836592,0.006803553628347725,0.00997192044554307,0.013426372637406203,0.008586741079287918,0.00862526331389124,0.011133054738652337,0.02373886151943605,0.005045365984917671,0.005761836361708905
2024-05-10,0.003839802430791739,0.0037111250191521616,-0.0009810271628170053,-0.0053614165552110515,0.000716557662002737,-0.005511161415080457,0.0020238221655870525,0.0057008629586849935,0.0011990145504263694,-0.003689188751964334,0.0014694478264993815,0.0012881663136445898
2024-05-13,-0.004064166722190676,0.004719513018516919,0.0,-0.0012914272156282491,-0.004216964260174816,-0.002664644443573283,-0.0009752041592225869,-0.0028343780282429343,-0.0006532562240247897,0.002644923465476401,-0.0018339231448990523,0.00013427904548946046
2024-05-14,0.005040766768900307,0.008861348119702628,0.0026658758978648223,0.004553810244416701,-0.00023979705940291307,0.0012823520554923196,0.004252367626093045,-0.0019378285332039002,0.0009806983067972563,0.0071220528658741955,0.004531982014044145,0.004588156139651911
2024-05-15,0.007404004071976056,0.022511389585073704,0.014973461659394838,0.0015112007049948861,0.006553719786103862,0.0022410890395323513,0.01485498057109913,0.0006471620497128239,0.001741505245481001,0.017024693710915972,0.006340539401834766,0.012383076919844083
2024-05-16,0.0,-0.003473791221312972,-0.0034469364105813582,-0.006482241514842113,-0.0059551980669732,-0.0027683609560266165,-0.0011628195680252196,0.014230243201543757,-0.007171415005980286,-0.0018027374997094947,-0.0007267831499800925,-0.00205753019043331
2024-05-17,0.007349400510880955,-0.0022138150161038483,0.0008300090375510383,0.005118487838508656,0.001118234652078609,0.013988172063421178,0.001917602365296256,-0.002423494663393866,0.008536796867126384,0.0,0.0016975355536648085,0.0014374286500424827
2024-05-20,-0.013650299580784786,0.011755227907591648,-0.0016585288917352337,-0.0074426640294961155,0.0019150566219308107,-0.006529157476780734,-0.00211901958481564,-0.006904532848029943,0.0014105114237519256,-0.0061920830971620155,0.0029051700176214723,0.0011521851699716201
2024-05-21,0.006442460197473965,0.0016333230533243093,0.009000096907304744,0.00642717461141129,-0.003265053850303401,-0.004876038906542535,0.0017125821589414336,0.005922593205416993,0.0,-0.0007786056829123256,-0.0013276200456353582,0.002452747854082782
2024-05-22,-0.005689921861027014,0.002235859622149672,-0.011801886707114129,-0.010419690443623786,0.001198386631066084,-0.01917320358762853,0.0017775028188051767,-0.003967896459186604,-0.009752983358088052,-0.008573691289306962,0.0012086092276448746,-0.0028794506042778556
2024-05-23,-0.013829214658365174,-0.008134174470678546,-0.01694201366015824,-0.016190152730830243,-0.01181076139582693,-0.009122602305445038,-0.010920684764520683,-0.011821834687290811,-0.008863962604999887,-0.02122661245451951,-0.011347250209282511,-0.007304331304737843
2024-05-24,0.006044593444323398,0.008435136855007519,0.010029614637248052,0.010069670576616119,0.005087639767635599,0.0014249555862955177,-0.0033813580541176558,0.0026005351905424856,0.008722576136791282,0.0,0.012820412294162642,0.006616636337803294
2024-05-28,-0.011055193426749432,0.004229058496344029,-0.0009788317392792623,-0.0024495871978823525,-0.012212693669926944,0.01028765003233878,-0.012117361288476514,-0.007782105255195515,-0.003831146259934637,-0.005890032935071399,0.0016878072940804678,0.0006988249581156847
2024-05-29,-0.008019363435685989,-0.006339783107294883,-0.012879805645964693,-0.006567213792427418,-0.014153384231870514,-0.017657883368410454,-0.007780168735867621,-0.007189422760293662,-0.014284161386528327,-0.009426490606966986,-0.005295329964223439,-0.007002761087640863
2024-05-30,0.00538936563761272,-0.022819275502502845,0.013473166370683076,0.005920768994828629,0.0068483125987000015,0.0028673304105955033,0.000494370447508885,0.00263306361735105,0.00813760657857654,0.0144101804218848,-0.0032667699116050164,-0.006633568695489478
2024-05-31,0.014620083580986876,0.00157263820399689,0.017632249558681368,0.0056004595084804265,0.012128153858272928,0.024851571036466957,0.01461550213123397,0.015627122397638082,0.01205186664095792,0.01983390794512574,0.010682220135852294,0.009108165895193254
2024-06-03,-0.0062440900524787235,0.0025218109482489925,-0.011413513066788283,-0.0004547405889151479,-0.012225869168754788,-0.026180273203650017,0.007028583140092692,-0.000387929242292695,-0.005899653457206333,-0.003942197562085692,0.003963340790777536,0.0008154774862560998
2024-06-04,-0.004591571557881147,0.002088463590305345,-0.00041748222672433055,0.0010233887372790296,-0.0024589186174345246,-0.009585806752901327,0.002902422011306083,0.008666521590762422,-0.01110002169288471,0.009498611263917267,0.0038282408015086755,0.0011174510591318576
2024-06-05,0.0029131955702481616,0.022213761009530097,-0.0057057462095229106,0.005849904088063074,0.010106837337511498,-0.00011127218187256815,0.004547624563267183,-0.0021800853544757803,0.006890411246073924,-0.001306961064600376,0.012155940697556433,0.01188520345031363
2024-06-06,-0.0004840266892220946,-0.003336122396078278,-0.010356569221436684,0.007284117542437407,-0.005938347387466902,0.005229280837399486,0.0032924500668993772,0.0030845838679729454,0.0011037201800530028,0.0015702763360694316,0.0005887681660567967,-1.833396013539712e-05
2024-06-07,0.004601579809764278,0.002324502506259263,-0.010889744615808494,-0.004092225364441648,0.0010638410184033997,-0.003984587524424876,0.0010935566958918397,-0.004996788534908814,-0.010032920658020084,-0.007839072170820027,-0.0068251390347912055,-0.001216057458744313
2024-06-10,-0.0038572951177189285,0.002550965490457857,0.01286819654307636,0.0032082982052887843,0.0031063992712401234,0.007556461817155746,0.003688007691026174,-0.0007726613877178101,-0.0010024331762922278,0.0050040807228950435,0.0024881690184495042,0.0030899131908428412
2024-06-11,-0.011374691848049956,0.018598234908067335,-0.0060698123191100795,-0.002636972535708604,-0.005704492480948731,-0.001985217255389471,-0.00415041316466791,-0.000515436315588591,-0.0003343318035523568,-0.003144343404928418,0.0018909059539702344,0.0024083365749489882
2024-06-12,-0.0009789543182998628,0.02211920066300821,-0.006533368700694431,0.010407240927106987,0.0095074030355915,-0.010719481037017031,-0.00211797084616816,-0.01095945346853544,0.0018956243005241458,0.007097494527890769,-0.0021232889684222878,0.008213141447610983
2024-06-13,-0.0007353705089147011,0.007909845335416055,0.0022875875543511004,0.0007794736920920808,-0.0064140798213773165,-0.009159926595403323,-0.0008219184029191196,0.001303752604838948,-0.00033389942973982567,0.004959561392923417,-0.008629917504084261,0.002013402252837526
2024-06-14,-0.003187595328732362,0.0037474274803890317,-0.0024250215985015533,-0.00789980895496778,-0.010050551656099582,-0.0074408281550859545,-0.0003425938306823584,0.0018227927019114354,-0.009241619661573997,0.0007791170099971101,0.003219727815938045,0.000608506299482503
2024-06-17,0.00885587770400953,0.01515344465598023,-0.011009287679294988,0.017551794685718436,0.011060660622910667,0.002612293981191005,-0.0010282423835578092,0.009486644560671609,0.007417231361839249,-0.0051907826500389165,0.004754561893037357,0.007958677761535249
2024-06-18,0.006340013472841521,0.001254865146177453,0.0004337814447428201,-0.003361560675763209,0.005388172902679456,0.004191981427211555,0.0013038389665875894,0.0012872636497391898,-0.00111545179082706,0.003913508095703122,-0.005915171405724506,0.002540942155118131
2024-06-20,0.0053306968091577644,-0.011235573448144742,0.00867045599274352,0.0012717896273923834,0.0006496948810290615,0.01838869982396374,0.0032892996626947557,-0.002185691055047956,0.0010051432257986992,-0.002598870528362718,0.00428434759227958,-0.002716659090159168
2024-06-21,-0.0038563654673652303,-0.001748217703714916,-0.0058739056745023,0.008449311642665602,-0.002109961869651067,-0.005760526427792123,0.002800813825461379,0.0007730548985869223,0.00011144217181335847,0.002605642255227414,0.0065172412993093065,-0.0013404904271936413
2024-06-24,0.010275120766625179,-0.024516352600295832,0.013147515582218938,-0.004269757472394886,0.004251428097679977,0.025215039684644003,0.005832911796954221,0.010663295815546148,0.006445256781654862,0.006746505562606586,0.0033524947047069986,-0.0032507591431338856
2024-06-25,-0.007453573528827806,0.01834358616776277,-0.009463918124843818,-0.004023348847302599,-0.008531833821295631,0.0023005171623120546,-0.003127382382877686,-0.006417625697248908,-0.012696452813037329,-0.014080633154659794,0.011176391344708492,0.0038509680333531637
2024-06-26,-0.006298470657177702,-0.0011478466590325587,-0.004197940085454599,0.01449835368315,-0.0027044565002299903,-0.00983709769066654,-0.003546383386721863,-0.00206689653646841,-0.0006766818801694496,-0.001322592073336737,0.00011632198251909642,0.0012479216155774076
2024-06-27,-0.001218752102908116,0.00048624851251499734,0.001744721241262237,0.00610917426293911,0.0010683142615541819,0.0023182191283130926,-0.00164247636893744,-0.004271920559698716,-0.002822117453627815,0.009004240492163307,0.005700113736946122,0.0015764724631710525
2024-06-28,0.0034170346707658172,-0.0005302261304253042,-0.011174204683013667,-0.011114173569744645,0.000410575366031507,0.003854583363464892,-0.0008227516317294015,-0.004420160665085104,-0.0003394833988045187,0.008136479511543504,-0.00913800658658559,-0.003935092412652108
2024-07-01,0.0021892187861523027,0.007558723778419818,-0.006897719313377126,0.003399232191645618,-0.010749379130965409,0.0005484002688953549,-0.005625989203664639,-0.0070513556713920345,-0.015400253290748012,-0.00963281157993301,-0.004202771434649533,0.002058185311948124
2024-07-02,0.011650487475422855,0.005001232471497641,0.005172030189462662,0.019451440144025778,0.005474546059406338,-0.0007675712464995099,-0.0036571613590490326,0.006969908707675776,0.0018401598139488051,0.00420595486005193,0.008909852097663817,0.006729603559596509
2024-07-03,-0.0031190122860460523,0.013488844804832478,0.006027832065730987,0.006378004726443454,0.0036299119541987057,0.004389414218930465,-0.007617484096936966,-0.0016978422462964327,0.0074617874043951815,-0.001047058029608916,0.00034851990674922284,0.004462307008045618
2024-07-05,-0.00024084940249946563,0.0030581688690876074,0.001753546082138735,0.008148132909225003,-0.0036167833490841073,-0.015623342196261936,0.007746032473594733,0.012297188416274585,0.001595357712144141,0.0036686511715804393,0.0193983557406181,0.005766721071838621
2024-07-08,-0.0026478991736638147,0.006827521375173395,0.0010213861032606353,0.00047549075448305445,0.001237499380765339,-0.006104146881953265,-0.0011081293726555863,-0.0015507216684210734,0.0029579077373937945,0.002350102302454804,-0.00900177897744936,0.0011539136509408632
2024-07-09,0.007723904831044681,-0.0008104453655487509,0.0029143272265244047,0.0033264438235731664,-0.0043668136373821165,-0.00882200589216664,0.004852828547219579,-0.0025887930307889606,-0.010208708050070125,0.0002604158089289932,0.0031044875098871216,0.0009725559202733436
2024-07-10,0.003832304604265868,0.014512568400534942,0.009445096199380387,0.007525467727135915,0.00893736494158004,0.00676001630812495,0.009451491703270642,0.004412130918811652,0.013408073784257235,0.007031095813378796,0.006304360944585197,0.009895286435918749
2024-07-11,0.007874034955971387,-0.02503369154014201,0.01828115367564309,-0.012692455389747614,0.012713281474801441,0.010407150893184225,0.007039378716610978,-0.003746591988955217,0.013683128438294334,0.02663578930047583,-0.013669014693525772,-0.008622551979907467
2024-07-12,0.003314297587301507,0.008932936231006439,0.007350832467825752,0.013067294436520216,0.005750289800256381,0.0025474252400941033,0.006243620907937952,0.004409269265687632,0.009593990291043353,0.007304812188098309,-0.003233574255527838,0.00630741838079274
2024-07-15,0.014629542499621229,0.0017964256974682957,-0.02427707238645016,-0.001148882761946246,0.007167078508953706,0.015134750016990273,-0.0035072635017132647,-0.005810105643568764,-0.0025414611073123483,0.004250961890157834,0.0035917556046012322,0.002750070829395712
2024-07-16,0.011395430159542475,-0.003330302568531951,0.007766465671202427,0.017932836217360304,0.024946134867235514,0.00446188879963505,0.014281047326674345,0.009610218491887146,0.019386290914757964,0.009462298230181299,0.0026551624356148107,0.005930117330746665
2024-07-17,0.007587879320503976,-0.038896445358586496,0.0005706425656495373,-0.016692468357703327,-0.01279351808782414,0.00996744871859101,0.004537565430256407,0.012863320446710569,-0.00206485221590913,0.008879990139828209,-0.015083420854916985,-0.014020905169163655
2024-07-18,-0.012094871690412345,8.914337007381867e-05,-0.0008558786879182545,-0.010185388741999368,-0.007823065070005741,0.0018236455667821616,-0.022718233574008706,-0.0049529504927527945,-0.009909491431122297,-0.008313061040867376,-0.0005843976599622103,-0.007685167149433347
2024-07-19,-0.01016406528458369,-0.015643163708735752,0.0011423027842247802,-0.00891811738038617,-0.0054953603961179764,-0.010921868606909024,0.005097836606931416,-0.0033183344751864796,-0.008908911054294921,-0.0012326179449542174,-0.0044450243109965815,-0.006640358797656565
2024-07-22,0.005600980859889582,0.023679088388765646,0.008412913783519382,0.01102172816038749,0.01017056328254573,-0.006279041225508375,0.00574842250729235,0.0006402421039637396,0.0033292925528034534,0.009874019532968292,0.004229838930229768,0.01030978411793071
2024-07-23,0.0018564731955257319,-0.003980444299087504,-0.006221772207385512,-0.004476320429964709,-0.0019027083653662125,-0.015905866437538996,-0.0006052651164193401,-0.0035832263687929355,0.003981753988653747,-0.0017110210052480035,-0.0014040685087465254,-0.0015685624401907683
2024-07-24,-0.013666847713270314,-0.041385518000486954,0.011240794968722323,-0.04089307197558523,-0.021524935199223716,0.00011056773879891679,0.008342865932840615,-0.0008991312665567186,-0.012779464611643143,-0.013712128301727744,-0.026127739765328895,-0.02266248419924921
2024-07-25,0.0037576952826892107,-0.010700321252875455,-0.00830175519903309,-0.00391624220101594,0.008036248104785981,0.017268249688505932,-0.005004400619226246,-0.0011571696150015631,0.002789728840548955,-0.005461543680501668,-0.011549368277633643,-0.005210401360493
2024-07-26,0.015676113950324533,0.012688925745099944,0.009789959881908006,0.011185590271230561,0.017072126460981663,0.0031554882672413243,0.005633000488652229,0.010167616158056614,0.016358859843612406,0.016724676661817428,0.01874373081812153,0.011199677243803441
2024-07-29,-0.0013822722944171195,-0.004438594045808708,0.004496284346569235,0.016702207707329775,-0.0017418931796095993,-0.008569286514251484,0.0006002603830779218,0.0003820441698370036,0.0017518227916499818,0.006383721924692498,0.008841180241243807,0.0005879961354009478
2024-07-30,0.011534094006521611,-0.025125546682335576,0.005175490947238348,-0.005547775688136691,0.002934605783441624,0.015536022287853335,0.000866335565763432,-0.006749975094704097,-0.0032790751576008415,0.0073187194450079485,0.00402631930940478,-0.0050666036589327446
2024-07-31,-0.0025084088144120553,0.04235159691366608,0.012942096747068366,0.015490493068459399,0.011150689424179516,0.004201717826775697,-0.0036621013409166014,-0.0017949562687504805,0.010417884595505855,-0.0024219471063822162,0.011913328963267134,0.016254763078828338
2024-08-01,-0.014174757037170527,-0.037294437350962495,0.01799676597217137,-0.02453460604726676,-0.01853598945849333,-0.026499274439159448,0.010225030013252479,0.009248673461137003,-0.004015745926245762,0.015537915675166047,0.004079682038091059,-0.014161121936752785
2024-08-02,-0.02458252485263146,-0.02810475146744984,0.0016195858104846028,-0.036798194376631455,-0.021993766846992613,-0.025787923274338986,-0.0019845311235774377,0.008781957225970638,-0.018851297986664073,0.0007169995193674339,-0.016252514108522798,-0.01861835023491809
2024-08-05,-0.029006207562514374,-0.03331376407134801,-0.026407922942483952,-0.0282696746212463,-0.01735520365791743,-0.022058924246623812,-0.026713459047299715,-0.01968232632603062,-0.02232350501937519,-0.028905666113524964,-0.028676030456558976,-0.0291236688695361
2024-08-06,0.016160474398493108,0.013592747621097523,0.008441433373463036,0.011041015467463167,0.012023299958065614,0.006130902956416939,0.004631095289630016,0.00695002658562105,0.005112072638564946,0.02214010254724519,0.01178458479325939,0.009219499262125286
2024-08-07,0.0012050349197667565,-0.016202255793548392,0.00562652723467183,-0.017449599577194497,-0.004834053462284271,0.004023775846525579,-0.010168824254381481,0.0010223823646338115,-0.013562590801936225,-0.0072202768541779205,-0.0052832911778013525,-0.006684088328666071
2024-08-08,0.01612526970164674,0.03734666955504751,0.0010918426869619413,0.02181704691536801,0.02305281480985677,0.021527427653947884,0.022121948742870545,0.009065479683530997,0.01546745845571551,0.008484985721405325,0.01991792583152585,0.023117404878171266
2024-08-09,0.004263138086501694,0.0044942848775020305,0.0034077506160845594,0.0033379956526684573,0.00016100527860096747,0.0022420331848604924,0.004958237704887791,0.0015183453677241054,-0.0007898935100568716,0.005048020614875304,0.008521849552251881,0.004409783629055974
2024-08-12,-0.00518866152860975,0.008170023369425738,0.0017660297385677648,-0.0039578847180428145,-0.005069146690801829,0.0049212208379671996,-0.003800264706786516,-0.005053647584792209,-0.004403662536319297,-0.0059793179402074514,-0.00692415639315036,0.0005251820010057084
2024-08-13,0.008297857385103358,0.030726763486219166,0.005831429154474543,0.025050514399496127,0.010513483411710878,-0.009682812284624864,0.012114072136175658,0.004571333951773671,0.009980792898682145,0.006977691624228122,0.012999297928992126,0.0164455772325256
2024-08-14,0.012226704574714642,0.005475570871882551,-0.0006739546356258064,-0.00533705568767362,0.0040815819477304505,0.005843969387453241,0.0035710310559939895,0.004550735194587929,0.0,0.003584259433522252,-0.005716346597181898,0.003154987869075754
2024-08-15,0.009291538248016318,0.028764265375868625,-0.0001350560972926962,0.03191183426321964,0.013470443494734363,0.011955174248265088,0.006260074470842314,0.01031828590892081,0.015833660458537402,-0.0028570696035724596,0.009034474554879157,0.017140104402388667
2024-08-16,0.007364637378554972,0.0016740332140263714,0.004452769187364369,0.0023535455603012068,-0.001415618763508819,-0.0011039141891779902,0.0010475907274365426,0.002740116391364955,0.0012162131750501626,-0.0004777211968449713,0.003023339878695852,0.0022420117925041616
2024-08-19,0.005483164390002848,0.01648606375974837,0.006582578236845604,0.012286502586277726,0.006064362671102996,0.006742459186253713,0.006083652624994773,0.003353825884841566,0.004747693716206536,0.005972468938153064,0.011360940444571366,0.009561783960858827
2024-08-20,-0.0031810925664521594,-0.003510538615650316,-0.002135599009018274,-0.0009171131864457172,-0.002739912662790722,-0.02635049322578531,0.004031106848148891,0.004951473509472448,-0.0036266393780108874,0.0009498364132953796,-0.0006877907912673509,-0.0016264042721010341
2024-08-21,-0.0015956221048426533,0.005886155630558054,0.007088623339336131,0.012634174179270374,0.0060445535201638645,0.001691391169924561,0.0016836374995334857,0.006775090160076269,0.011470260954923539,0.0033215630932961204,0.0042440866800723676,0.0034364727325479905
2024-08-22,0.005707796273894061,-0.02300742550023782,-0.0011952780246274886,-0.01727532204855753,-0.0012485401787581951,0.0025892946667280814,0.0006464566204946731,-0.0014681859758631788,-0.00207165928637143,0.006147851087763945,-0.007538642468021939,-0.00784856358069419
2024-08-23,0.008626604254708292,0.016198620556654664,0.0027922838765410685,0.019315298650837143,0.010000072883257438,0.014933919173317323,0.004328757028339014,0.0028182427952272437,0.013221229475498308,0.019271543404877134,0.007020407517500216,0.010625534750716925
2024-08-26,0.003150932712545629,-0.012546909716810828,0.006496723219574507,-0.007771292938024366,-0.0010830915766935068,0.008960920693918961,-0.0005145629647927974,0.007086857819816661,0.0044213251760034655,-0.0006917281353248095,0.0022858535418366355,-0.0023839332592284768
2024-08-27,0.005160480597932171,0.006059298650759493,-0.007904204327574216,-0.0026286126883804384,0.0006195631903460619,-0.00932010064503963,0.0015445852525899362,0.0024268165570535682,0.00010749941976673227,0.0025380607946874356,-0.0022806403320559943,0.0013732414384064473
2024-08-28,0.0024553926038923812,-0.013798411073547512,0.0,-0.009681616527146164,-0.00046423300662701283,-0.00641933573830189,0.001156829959186867,-0.004236258189894815,-0.004294327285411792,-0.003452272693776237,-0.006628591424322372,-0.005805212031278817
2024-08-29,0.008906719176903888,-0.009023883359101759,0.005444660299912973,0.0011947019572924322,0.0070454524762602055,0.01303332980882188,0.0021182184829866557,-0.004983652642146952,0.005498776664177418,-0.003926098390033994,-0.0020707892902702696,8.952695103392472e-05
2024-08-30,0.009490157546768963,0.01329105504168493,0.007527427977736645,0.015081114430396392,0.01068653897860039,0.0037386443046820705,0.006917900474550098,0.007940420672493786,0.01093707119798415,0.009737988169038037,0.006686489426460662,0.009545882100868042
2024-09-03,-0.007433324283854681,-0.045931020685999524,-0.0014418789759209627,-0.013734732449918963,-0.022136006721517276,-0.024868465883570834,-0.001908380845320301,0.007029407956165468,-0.02269831111586096,0.0022963553437092,-0.018323273998254286,-0.020579015735476047
2024-09-04,0.0011014319481434942,-0.002568959699160045,0.00853246787515305,0.002601137799190134,0.001011243204661616,-0.01381877065201198,-0.0017209273867464514,0.004693745491248791,-0.004124240100186083,0.0022910007319578707,-0.004783000434097517,-0.0020468082735936033
2024-09-05,-0.01100124963274085,-0.0015262237578088644,-0.00247324278716321,0.011349395244745653,-0.011656843882925871,-0.007746650209802808,-0.01372653562007109,-0.003833313045648823,-0.007846347907128348,-0.0027429727929095815,0.0029304154064808685,-0.0024320812353558763
2024-09-06,-0.014682930938603733,-0.025937290372136435,-0.009524916042749965,-0.025276619112812537,-0.010143080619090972,-0.012514303180400366,-0.003430972127848708,-0.002044438008179106,-0.012632018387386701,0.0,-0.020920837461579134,-0.016830171296660867
2024-09-09,0.014901732041027849,0.01637891364258648,0.010143679258014737,0.014583544725725428,0.01533091979914225,0.007208490661502642,0.007015206177319877,0.007711797377025986,0.009678518036132733,0.011918534725223529,0.0042973135263555395,0.011196119760345846
2024-09-10,-0.010233534069251315,0.014956990139900705,0.004694856934462921,0.011455612769908141,0.001720995054071306,-0.017199712346888774,0.004579958462713085,-0.00023907429510094946,0.000440837141964856,0.017666818797452244,-0.00023758398533535452,0.004355612982860579
2024-09-11,-0.00472024586606179,0.03413202641750024,0.0031153486932353758,0.009990321974008953,0.0017964705027331274,-0.009278865353939292,-0.002953683217829739,-0.009328915571016005,0.0024227071281119894,-0.0026706620986948204,0.0041612615615234105,0.010258987913623452
2024-09-12,0.002258493571556386,0.008274284127251175,0.0021995647460832934,0.011266849745384278,0.007717919691830888,0.00901026060985588,0.0036063919170941094,0.006157069973498297,0.009228873629223644,0.0017852090893830663,0.01870689461443309,0.008423365394315985
2024-09-13,0.0029292572112171733,0.005015097397099266,0.014073690263740612,0.006800119415939498,0.010134701163898807,0.005639632954079543,0.002053404525858893,0.007079403064779832,0.00903539680077281,0.007128474645266447,0.009646805489738952,0.005222644664893306
2024-09-16,0.013030741531899759,-0.003810530147739799,0.00763941995378703,-0.0017145809826991654,0.005131518155926829,0.011449963473522784,0.00691602621054721,0.0039320145583199295,0.009278297036942496,0.0033178778717799506,0.010475354360528932,0.0014769167123513949
2024-09-17,0.005322645543637039,-0.0019580907258079927,-0.0007581195656154449,0.005100178913985731,0.005486007455331121,0.01351509920791738,-0.010302935608133557,-0.009494522035177755,0.0019242229568563474,-0.00793648438533412,0.0,0.000408635700938742
2024-09-18,-0.003088459593044046,-0.009125430700950732,-0.007587253724081533,-0.0019676263413717088,-0.0008336198802657568,0.0019376380636586532,-0.0016706549249366764,-0.003834135771983882,-0.0042676697186362356,-0.002888943193543936,-0.0007973676988934919,-0.002965737010842795
2024-09-19,0.011064459320461406,0.02970029536445007,-0.005861266757791639,0.022775617398345105,0.017216316716393454,0.011943902373638515,0.0036044334958849067,-0.00589372611303296,0.015107634073770138,-0.0024514260032419966,0.013567492873755693,0.017064356728375918
2024-09-20,-0.0006566473582508836,-0.004874425427568885,0.026403419205278444,-0.0022825906388601602,-0.0070084791246082245,-0.00224824226753928,-0.004104500094430197,0.004839736967941155,-0.007071961231385093,-0.0017872945438262011,0.0,-0.0017285073055404165
2024-09-23,-0.0012090078187213527,-0.00018454170673798398,0.00991940939810032,0.012150663111562654,0.006712058088210737,0.012347828905318492,-0.001958720148278248,0.005798181691460513,0.00873454226512016,0.011066230318982573,0.002245198838126683,0.0024986261292470058
2024-09-24,-0.008362676132237734,0.006844158353931151,-0.007095799178282403,0.008758283728307115,0.007183495886917468,-0.0024686561343608693,-0.0020076982482307715,-0.002406842176482904,0.013655097411075179,0.0,0.004728164924984846,0.0028613586038446215
2024-09-25,-0.005991928334405094,0.002862194454795519,0.005266034205044123,-0.003592681241641471,-0.004680492062983377,-0.019572551717485065,-0.009734660171992982,-0.002533532329284882,-0.006683403449665892,-0.004235508693993584,-0.0031372182220760214,-0.0022053672717463613
2024-09-26,0.005135032980498,0.013244012836412633,-0.006859756173785536,0.004256567528692079,0.005001140308052321,-0.01961909595211775,0.003342316692161118,0.0022979736455046584,0.02071066085800588,-0.009849780554803456,0.00561979345046848,0.003964566902395106
2024-09-27,0.002887710763854301,-0.009330087200633885,0.00992091024014119,0.0014959866672059619,0.0014111243539842722,0.02036287785706703,-0.0005224719984291415,0.0018100201604420718,-0.0017508739343150559,0.001356454974706045,0.0060354101533941495,-0.0014503999865576045
2024-09-30,0.003765116893563736,0.0029319397544937953,0.004476599678700177,-0.002340221798049491,0.004524025146764199,0.006996207560381995,0.006535187788345054,-0.00024081008512633062,-0.005571598395770261,0.008579670933669181,0.004333098618417575,0.004007205167527728
2024-10-01,-0.0052956022537258285,-0.02436215627286553,0.008046327629665617,-0.004042544692255512,0.0005168293792636725,0.022778953989610162,-0.005259080600527155,-0.003373502101574055,-0.0024901945623033717,-0.006044195887186632,0.000774241031880285,-0.008958323493068132
2024-10-02,0.0011091529190050409,0.007400346489442544,0.0004912743897942384,-0.008468487604715635,-0.0018449316336173194,0.010245037559931891,-0.0020234973340207407,-0.008462399523748387,-0.003848544934538678,-0.0036035768106671417,-0.0030949985608260677,0.00042213345413122383
2024-10-03,-0.005318157036646065,0.0041463110455854935,-0.00036810262780007097,-0.01157323949304212,-0.0051009932655750045,0.017636651397738623,-0.009025536877312557,-0.0099974894153263,-0.011068179720282512,-0.009719735421037767,-0.003437283901604693,-0.001828216978564945
2024-10-04,0.016930362525911846,0.011130436202531735,-0.001596223884873349,0.013242514732111577,0.006984965223827189,0.009315396617859406,0.0007920359945008393,0.003325180580921794,0.004856962694286704,-0.006619484487166538,0.011125966025498757,0.009087336036124993
2024-10-07,-0.012267196449712081,-0.006879971489528458,-0.022998527256407053,-0.01554205233651873,-0.0024351898133294636,0.0035415531539613188,-0.0044182603168727574,-0.00994218672747671,-0.0029421367075181948,-0.007352979500299339,-0.013424018405499338,-0.009040482792622595
2024-10-08,0.005766194586149798,0.01868251283311695,0.0005036818741246396,0.009739076085653942,0.002219276187164221,-0.02609343983505852,0.00543149359770001,0.004958900551330414,-0.004637071607335841,0.003009371751454104,0.008810848166815433,0.009457612031593898
2024-10-09,0.009261432687075022,0.011188110099060733,-0.0085557590230948,0.007157563295822289,0.008931390425710894,0.006039227320173257,0.010211514759148832,0.0060450678970156435,0.006352866600906282,0.00046151207134048633,0.00033163421022108786,0.006926469369018973
2024-10-10,-0.003058929351614781,-0.000260475475437949,-0.0030457203004874422,-0.004939330926588492,-0.005121143964159414,0.006767102432182259,-0.0037173374975392193,-0.004414577883630644,0.0023143836517149907,-0.008304412980213227,-0.00740498864839223,-0.0017501627523689445
2024-10-11,0.019285693494596634,0.0017360857879429314,0.008783133232305618,-0.004254929383291639,0.017868994266158955,0.006179416822015726,0.007331334967324077,0.005542518629124915,0.0065077751602131695,0.010234884705853542,0.006903482348942447,0.005988147264049948
2024-10-14,0.006235159821775138,0.013041125696542144,0.012618188646928763,0.004374784407058296,0.005996172060376281,-0.00043092218389484405,0.00552357198348119,0.004042293034508537,0.005735892045322322,0.0069075807957241775,0.004644594966277227,0.008178402054291656
2024-10-15,0.002136862148741425,-0.021982893783587976,0.004486283158517512,0.002177903721992447,-0.007684095742221286,-0.0322302286783579,-0.012214089977712339,0.006343603739393577,-0.0010369491110743256,0.012577206584874379,0.0022015032005111568,-0.007769661100431091
2024-10-16,0.012366704787809546,0.0031048698511042527,0.019848579935801913,0.005256060936099427,0.007743598292893283,0.004789426471813352,0.0028130984549468163,-0.000727362690297717,0.007784822824740578,0.009936715049776446,-0.0006590685905152327,0.004346329492163958
2024-10-17,0.0027379294074660887,0.0030515752919044736,-0.008879787150409602,-0.0009050406984224546,-0.0028725853784674626,0.004766775899883058,-0.005806329255003684,-0.004488716653314406,0.0015450512144434825,-0.006484876606919654,-0.00472589792060496,8.611074442255173e-05
2024-10-18,0.0002100918651986028,0.003563834855149217,0.005768266719205162,0.0039248503456534856,0.0030248195255173638,-0.0033099132354913463,0.004855975956508551,0.0021936199474992257,0.004010595439568609,0.006977564255091551,0.007398533294947551,0.003846341905922479
2024-10-21,-0.007979921641416476,0.004677154495449587,-0.0039049627047637037,-0.00776903859873912,-0.003518426064855751,-0.002988743253937498,-0.0117547026361019,-0.008389952360379649,-0.007682042410037226,-0.020563573514802425,-0.003946012128338783,-0.001642085586487707
2024-10-22,-0.0019049729589051267,-0.0010345437810116431,-0.0035524971456744048,-0.004041159719695764,-0.012105382230687134,0.002331566366061244,-0.001453836935129571,0.005640528098010078,-0.009186534696921878,0.0015976462356084298,0.001430439236197456,-0.0005311077877049319
2024-10-23,-0.0008484829347820133,-0.014325854636962232,0.009589512931686306,-0.01572320006520611,-0.0029175193766991514,-0.0052059888512988595,-0.004698485073247882,-0.0019508889284347575,-0.002708657623951116,0.009797245198486904,-0.007582427785434276,-0.009137574562133155
2024-10-24,0.0008492034694340678,0.0029331341781502207,-0.006454079834208093,0.031536523053318666,-0.006876472159879743,-0.00011128427982110001,-0.006582511072916408,-0.0013439738755551822,-0.012221982318145086,0.002256106572018579,0.003432716852682427,0.002162771484864434
2024-10-25,-0.01102869934737194,0.005194231207013678,-0.014830406864706824,0.00314715982611391,-0.002651730865951607,-0.0003340695069217192,-0.005488204576834299,-0.008319080782369648,-0.006345059236092632,-0.0078792363501905,0.0025381029090048024,-0.0003451845249530239
2024-10-28,0.012438227291303727,-0.00030392477339702406,0.007837974101665646,0.002340494361010581,0.0029542654999963336,-0.006349621357138235,0.0014805398205925968,0.0018505350155397782,0.00830136642532553,0.0031768901439384045,0.006384136422569409,0.0030913417842517443
2024-10-29,-0.006142792221436988,0.013465349107137037,-0.02135547178596442,-0.005216703604504325,-0.001325532356373671,-0.015246564727126266,-0.002755325023700128,-0.009850830395126242,-0.006438717274203087,-0.009047796265990615,0.0094061393971836,0.0016183129423537057
2024-10-30,0.00447589216608657,-0.01590080908126823,-0.0023965588267451654,-0.0013983284543255259,-0.001695817417759593,0.0022767940339609716,-0.0018867266516914283,-0.0016168671324665596,0.005418046465460069,0.003652291967380039,0.0060676743428023094,-0.0030249932513767286
2024-10-31,-0.013791724632699398,-0.032098054223905215,0.010367927969651136,-0.015303734030268523,-0.011522312150204828,0.006247258087314966,-0.00843893372982163,-0.0019930291792301658,-0.013207934876840799,-0.01751212363263399,-0.008723683270314364,-0.019603205328893702
2024-11-01,0.0034422649137135775,0.007514495615833283,-0.022274990088464786,0.016252720745318916,0.0013448108588220986,-0.006321288957391702,0.005923501203175974,0.00037458895524511426,-0.002783983125020817,-0.010648034114964289,0.003911370030326378,0.004220416590575926
2024-11-04,-0.007718673848081226,-0.0007592915619697438,-0.011903310413852064,-0.0034484765005464713,-0.0011190928956726909,0.017494015634064386,-0.00656559031431958,0.0027447597886205433,0.004402419222085063,0.011230517986342337,-0.003355071771230067,-0.0021539921792302907
2024-11-05,0.009291198491885089,0.014078858890802737,0.01502602803952846,0.01770314485078006,0.016733981646209095,0.006698636840315908,0.007358592507476613,0.00634551695008434,0.0014967028360719503,0.01365118048382219,0.011076114207164478,0.012091594447102505
2024-11-06,0.06080079932139548,0.02847201441779923,-0.01033701173513868,0.03198143076207116,0.03916215079090213,0.03759558048819467,0.0012847332829866165,-0.016320416246004665,0.013770419269579559,-0.026706211975131566,0.024594556800854317,0.0248656274903849
2024-11-07,-0.016145347504508356,0.01744153512886859,0.0018054369491393718,0.012845142749970284,-0.006009891507684162,-0.0045959249103971755,0.0072278853284479805,0.0036450062991546517,0.0038959572323242764,0.01242963989590673,0.013102912578247583,0.007732246034327872
2024-11-08,0.009025784154479188,-0.0010951664304281739,0.019178734547628418,0.014190632303937578,0.010741069064213571,0.006657467976016074,0.007175806899805348,0.012147756814122612,-0.009125320170347284,0.017141393981934483,-0.004863034636099495,0.004331879483608914
2024-11-11,0.014230389029862955,-0.005523503606096214,0.0027784351868420654,0.020174840315769327,0.007741581106164519,0.005653285178903067,-0.005859356383130843,-0.003464398611747077,-0.00434014038841557,-0.008654013348849077,0.005614511956858026,0.000952746508153357
2024-11-12,-0.0030065729960349064,0.0012718842463754765,-0.011461050676429996,-0.013350866041969889,-0.008589751999438566,-0.005303395515328768,-0.013931809604326828,0.0011174101819757531,-0.01701024134124074,-0.012634993421309693,0.004549218888255657,-0.003106332387785793
2024-11-13,0.0006031279474068008,-0.0034724461777697613,-0.0017836107027267012,0.008543734246922563,0.002112842896611511,0.007784231763165339,-0.0026490612512070077,0.0029766660051413485,0.0023793852457303366,0.00791072764445011,0.00041172161911995353,0.00048582416554676655
2024-11-14,-0.0026121102823483122,-0.0033993829868648184,-0.0034459742146032424,-0.014195517399056445,-0.0168702915007084,0.00380904980223451,-0.01573249182156189,-0.0024732096151697247,-0.008200314592293645,-0.009002639089852993,-0.0011317083925719285,-0.006430175566713103
2024-11-15,0.0046334806029728615,-0.02481552215620675,0.014984532383816251,-0.00854695937474137,-0.005362313156272447,-0.001475647901523991,-0.018544275111274988,-0.00880145927356113,-0.006962605721474668,0.0011644833154884626,-0.01998149165279639,-0.012808663965106049
2024-11-18,0.003007857148861648,0.0032354322806207314,0.008706661464652932,0.009229783432623151,-0.0013658932259762446,0.013300883327856727,0.0007051298473657042,0.007003619972133057,0.007778346540876502,0.008841551162686034,0.00987907039019742,0.004097350532788813
2024-11-19,-0.006597425900267906,0.008193479724418085,0.006379720029373814,0.0007428590197178231,-0.0008637664379151921,-0.006354738869697618,-0.005143000710285173,0.001366173267834725,-0.0032612484438301337,0.00415129513233814,0.006556439899246813,0.00365552745244746
2024-11-20,-0.003018831922489862,-0.0008646239708764991,0.0004970594552677898,-0.0044070204085032705,0.0010805851711557235,0.010064815743581201,0.011826465558564703,-0.00508501791722249,0.008179797461316918,-0.001607826972030102,0.006410273957933921,0.00033882283447983497
2024-11-21,0.01271705896183728,0.010167556306721615,0.01739371778738219,0.0017706401376982317,0.012522584900329425,0.008096427256435224,0.008048646169381612,0.010845252637545322,0.01222410558815401,0.00667116535880341,-0.0025683216437258904,0.005368359040285542
2024-11-22,0.011162077253885183,0.0005139047789843865,-0.0053731717419381875,0.014418611383081759,0.013931210178630193,0.0015444524281265082,0.0009025776433571053,0.00924885703353362,0.005557339014030216,0.007541187879636091,-0.0021629966518788013,0.003099306879028596
2024-11-25,0.006505091145726727,-4.283089938550422e-05,0.001841654167137552,0.010224620081610958,0.006238958679922302,-0.019738671621622017,0.008532273680927682,0.005498791975740547,0.010309232555118397,0.013381717627117817,0.0051611134867839414,0.003392035003947358
2024-11-26,0.001958350709904133,0.0050088559482359685,0.01593143288167176,0.003630792169962538,0.0011844837527894558,-0.0013635697378304723,0.005364700179768311,0.004131544328803027,-0.007468879392667271,0.004923968808608903,0.0036968031277406777,0.005221597596096306
2024-11-27,0.0019546762320514777,-0.013545701144947686,0.0,-0.0049291909692712466,-0.003687902446758873,-0.0010501236388112956,0.005336288982029647,0.002057320841401422,-0.0005299177875179861,0.006904072881577239,0.0013300552816675193,-0.003030127243096703
2024-11-29,0.0015606750548269321,0.009283907124314705,0.0003618496523882797,0.01027104163043191,0.005657006629548489,0.004310236351645624,0.0031303982188106705,0.005072573085442178,0.005090158875644235,-0.004644860858894262,0.005415397708411707,0.006212147107364174
2024-12-02,-0.009933714188033127,0.009498158570082627,-0.021464010529970712,0.008726880900584488,-0.0073614629844012125,-0.010572539964368133,-0.0017637644162236121,-0.00120163710924448,-0.0006331827534330481,-0.015111066065548462,0.008231645285223355,0.001792218141985602
2024-12-03,-0.007475899300815714,0.0036024720213190253,-0.00862592835668341,-0.0007581384934894908,-0.00629682462379022,-0.00010573890216925008,-0.002242595895081023,-0.005173304050141381,-0.003167253585181662,-0.00586646199699703,0.0080638115987679,0.00046406309271884716
2024-12-04,-0.003766182329323464,0.018285525523070056,-0.00012428978157585924,0.0092828251980559,0.004365219354720784,-0.024124408492448124,-0.0005449270144942675,-0.0027813347679708222,-0.009743677333866718,-0.002723653385665603,0.002299643000162721,0.00620941913036277
2024-12-05,0.0029845955053411366,-0.005059506551062354,0.0031081292032761887,0.008180368867239274,-0.012127553164041793,0.003903125104322447,-0.011176236890125701,0.004001804181873236,-0.013155078121112274,-0.00250321670952236,-0.0022943667756673003,-0.0016457157748664963
2024-12-06,-0.0001985001194186875,0.0038763224191882273,-0.012393299054411333,0.021052653736562066,-0.0025547444041216227,-0.016956451530766636,-0.005651224265691535,-0.004952349417513879,-0.003901588352429708,-0.0013690190092550125,0.00919896132194209,0.0018956671802545788
2024-12-09,-0.013690365554495432,-0.006518720301150194,-0.012548518472866088,-0.0031788107656611775,-0.008679536926808118,-0.0016478704004699862,0.002910958829432264,-0.001577911299737833,-0.0002175943757688481,0.002056251146924426,-0.02130197629751518,-0.005149618902517306
2024-12-10,-0.00020113770484697646,-0.01387560798203602,-0.00724368383805396,0.0016375714094147842,-0.002440036564096526,-0.006823043302252252,-0.004146504611412749,0.0047416040192358455,-0.010229676394376774,-0.016187962405524114,0.01569148032516443,-0.00310917266864974
2024-12-11,0.002012018188335407,0.01449456604050714,-0.006272563033305145,0.017552965881558746,-0.002302201629283296,0.0016621977018589362,-0.01360162585916913,-0.0076234937377752665,-0.0035184317945953225,-0.002549327631029885,0.016346146532345562,0.007730773625350462
2024-12-12,-0.004417661962319297,-0.005597838484806328,-0.0005152190522799138,-0.008286775857047957,-0.006417561989082499,-0.008075367721140037,-0.007950108080566176,0.0029265771684465758,-0.006951201928996342,-0.0006969797325333538,0.001863369642821855,-0.005152688195033672
2024-12-13,-0.0008068974520342165,0.004285176997440798,0.0006445624896460611,0.003964819438347478,-0.0026127772474693334,-0.005018217994647189,-0.00014167756951799504,-0.002553343409813058,-0.008555519970839032,-0.004184889288361582,-0.011942107897754406,-0.00019859475098160662
2024-12-16,-0.0018166888147534976,0.009997786682068854,-0.007985691399223893,0.013546209827042244,0.0008731314327770079,-0.021968239571396375,-0.011915767779205222,-0.0052411152817271045,-0.008853655033749797,-0.005136654005426844,0.003863592302254748,0.004270015185904974
2024-12-17,-0.007077785441971796,-0.006047125886404658,-0.004154708791424988,0.003142271661852103,-0.00916033674062755,-0.007449110537628978,-0.000717709724582849,-0.00171557798310229,-0.00554049743831686,-0.004459162243294457,-0.00750017099114153,-0.004119931319041759
2024-12-18,-0.02993880529487003,-0.03225256053819325,-0.023598536340426635,-0.045065357862716815,-0.028248334908323236,-0.029557643663511768,-0.013576671105289373,-0.015220264946334328,-0.02842530711777258,-0.03913249395098528,-0.028537469681043648,-0.029803582795307815
2024-12-19,0.0035690745354934883,0.0010764454147380587,0.004540124851024396,-0.0013558033434436512,-0.001283638879035598,-0.008685463882904476,-0.0075735636771367965,-0.0071046408268610195,-0.010766415391857964,-0.017173585410407366,-0.002763461823561242,-0.00030716992546553357
2024-12-20,0.014853460425060971,0.014925322659319118,0.015951159313980945,0.0025401497646209137,0.01171848230536221,0.009841714949156533,0.01262112690834516,0.003514946957067222,0.012421718784795477,0.018222598938720358,0.005439774083928484,0.012011115211756573
2024-12-23,0.0024015592891966087,0.010595337225784318,0.0034033917253517565,0.0030331116206989694,-0.000225397590254528,0.00587240510830167,0.009986923026416683,-0.005268758291049225,-0.0007753385217923459,0.004559518769982507,0.005465432192685693,0.005988234505162948
2024-12-24,0.01177211944559442,0.010333100937530926,0.005522208657618766,0.023126965481560458,0.00781254654253849,0.008459433280443518,0.004108333322047075,0.006589128265199085,0.005407234853305409,0.006659861132707112,0.009466522226356355,0.011115176177002306
2024-12-26,0.0024493164617684915,0.0006651652722937662,-0.0023536634326800643,-0.003710513514851188,0.0007453986613654706,-0.0008271561043488029,0.0020096249333318994,0.003147065361550405,-0.0015198691940216946,0.0014703961742597027,-0.00131076688164522,6.655014698475625e-05
2024-12-27,-0.007330551984733535,-0.013294974002579618,-0.0028832780504399746,-0.016524005977507028,-0.007448318739721627,-0.0001182359759467344,-0.004656088620823229,-0.004894119756095772,-0.005386432308709277,-0.008074324536329613,-0.008885168502000051,-0.010526539115531808
2024-12-30,-0.009640873057156552,-0.012716376255315742,-0.0042061855670103565,-0.016061634944314895,-0.010055521067199424,-0.00011806090865307262,-0.012306694299382914,-0.011727652715998627,-0.013421200920029075,-0.00468680325775972,-0.010493221113613616,-0.011411681658586303
2024-12-31,0.0010356846156511779,-0.008316678663980226,-0.0009239600410900772,-0.007520468436693406,-0.0012128181761709156,0.013128240440853034,0.002404534349537135,0.0030625332611609046,0.004057205302845368,0.007930586807012086,-0.0032945635702833487,-0.0036379652702070997
2025-01-02,-0.0024832489869800467,-0.0023652850581210583,0.007662763995568644,-0.013149016911123357,-0.003491101061716795,0.011674170541929652,0.00029083890461523154,-0.0030531827873223616,-0.011052976319512964,-0.009343447979034969,0.004854925085745254,-0.002457066638973049
2025-01-03,0.007882294095954867,0.01629515290975303,0.010620180459547823,0.02023482845018787,0.010814838132723548,0.009346783965863192,0.009810313232895718,-0.0005103040608110954,-0.00024022934548528774,0.01365103185910499,0.006167701536547998,0.012503475553182541
2025-01-06,-0.003086910414322186,0.012725295143411364,-0.011157128990562426,0.003940143422971998,-0.002185121629845299,-0.0045731857759173655,0.0004317254537145043,-0.010468448850221468,0.00673152720067538,-0.013712011357318477,0.010829619905138976,0.00576051594844551
2025-01-07,-0.00227078684072779,-0.02006273189640695,-0.0024928452773822496,-0.019358804546784514,-0.0009817593089240795,0.009992187865763391,0.004963319735701077,-0.0034835638370419586,-0.0005970756594342319,-0.007447919925956614,-0.011117803864776121,-0.011304100584961563
2025-01-08,0.0033104874103644377,-0.00034202077504841277,-0.00026296144163118207,0.002832903708582135,0.003930543819845367,0.0010234355841827192,0.0051533426560383955,0.0018125534120136955,0.005495927918200305,0.004252077499853346,-0.005927983816288229,0.0014612562511233662
2025-01-10,-0.02412871221091406,-0.02180593739042902,-0.005657250610311526,-0.009820184437233648,-0.011218035774830937,0.004089375341969292,-0.005625384998646177,-0.013440013489553149,-0.010218756694165165,-0.02415950324564753,-0.014908575489477105,-0.015267752597332707
2025-01-13,0.007185071276896382,-0.00708107094613486,-0.011643296247629387,0.005660768837010499,0.011725979165970957,0.02104326318249128,0.013033471128227836,0.0017028235536291625,0.022329057545001696,0.012761709919797637,0.0004174941901426976,0.0015504685444753807
2025-01-14,0.012379357499951338,0.002641231919025433,0.01311920871252581,-0.001936375575031124,0.01181618088253944,0.010747875196547518,-0.010320879134503858,0.00026154348643081526,0.012447060564105605,0.008568753987331146,-0.003338559691867138,0.001376048829127452
2025-01-15,0.02549237537979976,0.019889371566597758,0.014666898268628215,0.02544670349348621,0.006322403848244784,0.014799363295637358,0.004071427780450554,-0.00339907253122107,0.00951055789940991,0.004247626650249803,0.01643455468053001,0.018189981207548556
2025-01-16,0.006669252809671011,-0.007705836217304363,0.0252637195365073,-0.0054118268394901525,0.012122274436468405,0.007237888700310835,0.003983732646087423,0.00747724852080256,0.008272035461881488,0.02239359964071963,-0.005664160878134927,-0.0019231528367921191
2025-01-17,0.008431990874376627,0.015661562598574097,0.0013970924396198292,0.014023556227626743,0.005988258557039883,0.007721829321828855,-0.006731270470711759,0.005729129636090402,0.0064950575273459155,-0.00024323351949051553,0.008700100460341309,0.010039902527342326
2025-01-21,0.008361486893196934,0.008329467602015805,0.015347685828376312,0.007329095739553093,0.02054464753084151,-0.005108411359012188,0.016550110248422678,0.004660851630892138,0.012792780422487882,0.01825719510835344,0.009035782573067364,0.009153507061779642
2025-01-22,-0.00473824062738637,0.022578917554568978,-0.02161143409052546,-0.0037678828375955487,-0.002347558314806486,-0.01818573274128754,-0.0022456655961613503,-0.00489675925930666,-0.00804826785887014,-0.017451793808538674,0.009972475985249751,0.005621565726746214
2025-01-23,0.005752721733204291,0.0017814820362020978,0.004724067889132488,0.006042667264621215,0.010124806607745285,0.004576149262622176,0.013363339995728696,0.0036259422141218245,0.005521851671535849,0.008029237861052696,0.0026198119670399755,0.005457860338953013
2025-01-24,0.0029585951347734785,-0.01042108553403931,0.010166636752012348,-0.0060927761670804825,-0.004235089158154182,-0.009652950474923316,0.0015963007818906583,0.005161247113126155,-0.0025775717932037256,0.002896396093579501,0.009044265573930454,-0.0029191658173143287
2025-01-27,0.011012767696904291,-0.04901793053413417,-0.023147717858181593,0.0056954602592553805,-0.013397644259768082,-0.010404088734917605,0.022451709292359956,0.027086013888335536,0.0005617667524697723,0.009867568568799445,0.00517870512492169,-0.014145371801854822
2025-01-28,-0.0017505349573513351,0.026673073775536515,-0.013779744085492429,0.0012104378217729916,-0.006610188901644332,-0.009517445672345914,-0.006980722406172424,-0.015623127692650729,-0.0032566468730031994,-0.012154295748895039,0.004854826176029725,0.008592366591027911
2025-01-29,-0.0007794981199757967,-0.008132060793783258,0.0020893097624217205,-0.0028496968556657176,-0.003399292856210212,0.002234639865039245,-0.0058694206997090825,0.0024124200331632206,-0.0018026382067555247,-0.011580187320246904,0.004437046558815272,-0.004482877969565591
2025-01-30,0.009555426188745164,0.0018554661167060615,0.020849432853020655,0.009786085819265544,0.011176344258578386,0.005128158517929249,0.011533677799479003,0.009879684365602381,0.009480874883053048,0.01318021929308899,0.0009817224715709116,0.005367069831162752
2025-01-31,-0.005794816022108296,-0.005857855308859072,-0.005871703467046907,-0.004416870634201264,-0.007033426409232657,-0.027950331483376334,-0.0031898779273583644,-0.009406856393835317,-0.0072674797254999035,-0.0021682072790326634,0.004020764134847976,-0.005321960616874288
2025-02-03,-0.004080097523949555,-0.013474242219745691,0.005393056218021108,-0.013223140385856813,-0.009902719451647557,0.00627563642167428,0.0038808757314758857,0.00392519055679208,0.0010136248246899182,-0.0016900370631668382,0.0021487876919772386,-0.00672940829499491
2025-02-04,-0.002341155552551877,0.014404925853579886,-0.008812407593631222,0.01178534751029292,0.00029208942817904315,0.020977510630189045,-0.0027129509286517584,-0.00844999086625442,0.002925254930393084,0.0,0.008966888750775004,0.006708161004193025
2025-02-05,0.010559273972102101,0.013897249682719215,0.010050402643218437,-0.011346021456246524,0.0007298401104280927,0.002110007475439879,0.009589371975531336,0.006232380638574231,-0.0007852207410223855,0.01571958830826481,-0.00966007310836603,0.004054666589586642
2025-02-06,0.008320441631105568,0.0027328877737595736,-0.0011481071398933285,0.003970829875124204,0.0045215724743279395,-0.01839731525217614,-0.00895934863809611,0.004550778992718829,0.0034803401386429567,0.0028571834764055115,0.004292010346826913,0.003475607608185882
2025-02-07,-0.005565049872678363,-0.008559412259896093,-0.0020435157123709358,-0.019558290002587686,-0.002976578551316389,-0.00011298642709933748,-0.0046900537798936215,-0.0015101209864472054,-0.012195029896422405,-0.0035612802607971616,-0.002136758423184726,-0.009153558359977665
2025-02-10,-0.007912048532009108,0.014603587998542,0.010877847659449102,0.003413404369773998,0.008956508299028831,0.022019048306704425,-0.0008877397905379114,0.00617524492937771,0.005096736609992547,0.001429565129381194,0.004477258995794875,0.006791202782944872
2025-02-11,0.00252874442447637,0.00046560822566710236,0.0050640626731996985,-0.011354259603544747,0.00036092031988133044,0.008065392111582081,-0.0018456689771335633,0.009644300380408088,0.005859917006021176,0.00547220861154174,0.0016474046734542558,0.0007606805235433889
2025-02-12,-0.0034924660183033307,-0.002158020420046758,-0.0017634263923745896,-0.00017863752119895437,-0.006204669853496325,-0.02411217851567493,-0.0014378291696375278,-0.00074433309969546,-0.007169986008604412,-0.008518625989523465,0.0010641040408527758,-0.003221875648369399
2025-02-13,0.0066200425830258425,0.014163332120889827,0.002271196040153134,0.015017418370961488,0.0010164291480361243,0.007524745329328342,0.003908927645372318,0.01080067232997961,0.017377545883195955,0.007876031009845574,0.011499727801770998,0.010557623348566247
2025-02-14,0.0019341954005207551,0.003386902223309507,-0.004154640825713818,-0.00044037114741590777,-0.002465642105011545,0.004012793396202641,-0.010861495738198723,-0.009948336067733488,-0.003438437900154745,-0.004025623088108943,0.006114473329394521,-4.899288490622933e-05
2025-02-18,0.00714282809297484,0.009126237043183938,0.009355271384910102,-0.0027753835170087893,0.007851697617448972,0.013656127655499839,-0.0019336785043191362,0.003597511525102126,0.012687777571328551,0.0035663604486995126,-0.004652980221736436,0.0029355321056407924
2025-02-19,0.00038339893814876014,8.256215471580397e-05,0.005260462205891825,-0.0005742194707500925,0.0010098646604126404,0.007886083350908235,0.013008377628810797,0.008034801744913889,-0.011759472829633189,0.0018952805965628539,0.0011449713660829364,0.002355067670029909
2025-02-20,-0.015328659707133263,-0.0031794927200046175,-0.00012465030041908243,-0.00861912873806292,-0.006557554135399601,0.0091284284374884,0.005601149067751665,-0.003924115025493946,-0.002335402664582098,0.00685740731896467,-0.00466945935700025,-0.004160320690117292
2025-02-21,-0.012453767528863069,-0.02709094642856802,0.00024933168010710105,-0.026305273924366768,-0.02190639508776626,-0.020783979752271087,-0.005366039935497335,0.011695028228030813,-0.01828113468858561,-0.008219788667349182,-0.013690690819538553,-0.0171040640568626
2025-02-24,0.004335007724173279,-0.014305745240499768,-0.004983111890315084,-0.003754679906197045,-0.004523875065488792,0.00022002004881049864,0.008126866903090724,0.003042234826224899,-0.0011354869191853023,0.004499052761075317,0.0019413009226776357,-0.004550503094750802
2025-02-25,-0.00019625096365039063,-0.012958287549343028,-0.005008167221685955,-0.00523985714736197,0.005140348830568353,-0.014403529248715574,0.008603006034452187,0.014193929170445818,0.007729856596744078,0.010608189179688532,-0.014822715768459949,-0.004973131977917045
2025-02-26,-0.002158571894469108,0.01089660527359082,0.0041525495559495695,-0.004112111311950883,0.0005929830227058286,-0.0056894232599736805,-0.00718630791992636,-0.019138785960459925,-0.000451240894761451,-0.004898623526423784,-0.0017700145151272606,0.0005048990709795032
2025-02-27,0.0055063838484521455,-0.036406871220353354,-0.022180514556286557,-0.014428839842759777,-0.003481264317610866,0.005385327770802251,-0.004059229128901998,-0.00012185583631862951,-0.006771049324063694,0.004453986479472816,-0.009654173183811232,-0.015961979068096488
2025-02-28,0.020535994625327625,0.013208109472344853,0.015250679664588374,0.016617335875402706,0.013379579450384371,0.015511692840598723,0.011615162384216449,0.013294262436472915,0.008521644937136141,0.007001125720339063,0.014622427220470913,0.01560552188516362
2025-03-03,-0.008432262499347698,-0.03041714605841206,0.0013884508117383287,-0.018429462296685628,-0.014230060070866801,-0.03494503378745739,0.00436461053613546,0.005296065326959587,-0.02005405174645547,0.008574822360105427,-0.009999953550214213,-0.017519912848197983
2025-03-04,-0.03517601352889954,-0.0007775519410256893,-0.016261176488750806,-0.017643120734136652,-0.019495421867196883,-0.009678856518231083,-0.009292635521963466,-0.017001921147340338,-0.013566328814019757,-0.011489056068656245,-0.00792246093553206,-0.011836837733235739
2025-03-05,0.005809189011174221,0.014050358246660899,-0.007047734132076489,0.015222864409013326,0.01578505578481515,-0.014602875780663993,0.010054630072186654,0.00414124207874722,0.026107213063280454,0.009297977760865495,0.012876899421745858,0.010747880933537068
2025-03-06,-0.016530414111162295,-0.02775651390111078,-0.020776847271884225,-0.025353544050786936,-0.008591763942403907,0.003033880807255418,-0.0027390994440300576,0.0018195261145319552,-0.005224823624108588,-0.027406599664326903,-0.017936312175908853,-0.017751366236871347
2025-03-07,-0.00526540040341783,0.014483450924354768,0.018582032652184388,-0.0018441702741139876,0.011680621329042573,0.017101029900208564,6.693194657603208e-05,0.0032691025175328736,0.0027402541643739564,0.005683148864357168,0.006422419504438892,0.005605112789569766
2025-03-10,-0.02239406685934331,-0.042509439421073214,0.010997476533822326,-0.035688426798747175,-0.01564253005715255,0.007434575153551393,-0.010785182972141816,-0.002172364061780563,-0.020838019559137777,-0.009653907359817526,-0.02492778396782791,-0.026635625916893613
2025-03-11,-0.008538076671348427,-0.0040621905657026725,-0.009342072494490705,-0.009781646895371532,-0.015361356538184268,-0.007947422038074858,-0.010902559264704514,-0.0146347143318315,-0.0076751979081990385,-0.010461171537640479,-0.014725477076864113,-0.008312772881163277
2025-03-12,0.0014702157575630093,0.015738972405543228,-0.003100515571152873,0.00580480115870996,-7.68422542051228e-05,0.004577713185101917,-0.009995940854410468,-0.021725748241541942,-0.004687883702163997,-0.0036039668862554164,0.0049820137389495756,0.0053064547293955044
2025-03-13,-0.005452971637985304,-0.018990849802464904,0.002462157417517208,-0.02495822212514942,-0.010222179621756422,-0.006835279827064666,-0.00532497106029306,-0.004642263498293775,-0.0007063698170680643,-0.01953239299644738,-0.02055150204230005,-0.013330576127879135
2025-03-14,0.023196971044469272,0.03024169236015628,0.019519146443148117,0.021287641991492467,0.018248425715335692,0.02959400477158214,0.007647950397417169,0.0022689287322872342,0.013078788962266774,0.01942950182432468,0.018346661355440386,0.020655846459250116
2025-03-17,0.011747695789636525,0.006964630162159979,0.0041841396544333165,0.001575961856396857,0.013802860160007313,0.01593127891732915,0.012695724126187136,0.014589227846073305,0.012561207670160002,0.017611498627718047,0.007144317349648599,0.0077113559743353655
2025-03-18,-0.0012222828683625675,-0.015225370244456249,-0.006944509294004697,-0.01781632590633464,-0.007973549623289666,0.0016448758165215072,0.00047671760510215044,-0.011404423048429702,-0.0017230346784946615,-0.006163972167450571,-0.013981662437941522,-0.010808443576004967
2025-03-19,0.01101361020118996,0.013009626595524182,0.0036872381579098334,0.019173182651532672,0.013269702277120432,0.01631271149583502,0.0005449566290240959,0.0,0.0033367454523134388,0.001192661366098191,0.01188609741070401,0.010890711945239495
2025-03-20,0.0014121622562863756,-0.007119185081552404,0.004053795525864601,-0.0023833340098009526,-0.005013781323914723,0.0036626661881613565,0.0006126623493938332,-0.00489033858578658,-0.006307351469281741,-0.0011912406194336533,-0.002163799554227075,-0.0028916373947500684
2025-03-21,-0.0036259852451943075,0.0027181037917054507,-0.00643476159916645,0.0036088717547506644,-0.005339966607519564,-0.0069764616802908686,-0.002788953392564464,-0.00037782856383938856,-0.00992510831580351,-0.00978066445080461,0.007848019985061017,0.00032994078344317224
2025-03-24,0.017633585118868256,0.018938678946683885,-0.0003196207772692139,0.03748947890910137,0.018544301438404798,0.011393794004247448,0.007635044937445823,0.006184003827335305,0.01355095083442337,0.013916629586997908,0.014160633769174646,0.01790851112775793
2025-03-25,0.005583111116002959,0.003308373102479001,-0.015990795211125786,0.0079788385586963,0.0014896420010703793,0.004092663512213157,-0.012775938204471649,-0.00906805996612603,-0.00023115275028462445,-0.01195612845727867,0.012665976402052692,0.0024037380720982604
2025-03-26,-0.00297438481808876,-0.02230372413156423,0.006630291516214193,-0.013063286455890721,-0.0066178019934094445,0.005899467620431587,-0.003648310786468434,0.015505798770589552,0.0018492885761940414,0.005082340977965449,-0.008505175269204912,-0.011938330665084096
2025-03-27,-0.0019888130137718507,-0.009228001351320403,-0.00025812086379417565,0.0006397406885390033,-0.005314356874514425,-0.009703655360098429,0.0015890407061271983,0.01138923444337836,-0.00046155883298759637,-0.002407846859674101,-0.004440369418853729,-0.0026556743979063713
2025-03-28,-0.019330433369385336,-0.024254233460326624,0.0073632914490153745,-0.031077869871413033,-0.020618449665703364,-0.004737749505361766,-0.0031041724907562296,-0.004949747339651256,-0.018351650708618106,-0.00048277016074815826,-0.029498364830430668,-0.020138109148505667
2025-03-31,0.012192577846338981,0.0004844984685217213,0.011156606972968053,0.0021315498232468144,0.007068724992352893,0.011035352306756563,0.0103099482430149,0.015669680284483123,0.010934613475441335,0.010625496537626677,0.007416099435022305,0.006712719394482924
2025-04-01,-0.0012045475474365963,0.0073131430233972505,0.0025365266649761686,0.010432484665272135,0.0056456840907808115,0.005885494137251035,-0.018286391211250086,0.001469142497542153,0.0037218064128512474,0.0007168401488333309,0.0006220968179522224,0.0028243574234689817
2025-04-02,0.008241275055172359,0.007404096375360547,0.004680621690769771,0.01899554389470315,0.0094075749396354,0.001382968086941938,0.006697388104613289,-0.0029341676184033716,0.008227115544320318,0.004775542740570238,0.003522836410094543,0.006328417375800033
2025-04-03,-0.04924247796087111,-0.06824786450445675,-0.006295804162707808,-0.06040036236442792,-0.054115014067000033,-0.07850849092500478,-0.008108128268053072,0.005763141106005065,-0.04516719380705314,-0.029942916082145943,-0.04460502479389594,-0.04928073526793275
2025-04-04,-0.07318089649825976,-0.06587103111191628,-0.05562581872715422,-0.04313463555941144,-0.0628525474571745,-0.09199899457448768,-0.054845246129191505,-0.043403973437264876,-0.06259026294116943,-0.045566020848971545,-0.05727867859121594,-0.058543043984177645
2025-04-07,-0.002488757760823357,0.005976966794451144,-0.015295863486383787,-0.0118167238083291,-0.004663428023458205,-0.006475302706278385,-0.0059873479610521585,-0.011598264516621715,-0.016050303710890224,-0.024127289704495958,0.0013757019222540023,-0.0017811294100512631
2025-04-08,-0.0038557861566573814,-0.020331508813821175,-0.004087854878999875,-0.023750294435537334,-0.008263036893365938,-0.023131098727189547,-0.011080721241057523,-0.015473770849780744,-0.030797321475878214,-0.024723808187227636,-0.013966851910233391,-0.015662774064562512
2025-04-09,0.07536433394992348,0.13425702001708673,0.03940349269869525,0.10888056564646753,0.08881640993764583,0.07744639904909545,0.04346521435000672,0.03876869555794271,0.08738382170758441,0.05744344614929964,0.08835469155614128,0.10501940080127703
2025-04-10,-0.02794822052178647,-0.046551695030731643,-0.007502863128825532,-0.03907131229081018,-0.025796840972527324,-0.0653230241605468,-0.027889966797845944,0.0005043860282183399,-0.03194654940179675,-0.021168136502658585,-0.03456357927540088,-0.04381929909840909
2025-04-11,0.01655396886977023,0.02047654987477432,0.012201505339317187,0.009686017378325085,0.017653355946608107,0.024811592088578083,0.014678646147925134,0.012602398341887033,0.02967499344593838,0.01406971612190766,0.008508235052507862,0.01784296820655662
2025-04-14,0.01028514124630231,0.009125155075892621,0.017950800819086288,0.002899088694228169,0.010424050194129508,0.0035493502442118796,0.012201325112573436,0.01705046666162291,0.012049749335766746,0.022096673830434677,0.006683492063088048,0.009701426975740057
2025-04-15,0.002545005457705196,0.0036470997140534145,-0.0001288826141622179,-0.007200367825862974,-0.0049613915263532204,-0.001515698549697908,-0.006135387252617974,-0.008443511987033747,-0.007855483485141201,0.001508383797141244,0.00250334505595462,-0.0028009570003554307
2025-04-16,-0.015654853291514947,-0.03474536572308107,-0.00901115384935991,-0.02466911448891984,-0.013692118072325954,0.008222580245781375,-0.010167773301038574,-0.010736823788358718,-0.007794229557679833,-0.0005019373863595078,-0.02692440853234168,-0.022227880060647576
2025-04-17,0.0025790845035300602,-0.0054148599635919226,0.010262401448920544,0.006296084684283665,0.005456593837235957,0.022584687602901887,-0.00586983936802965,0.021332455084890123,0.006857850384546227,0.01582106775757719,0.006470980037033058,0.001426718914772973
2025-04-21,-0.02143627732696851,-0.025821899010434968,-0.023659545104193658,-0.026699098122053178,-0.022426259144900373,-0.026134940966672238,-0.021551347969543055,-0.009527351744329837,-0.01523212035706345,-0.020766410222688103,-0.022503029476835357,-0.023802645293661384
2025-04-22,0.03307775350198927,0.024377275244521934,0.027262046633107717,0.03164323036801853,0.017470822742007508,0.025450433593577015,0.018782603211241256,0.01418178713338647,0.02339016088768653,0.02044952133557576,0.02608305572244074,0.026017769552206582
2025-04-23,0.011874504985117662,0.028993130535786227,0.0042305532034483395,0.02234637703917497,0.01251704271447518,-0.0018429940209153672,0.004960604147508096,-0.0057150761797364336,0.0012288547137391248,0.0012369357527335367,0.016025602071665146,0.01549547679367791
2025-04-24,0.011106463483426365,0.03731549801542022,0.0015319388482595286,0.01991394442491745,0.0224264458375123,0.016002041550911006,0.01223013488041036,-0.008805041769350153,0.021600454831148364,0.0029651357457760597,0.020015195037377254,0.021048917134121048
2025-04-25,-0.00476692231237863,0.014798348078854051,-0.003058989887114283,0.017979275878318823,-7.75003878022984e-05,-0.0018174122390424152,0.004803925253148433,-0.0025911048377128543,-0.0074484100031394496,-0.001478184854138087,0.006292066758276649,0.007225320685248393
2025-04-28,0.003123742507255667,-0.0016308388922352535,0.006137256869820362,0.0003542905458546741,0.0033330753792346623,0.007039820503877969,0.003984093907911657,-0.003339949428087352,0.0018155226382281509,0.006168385073854088,0.0038151728604784996,0.00038131807369912174
2025-04-29,0.010379889025535771,0.004660517752790749,0.007751895199290093,0.007082599744670626,0.006489567833023457,-0.0028926554406795146,0.004906162095021482,0.008315829658508855,0.008336307183170355,0.008092136740452949,0.007284697499586379,0.006299374906016286
2025-04-30,0.0018491026197644533,0.00416062859703259,-0.005044165701166947,-0.009092363697953965,0.00721517377163261,-0.026955263707114763,0.008544062075098502,0.007262537312896278,0.005152254051507432,0.004621774100281639,0.00031435777388599817,0.0003969200081936908
2025-05-01,-0.00020504120754283317,0.014668772509155215,0.0029149368872376513,0.0055256935806708984,0.0075446112754848915,0.0037267402628737845,-0.027265712852197255,-0.008676732454568348,-0.00441066657384126,0.002905449247919245,0.0051341138553888666,0.007086787382727833
2025-05-02,0.020718033803334368,0.016709610472553038,0.007835230144604743,0.015528130061821077,0.017925936817750454,0.014604059889778975,0.013831922471456926,0.0054241586150343135,0.01688225778345509,0.012312890999589099,0.015532103965415489,0.014844223315300997
2025-05-05,-0.006430786532196753,-0.005308946994653785,-0.002507703519458837,-0.010623999099098391,0.0005200899277530979,-0.018053311484538703,-0.0028151691674564994,-0.0008583976808936855,-0.007417780277563235,-0.0011923908823692209,0.00236106655152013,-0.0057342225403400615
2025-05-06,-0.005663603762537495,-0.008307811163731804,0.01219352401251772,-0.008730963336572972,-0.008763248491256759,0.00024837710047864725,-0.02758072109402321,-0.0017178827995483203,-0.007236105281136163,-0.006924522711947656,-0.00020500237517262487,-0.008358380396707554
2025-05-07,0.005899235715054463,0.010015370040465488,0.002856486908479283,0.0077955057136880335,0.00509455094905209,0.0003728178826505335,0.007667553765023483,0.001597977383369864,-0.005496350911119996,-0.000721225721821761,-0.0018436546290658828,0.004205310841347565
2025-05-08,0.008291036258868845,0.009545423220274074,-0.008049546260785578,0.011803706660187485,0.013790679859242427,0.013159554340971269,-0.009012880581493077,-0.0012272373439816686,0.013336456637003113,-0.004812312437471156,0.0023602602142980267,0.006968037783841474
2025-05-09,0.0,-0.0012392557695419804,0.0017477022959493382,0.00481533084572594,0.0008089786715514968,0.010047672239215322,-0.010884236974797568,-0.005775277559071146,0.0026083579472524487,0.006044213710673096,-0.0051188081832750365,-0.0012744205372551276
2025-05-12,0.020256802903794835,0.04641547466332718,-0.0059818929250613495,0.0497010836360563,0.03078376749040168,0.02608273554865259,0.024721216886073094,0.0014830399323064736,0.02317896877097758,0.0009614593281745965,0.020786176209468987,0.03304758799016372
2025-05-13,0.004128334929873523,0.021607304305556685,-0.0013792320971099947,0.013225347746690819,0.006985176513356395,0.014069440345886086,-0.030082568125243236,-0.013451817723806991,-0.004970030731833441,-0.01344539807550571,0.009778168382688746,0.006603869472230128
2025-05-14,-0.00274088253419269,0.006491415660571764,-0.004394139283765752,0.003855516139667836,-0.0048132515459134995,-0.0060626796222800206,-0.023507778593085615,-0.0053789983622823945,-0.009176356312316059,-0.00851785190467702,0.005191257189689047,0.001278190178289007
2025-05-15,0.006674429310959296,0.0013666623246186838,0.021311562745368384,-0.0022211247366652476,0.01109529868018333,0.004222891568506748,0.01312418626865175,0.020500613084166286,0.010199210655934321,0.01840947356013256,0.003972568878139127,0.0048842697138213875
2025-05-16,0.006045281470200337,0.0018767434732571697,0.014693195760815403,0.00946063293714694,0.011395674616303753,-0.0015185025050983292,0.020159306288849876,0.011461539412067623,0.01021249088566889,0.012533103458998385,0.006825589264382259,0.0063340096153452485
2025-05-19,0.0005814559334085256,-0.0014474705045751657,0.0042586679555414175,-0.00234297434770514,0.003407892872676843,-0.012985400725714191,0.009617392955473258,0.0029243492962081064,0.002527155598696762,0.002142140297677786,0.000982506320133858,0.0010939252169079872
2025-05-20,-0.005424195083366334,-0.003751886555150241,0.0029082423002622093,-0.005203548963877869,-0.003604243297490428,-0.00924510817137536,0.0024561798225006815,0.0035233493591664278,-0.0017186968359247379,-0.0052254862384557565,-0.0024538928783746083,-0.0033621574384226083
2025-05-21,-0.020451797885496226,-0.018787144994649063,-0.018243371200828085,-0.02027493968093097,-0.016904225743690326,-0.018423180467677103,-0.023162523422281978,-0.011622340087448557,-0.01331500485352799,-0.026504276472044674,-0.007478008233749001,-0.016850962127172964
2025-05-22,-0.0011932049847631632,0.00026167806200350086,-0.014275201124765213,0.004299447947126556,-0.0002125941055267644,-0.0039001198899251133,-0.007828100116503589,-0.004164487237173886,-0.0010470242602251822,-0.0034340001961169486,-0.0021809678159843138,0.0003948366143946558
2025-05-23,-0.003583504333853238,-0.011031685110199585,0.01198499073899173,-0.008985685758001627,-0.003255531996017136,0.003181278945363797,-0.0016086934208286996,0.0036899598599486882,-0.0019796742412029333,0.0002462849488436003,-0.004570284747205555,-0.006825881184165827
2025-05-27,0.017582447283180702,0.02376441811946961,0.007525249204226814,0.02952772782936819,0.01760983774960767,0.008659517856773213,0.013963656374550215,0.009068451712630488,0.01750282912795975,0.016486152797614784,0.0162689345367093,0.020790560959966786
2025-05-28,-0.006675816367309295,-0.00413433019907139,-0.013958624589228252,-0.009175890164733302,-0.0049542811548876076,-0.012696410319164797,-0.0051453515787619475,-0.00680097958958259,-0.01364671616714308,0.0,-0.00019630238111523202,-0.005785438936066978
2025-05-29,0.00513922785646681,0.0016865236112642013,0.006953971722260421,0.000418669924804993,0.0009115587938028913,0.007470794488410704,0.006692989197037091,0.004035142491240817,0.0037205080022151282,0.009198796152182664,-0.008054998584306583,0.003947532195898162
2025-05-30,0.002163362786154366,-0.0031084111967276673,0.010235589261400335,-0.005442510131005718,0.0006305044230889845,-0.008874255191962832,0.0021156324982176677,0.008768966922009236,0.00011567663505629433,0.0009594231350202875,0.004159248566771412,-0.001118549295088922
2025-06-02,0.00039237863989538546,0.008834582351315623,0.0031739672798067886,0.0023386065261004063,-0.00126032282109112,0.013123947081244536,0.000602971885774295,0.0006036175304713343,0.005906964962715033,0.0014377075763667424,0.004930864489817832,0.005632907541234244
2025-06-03,0.001961733688246925,0.015024685093084633,0.002676945635682104,0.005319663006992492,0.007711788623717908,0.011864419310877672,0.002335798578539716,-0.0009654149960430791,0.01024760497845878,-0.0035893470618474366,-0.0028459356879939612,0.005702690256559784
2025-06-04,-0.005677493471027084,0.001480287022721738,-0.01747573448214823,-0.0026458284962380674,0.0005567260367567162,-0.019502225847540133,0.0019544121378762824,-0.007004711410943276,0.0037609671887359752,0.003122037050761417,0.0063970899703573725,-0.00026845053556867615
2025-06-05,-0.0027565327307743637,-0.0028294166942851584,-0.0016058503516016565,-0.02522457045960025,-0.0006953586454228056,-0.000976123020534625,-0.0013504512993134377,-0.009608548716229182,-0.00590423432461562,-0.00023927725684924628,0.0013690370439705113,-0.004832886576524031
2025-06-06,0.012438339574682544,0.009443965406178645,0.004453867351931207,0.012986517080275428,0.008419036335253871,0.01881013245851726,0.009541179597544192,0.0031932031387549298,0.002627055271434253,0.0028734445758931138,0.012792955899502134,0.010269106845499198
2025-06-09,-0.005460158866206877,0.004908437582869185,-0.006404718781190311,0.008012318733054746,-0.0008969039645294608,0.0019181693895804486,-0.0017117795530683377,-0.0013467224052858828,0.00672143437090611,-0.000477677877010918,-0.0028926666766725395,0.000901188259490926
2025-06-10,0.0011765175750506618,0.005594402633936957,0.002355178313721673,0.011969854340652786,-0.004350864766356932,0.017829412266580302,0.011405074211473742,0.002206435456101552,0.006223649727596703,0.008839171258966827,0.01266800774813781,0.005669725381956647
2025-06-11,-0.001175135008060546,-0.002200447731185773,0.000618466272005902,-0.007900822656738415,0.00048549415509113736,0.014460356934029583,0.0005161098356232241,-0.003424708790639497,-0.009896389272027406,-0.00544654133357525,-0.0022917992691178224,-0.0028520606578084085
2025-06-12,0.0,0.009278601413675647,0.012112221335170759,-0.004703822187454576,-0.002634583211794772,0.0034766786973878805,0.007808325433077634,0.005891049306338658,0.0042026688916299015,0.005476368601521342,-0.008135671662279242,0.003974342333478376
2025-06-13,-0.020392183703813904,-0.014016611445086813,-0.0057393799436930015,-0.009218117405440207,-0.008410844839950804,0.01743857479792088,-0.004970240131353942,-0.012201077643378966,-0.01165036368196637,-0.008051240843619412,-0.010132112930322013,-0.011180176183248514
2025-06-16,0.011409038641344349,0.01618097239753502,-0.004912826545847904,0.010767959055613785,0.006869885893493688,-0.002951169142628718,-0.0030853905468446463,0.0032115454150787315,0.008468825667969027,0.0009548425536396454,0.017157343644297773,0.009514377421167675
2025-06-17,-0.0057390613734852325,-0.007077030059740141,-0.00826959944873884,-0.01724142896744396,-0.007519291214034274,0.009335138421710631,-0.016505770036501333,-0.008495491265876787,-0.009759490084031985,-0.0040541859795496515,-0.008817238410262274,-0.00854528474827998
2025-06-18,-0.0003980019127922674,0.0012017277885050248,0.002613593378372636,0.00047534983601238423,-0.0023850220052563653,-0.006541788042811247,-0.0017232170302089456,-0.0012418128290921926,-0.002865031591046785,0.0019156297172620018,0.00048342552813274153,-0.00015056814553315867
2025-06-20,0.0027876644898141567,-0.0044286237823621954,0.002730875369062691,0.0011880296583406391,0.0011249952580141276,0.010217890601145196,-0.004803341300071429,0.0073355796274012786,-0.006780916411262439,-0.00023887692442248198,-0.006088772298791678,-0.0023485936531058016
2025-06-23,0.012592555771200775,0.01140160011139657,0.01267708578839466,0.019821007129667167,0.01354106823268908,-0.025288403387260683,0.0014397106743875288,0.01158229261632382,0.011142001384325084,0.014593917387665023,0.01266194054020553,0.009877654126371649
2025-06-24,0.014954902872827525,0.01795129884606106,0.004308261096202415,0.0055503313551978906,0.008341490252146366,-0.013018566703934087,0.01225777401549255,-0.0008600046679912987,0.008281440671522144,0.004754978794933695,0.01289832758834164,0.01104709374165358
2025-06-25,-0.0032960411381023347,0.008534213909802801,-0.0133595334346851,-0.01178154571865564,-0.008823856568061283,-0.004357538886941681,0.0008969580946840416,-0.013402187784498754,-0.009582413944153712,-0.024372811533346472,-0.00019006855462222472,0.0005604505055525344
2025-06-26,0.007391675379355256,0.006897906759995465,0.008323008643513985,0.00919962756589765,0.010849980339409093,0.014312690466432576,0.0023898993475779395,-0.000872437483619759,0.011057362405057392,-0.00630600726992625,0.011595798517521239,0.00782367222564262
2025-06-27,0.0028962592403347642,-0.0011948761209523706,0.0019712140719352345,0.01665038532042651,0.009976381913288312,-0.005247714818778171,-0.0021606101760239804,0.004740001193215937,0.0012531349391808888,0.0036611129031931533,0.011744801906228508,0.004968425624821915
2025-06-30,0.00827875706245873,0.009809730041582698,0.004057612485424356,-0.005764164774718972,0.004973242787197574,-0.005744566820870212,0.0064213283527485565,0.005214187105650581,-0.0009103025405828857,0.007295708035019555,0.007893726013445512,0.004781079152404333
2025-07-01,0.005537519617288211,-0.008924624457312569,0.0034288047642179187,0.004279235790003,0.0033214735470190604,0.007664160213619153,0.01424448263859368,0.012473830675817643,0.025851323153969208,0.0067601164277737436,-0.007094745975834593,-0.00032361685086557124
2025-07-02,-0.0007595515166459732,0.010558924024116179,-0.008664841488795427,0.008017903831371909,0.0010135160182207503,0.017201069803549407,-0.009875048094241556,0.0029275076492232266,0.014986633445250863,0.0019184114886654502,-0.002876787220549515,0.004533304513562708
2025-07-03,0.010832407006790667,0.013169278453305955,0.007509369938152988,0.005454375294820846,0.008504247064212267,0.0011503393324556743,0.0010343318340224616,-0.0004865573047586613,-0.0006561868230072765,0.0004787790105700296,0.005490997547877408,0.007881428001803137
2025-07-07,-0.00958831238389779,-0.007938950636614317,0.002077442415413966,-0.012702903788000763,-0.003480008312134908,-0.009651801845045105,-0.008413337320642644,-0.000851842070312081,-0.009631186270866454,-0.007655570961754954,-0.009626075221705,-0.007452075252634249
2025-07-08,-0.008921727949068092,0.005374380107753485,-0.010608563790372671,-0.003388296067920571,-0.0002686277739736287,0.026917260853940972,0.0045400756921936125,-0.009255828557371837,0.00817769756151665,-0.0014465349091066226,-0.002056168733629238,-0.0005477000385931685
2025-07-09,0.003639132719124305,0.0060087247614797334,0.009366510838436648,0.0059266283285754895,0.006986406461008787,-0.005084253586402632,0.0038526254861073195,-0.00651510819991441,0.006028728937021777,-0.00048265449683748685,0.0026222616375386476,0.005996687665528189
2025-07-10,0.005916046011539056,-0.0032966992433904885,0.008180734521491262,0.011052724729044172,0.005603756568690388,0.007608578541425048,0.006126128603668235,0.0035882099096491427,0.005338747439707747,0.005072225815230258,-0.0033626820869512297,0.002820223048327186
2025-07-11,-0.010434531960416438,-0.004397225180141295,-0.0014534147934508468,0.0002711197265545806,-0.003582413609644619,0.004507924044365952,-0.008289611489449178,-0.0036987330188751333,-0.008128211284998965,-0.0009612805744315667,-0.006466699711157542,-0.003515339984414667
2025-07-14,0.007477080992142282,-0.000820810689496021,0.0040023991567568196,0.003703118045672582,0.005392837257612193,-0.010995083864347222,-0.0011833176556759195,0.0008661867175259186,-0.005572569624228585,0.006735723455905118,0.00981048020436126,0.0019081606779420834
2025-07-15,-0.017126528751534975,0.008879669941966206,-0.009543307766915032,-0.01430809112603737,-0.007482905471170365,-0.014407410213729599,-0.017996032615200552,-0.010014620428716592,-0.02054722785272678,-0.012903241623571815,-0.00990193468436762,-0.004273228812600283
2025-07-16,0.006969938115163776,0.0031017922404641407,0.00048780315172480826,0.0018258795187657828,0.00353614833096616,-0.008632556599736385,0.012443422225625556,0.0034968650720672567,0.0026923511657661603,0.010893323399801425,0.003019145061968098,0.003343222494186504
2025-07-17,0.009613534698485138,0.0090835549981787,0.004144974391826706,0.0034173195807234436,0.009241409314920457,0.006153583094334225,-0.01139666869276168,0.009458569453580923,0.007048640477790746,-0.0009578275231965083,0.0034804377525214925,0.006119571230611909
2025-07-18,0.0005713831263665092,-0.0006510175674857566,0.016753663114388306,0.008854785291881218,-0.0022398168968268406,-0.008077645034076153,-0.0066306554257192785,-0.0027123977691017043,0.002333015325646004,0.0028762375090389813,-0.00459320469589064,-0.0007322815495487411
2025-07-21,-0.0028549892413481937,0.0013030009236596474,0.0032237566934525397,0.004726091301976432,-0.005281850032235358,-0.010353559296842452,-0.00568856789446559,-0.00012368781621696634,0.0050987820131198625,0.0038239846572802882,0.013372213949312206,0.0018961202137257605
2025-07-22,0.005535331205931637,-0.009263800107477183,0.012259128193726765,0.010124508117228315,0.002389407085024997,0.0047019630168469995,0.018613187658351515,0.00914957112536574,0.013784752295259883,0.017380937146396436,0.0023232028022301954,0.00014305906725886608
2025-07-23,0.007972667409433143,0.0057185448031698005,-0.007524962340610952,0.00474543942900052,0.017944663958809226,0.01567809870952308,0.020519719095898115,0.00036755251048647963,0.003372098024662984,0.0028084377623964762,0.0054700534413878454,0.008507648925420108
2025-07-24,-0.0005649614882883292,0.00422598158369647,-0.0013032781607910104,-0.016552686762262514,-0.0016912209726681615,0.007142125672774391,-0.003742500814032934,-0.0035517341749043974,-0.010299328335432123,-0.0014001941705727994,0.0016597557665827267,0.00033097372704604666
2025-07-25,0.006971918812413769,0.002295519330293816,0.0026096787424350065,0.009290869777914601,0.00990418977630858,-0.0037746528046473937,0.005303371732222395,0.0017206621513501386,0.01183058287407257,0.0,-0.009297578994005629,0.004224296491786017
2025-07-28,-0.006923647702744562,0.007977217051239993,-0.01064833045268121,0.0058255698958289415,-0.003097070905652366,0.011366322443132848,-0.008719103536738104,-0.010306720394624214,-0.014506936156445271,-0.01729373649510435,-0.005389363920391466,-0.0002511098453120697
2025-07-29,-0.00508752765178877,3.810321720099097e-05,0.011480566990856422,-0.006897097028334076,-0.011390872597697332,0.009762680633928156,-0.006356892066754716,0.006570743960097936,-0.003844846195911522,0.016646757263600653,-0.008594878033536202,-0.0026375098876267877
2025-07-30,-0.001894027075746152,0.00223394832448065,0.007448561487001237,-0.006321811736057614,-0.004909922858379323,-0.014277568562709675,-0.0017852422209208019,-0.008867980432961109,-0.020180810881892053,-0.014035064399071984,0.003109647317539821,-0.0012592830860781445
2025-07-31,-0.0062618927520204926,-0.007329599956234278,0.00539839396468067,-0.007930079385534583,6.578729959394458e-05,-0.005360374413296842,-0.02802004926121482,-0.008574714803036843,-0.012605487261090786,-0.01755641666047969,0.009018368247726505,-0.003751215188565138
2025-08-01,-0.018521915736201655,-0.021580140295110573,0.0015175348599123506,-0.02411603195803924,-0.014933242992740903,-0.018576006675461998,0.005367019298010645,0.004763073857866784,-0.011512742240348373,-0.0028976745511329893,-0.012010064451703828,-0.01639040048295315
2025-08-04,0.009921997519500625,0.02030569252852832,0.017715495124064118,0.01175442761326595,0.009216082823158,-0.002219688802369002,0.014336837783177181,0.004865308741543117,0.013261149794727478,0.008476486116075543,0.01922345301306594,0.01519969400008514
2025-08-05,-0.004045315413258477,-0.008273361520962363,-0.010650402072009735,0.0012807301561557072,-0.0020514864916277853,0.0012879418208830984,-0.003834227468938356,-0.0009930950593082244,0.0070558091428822856,0.0033621525509552885,-0.007766270630886196,-0.00507016565076468
2025-08-06,0.004835551607228483,0.011263912715408608,-0.008913129755082294,0.02078473547121784,0.0007957794277746455,-0.009238694173535844,-0.015018998865422795,0.014291028938493211,-0.010848685947230319,-0.008377168673401547,0.0038204172808717907,0.00765976730668827
2025-08-07,-0.01116465133329525,0.0009124600478014333,0.010862050647009625,-0.0003132447260894011,-0.0014574787512029452,-0.0038951172857831784,-0.011493255397930002,0.007596021172023626,0.004341432542275037,0.003861922897559378,-0.004269985875235194,-0.0008375656453195601
2025-08-08,0.00934410714487699,0.009989110330551387,-0.004274992341329664,0.00174575763547824,0.0007962047164977726,0.006398853874285182,0.008914020274589873,0.0029184436581628503,0.005005127074026117,-0.008175003019678662,0.003356027086163227,0.007797641558588975
2025-08-11,-0.0003857459151502818,-0.006769012677059982,-0.003132857053159799,0.002591911893549126,-0.003248787660652619,-0.00800653157348652,0.0009988388230306455,-0.0008487436682895755,-0.0022637754773658925,-0.005818305731641993,0.005110082022293128,-0.0019774600430153555
2025-08-12,0.01215505002318884,0.01548533236881755,0.004306656508657136,0.010607940331851973,0.010376342096281466,0.004866410200047966,0.006907679583284754,0.0026696101073353518,0.01304602244236297,0.0017070455756149627,0.019134830032435213,0.01064585806164664
2025-08-13,0.005718686440424614,0.00037287727316459574,0.0022022197437012725,0.013716177678369856,0.003818379134279626,0.011575616604070138,0.016007187625109776,0.0,0.018812948948733643,0.006572357022560205,0.007800389735698632,0.003423258482342151
2025-08-14,0.004738400760740502,-0.0021616533938678684,-0.006938767366417187,-0.0011311729811559479,-0.008853530313157165,-0.0009340601144113281,0.005026707733565949,-0.008955698061349548,-0.010441880298384776,-0.007013201083907794,0.000810079950462228,9.295674690901201e-05
2025-08-15,-0.010375406947304544,-0.007582176917003025,-0.0029115597625929412,-0.0023956478617329635,-0.004565556758315603,0.0,0.016796088588777458,0.0015875402031630959,0.0,0.006575847233441623,0.002517961770943211,-0.0023411604144276676
2025-08-18,0.0007624472185296938,0.002145131870362471,-0.004321335932118919,0.004016814102254296,0.003921801896095811,-0.005960660157870223,-0.0023493683536480736,-0.0013410564213066634,-0.005775846455570166,-0.00943636189340602,-0.006099750624132594,-0.00021777244270015927
2025-08-19,0.0019047765219137869,-0.017463507759875596,0.009736043728393762,-0.00047831855480795493,0.0021849239124371866,0.0003526098633637176,0.006402286808464996,0.010255033752355702,0.006032879204683761,0.01783095567337023,-0.005595644914199838,-0.0054251093907775605
2025-08-20,0.0051330602457200225,-0.0067654712840945486,0.00104549887952321,-0.009876020551114362,-0.0009250186555810336,0.008345179172615014,0.0054110367212603094,0.005679911233324342,0.0007772687621119267,0.003839869660162032,-0.0029952007933726765,-0.0026570072365471598
2025-08-21,-0.0032154001569635327,-0.003617457820035641,-0.006846890268285888,-0.005932013738660591,-0.0035709405425470298,0.006877106454295623,-0.0033456734044200465,-0.009012429790757115,0.002995979098830537,-0.003586125309197552,-0.0010922377977009567,-0.00401188295279864
2025-08-22,0.016508606298470507,0.0135568064730478,0.005375054293940584,0.030367381407600202,0.01632606506424339,0.020375102767600906,0.008245946870027332,0.0,0.01980312553553154,0.015835058620961018,0.014398862284302094,0.01535690781484722
2025-08-25,-0.005786908226551701,-0.0022482820200449005,-0.011273778361837739,-0.002016272408139397,-0.009990830082416191,0.0026095213970311892,-0.014257835236100913,-0.017097111563254663,-0.005532670490457692,-0.004959896104641759,0.0016171099954054302,-0.004401019577044973
2025-08-26,0.0076981147885166745,0.004583088992138773,0.0022334509333563624,0.004599453388138164,0.010289523657290411,-0.0015841965995546659,0.0062407825662520455,-0.006538223729673942,0.0027271936082893244,-0.0028483405037503795,-0.004394971631933031,0.004186869919697411
2025-08-27,0.002049476738864797,0.005398665332551289,0.00023454713776605018,0.0002140457857950917,-0.00013067045446180092,0.011220658566345021,-0.000583742196427206,0.0029802196295678485,0.0025022414786415315,0.004284574180283496,0.0017117551820526877,0.0022785491312995454
2025-08-28,0.0013016235647025365,0.007903126808602945,-0.0076220060296664505,0.0017112104149377139,0.0017630202120628713,0.007621550660848797,-0.003942589602299762,-0.00631424623958543,0.0,-0.002607180230850603,0.0037773517031467474,0.003541412018451817
2025-08-29,0.002599863086346854,-0.015344737215864934,-0.0036630073967174326,-0.010292541880355777,-0.00919045610975433,0.005450542442079209,0.007329881420289119,0.0064789302877534816,0.0014106153504926944,0.005465908057209035,-0.00197123951920275,-0.005963861991750918
2025-09-02,-0.007408764319568939,-0.010097293240904692,-0.003320545502113137,-0.007465317038419572,-0.009538835948452173,0.0014381716733447014,0.0009458876143624284,-0.0016092574576062058,-0.0074772715257567235,-0.01701733547665918,-0.001705692632994693,-0.007410144659136142
2025-09-03,-0.0016793149615172975,0.005966217647562999,-0.002498869494606648,0.004043396988311132,-0.005047757267474973,-0.02242590720479687,-0.004725081644390672,-0.0007440435681113078,-0.0067692328570301274,-0.0026448874065501116,0.01672654965735454,0.005419573443143255
2025-09-04,0.010467194761971221,0.0049359048399804095,-0.0011928341640576878,0.018273095311022614,0.011281748003921788,0.006667361896615764,0.003798033908222642,0.0006204493368624497,0.003847382219072104,0.006750337683371299,0.009021829733992126,0.008357508586952056
2025-09-05,-0.01831301054493817,0.0008377273526858353,-0.0031052037873108285,-0.0002126514675795388,-0.003696695113351467,-0.01930845268845771,0.0034197909783808544,0.002852277796727698,0.007008381032166389,0.010057377988734295,0.005347064508310906,-0.002896237702497917
2025-09-08,0.0007536834682724258,0.007494488488556161,-0.010183335553726192,0.00387053049970576,0.0022527278189921063,-0.002289264268232838,-0.00036240715357271913,-0.0037098063109174406,0.0008699295642580207,-0.006638312140724967,0.0011335084788495209,0.0024565604769708482
2025-09-09,0.004330726178744859,0.0019257131590939558,0.0068990438212297445,-0.0013981772225463152,-0.006742891157112463,0.004818657245857505,0.005368138234514985,0.0019859891757896264,-0.016297213091315155,-0.000477219480274349,0.00566099089611094,0.00231180914368867
2025-09-10,-0.003374589288190122,0.018127657016141274,0.017189575810160118,-0.011964824384529504,0.007387648219199239,0.01746962875770075,-0.009091581230283863,-0.00978574850879832,0.0018775716545453847,-0.00047763578109183413,-0.007361121601947462,0.002890944333292511
2025-09-11,0.01636560895304373,0.0033685889752523845,0.005317872684111435,0.019452896248864704,0.009513631542166001,0.00022442180705462,0.017403303487104615,0.008131032654977277,0.02094592274222351,0.01624473727377107,0.015355046657043347,0.008310057760350764
2025-09-12,-0.004256912697225168,-0.000664122072608686,0.00505467151963801,0.005181141081743501,-0.007984333361722218,-0.005946284838588944,-0.011522968376923903,-0.0033502512883055724,-0.010042182080261752,-0.004466444983264317,0.008334648770350617,-0.00033452068106376576
2025-09-15,-0.0022303708464068706,0.009007733647328653,0.002339162727781341,0.008674476034273404,0.004618177283641334,-0.0033859705405556717,-0.00854402913373864,-0.011454175147977752,-0.008071382282682116,-0.0011806977214425807,0.014060587899049182,0.005324008789658441
2025-09-16,-0.002235500853368544,-0.003475769508004656,-0.018203036166689945,0.006148701272524759,-0.0029550864613479,0.016760890975225706,0.0,0.004534049016473807,-0.003079074423992245,-0.005910000625984235,-0.004033603298397304,-0.001376746850532462
2025-09-17,0.009708754015026688,-0.0034512870354174163,0.002495899739747509,-0.0025187400661267345,-0.0045446096521828405,0.002339106675759872,0.0019719274718001945,0.006017981196168032,0.002316288351851048,-0.0004757047567378603,0.0026155490339019316,-0.0012425426118721772
2025-09-18,0.0009246348791789316,0.01727890087745121,0.0007113254994246532,-0.004512244711408542,0.01065233021385148,-0.003111443276590742,0.0019679334684366,-0.00872388623993714,0.0,0.0007137559033678631,0.0007574516935198172,0.004672370490589994
2025-09-19,0.0022167731469224794,0.010140584056844704,0.0063972859706118435,0.0037841644429474908,0.002422279875316402,-0.01326501654981005,-0.0013093788751131763,-0.0020115095213257828,-0.00044009678367729066,-0.004992821558255756,0.00412037815985844,0.004952836886322753
2025-09-22,-0.0013315492701079235,0.014711166608391668,0.009693989883207799,-0.0032577238677850007,0.0033446412812672133,-0.0011506512373167244,-0.0002561352013901175,-0.01114916476338046,-0.0003428758413992483,0.003298511365347645,-0.0034874354310112654,0.004731085603675522
2025-09-23,-0.004444510863195972,-0.008632308260953958,0.005164253789373241,-0.009409629459530278,0.00026135961120798967,0.017223685289949886,0.002268932590452799,0.005002373925003578,-0.00320911477917607,0.007919310290122272,-0.0014336806333722363,-0.0054435731762725315
2025-09-24,-0.002790022942311343,-0.006173702727002017,0.007122898815797196,0.00706130468775501,-0.005161961897530154,0.013007370729702705,-0.004016350705016936,0.0021697806116236507,-0.012211305338767131,-0.010238028855881876,-0.008276353138357284,-0.0031815654135318727
2025-09-25,-0.0026114318602321607,-0.0017594860756033892,-0.009623304596123261,-0.014106934733428167,-0.006765235149015281,0.008966149953912428,-0.016570177736643044,-0.009551754455999428,-0.013036723323389898,-0.0024055695709298552,-0.0034062709396863733,-0.004613352256078174
2025-09-26,0.00729371922271671,0.003021625501606673,0.016272687943609032,0.014774390614384458,0.008993472663387347,0.009215610629090154,0.010214015347696836,0.0024433114199675643,0.011614693791595077,0.009886674851260713,0.009741033108658481,0.0057290096317264005
2025-09-29,0.0050130177015936805,0.005343582745211739,0.0028797996586200636,0.004380247378124036,0.0030803873564908546,-0.018371628192883627,0.0029518897066975747,0.001923913131426369,0.0038271138418199957,0.001910191898212954,0.0032157520710593968,0.002810340950996748
2025-09-30,-0.004803263568540106,0.005457809168927019,0.0017230255064502042,-0.004651942708733481,0.0077098025609501075,-0.01063121706737602,0.024061904921655053,0.003328678348097469,0.004933781744400623,0.004051570465396281,-0.0015183341067545042,0.0037668930601342243
2025-10-01,-0.008910400924677653,0.00979218722943731,0.00963188158700512,0.006259443388097363,-0.0027879577311437087,0.0,0.030897473013267174,-0.001531177938795425,-0.01048867401444109,0.0,-0.014023851740921911,0.0034076065490575846
2025-10-02,-0.0007491669775238075,0.005410637608705526,-0.0018170700009431107,-0.007215721313365342,0.002600802097454613,-0.010073841601204392,-0.0019516751950571232,-0.00396165040403218,0.011614788475501792,-0.0052219255616950955,-0.002227754871898635,0.0011516391661055003
2025-10-03,0.006935442348950049,-0.005032052716477664,0.01160542888956062,-0.006432750112882801,0.0013618092508800306,0.005314327400917973,0.011383577820160973,0.00115464418554323,0.0016720811148518422,0.0040562168272024746,-0.0005151942642013241,-1.4657797132167083e-05
2025-10-06,-0.000372390195924277,0.010115112278402671,0.009672618982430325,0.00857642873470188,0.004662909929721515,0.004948804188138034,-0.00483359763346447,-0.007304811636600017,-0.0008901847111765226,-0.009980960017898943,0.001031051940200589,0.0035861425551588777
2025-10-07,0.001303527664101356,-0.006675987431881358,0.0045671851655035844,-0.017507241628856196,-0.005672550785512209,0.0015669209610251755,0.0007631872035906984,0.009295198248333358,-0.004009917015739162,-0.0031205596419840997,-0.0038624623764249577,-0.0037074427188158454
2025-10-08,-0.004835494242546257,0.0175371576443768,0.006875216543018592,0.002969824380421038,0.008687188664335821,-0.005810712606819646,0.0019412840076966642,-0.004988596085882979,0.005367908653035602,-0.005056524133560614,-0.0041357357644995485,0.005963018112918661
2025-10-09,-0.0035506171114835228,-0.0016856419520688837,-0.0025330308040429905,-0.0049914998856197546,-0.014782564308126633,-0.013600077225243035,-0.0022142964087865646,0.0032138300709498857,-0.013681812396151183,-0.004598273536189357,-0.005710261098741398,-0.002897019428214409
2025-10-10,-0.021755449072830224,-0.040695910919449574,-0.004085279730582592,-0.02750616536289663,-0.022115002188436095,-0.02894258733849575,-0.014425349910154428,0.0007686766318213412,-0.020525539973117457,-0.010940867156774225,-0.018447648026868935,-0.027027784753554496
2025-10-13,0.00958582269755337,0.024354183275877128,0.0076496409518758135,0.02233885220519438,0.010407108796457898,0.013611705118105943,-0.0011260090472228201,-0.003329005141381458,0.015889432920858093,0.005653837611594437,0.009219834680285643,0.015343957982341339
2025-10-14,0.011014131749733869,-0.012834438557507877,0.008911852087064132,0.002095253185889545,0.011752213403813716,-0.00011559056665388923,0.002747428021958598,0.01605862915834777,0.009973898228504252,0.009533210243261259,0.00658815067463947,-0.0012216094893441332
2025-10-15,0.0,0.009910802559294885,0.013086216633333203,0.0014507919585684537,-0.004176309590305016,-0.0005789228025860904,0.0015456794643411431,0.001770194001565084,-0.004488819079203399,0.014527774777577607,0.007068722187514753,0.004439654754798017
2025-10-16,-0.02779872315437104,0.0007386398293476315,-0.010871896627681177,-0.009672324182713798,-0.006553235011105163,-0.012048208013860306,-0.0016834653650498188,-0.006941862272060728,-0.007439882693857758,-0.0031025918147620235,-0.010658612911336629,-0.00681025770778676
2025-10-17,0.008114383603745612,0.0017574707583571936,-0.0034824419819061703,0.008605053409913355,0.0008575168622477758,0.008208146056264631,0.006675067239330312,0.013345242312388761,-0.0019308572394984846,0.006463957077719851,0.006744359185069326,0.005676199715046071
2025-10-20,0.011690261856922568,0.01115745283578673,-0.00032759858582209755,0.007934574141337247,0.011797441928053987,0.010583916772285873,0.010609397730359404,-0.0008779921962326354,0.011948214608255237,0.01046620979277657,0.011310237089398267,0.010400606174286287
2025-10-21,-0.001136486232959144,0.000520508690932342,-0.010159564967171075,0.012231229817772471,0.008858633229705148,-0.0023016534145187117,0.0023481331866181954,-0.004644768383822551,-0.0038233274268361095,-0.003060230600554381,0.003527174382767617,-1.4979984718554995e-05
2025-10-22,-0.005689409096537479,-0.009884201375846446,-0.00231757221458051,-0.007818708047418466,-0.012977828801261415,0.012804194897452215,0.00571905151448493,0.00567531862036641,-0.003047727069019679,0.004486345609149067,-0.008658348640128266,-0.005198867790280337
2025-10-23,0.0020980607170184573,0.012609816337266766,-0.0007743186108245537,0.004508955390619018,0.012494210562350672,0.013325712835770442,0.000547942362604692,-0.00489090441201967,0.012001881096295408,-0.0009403238658045598,-0.0033725186101327687,0.00592981410424942
2025-10-24,0.010848873675069148,0.015531568512595406,0.01173476568240095,-0.002978417341239492,0.0008398990012998819,-0.010115735283299898,-6.836268925269895e-05,-0.003276563190826476,-0.004139625310060957,0.0035294873268072458,0.0026030597993020876,0.00817264523644412
2025-10-27,0.0041423958195958566,0.01846170351277676,0.0027354787062165986,0.014390278654575983,0.00568080595229703,0.0023843643096090883,0.002328300288931384,0.0016436671747761533,-0.00044942961353744426,0.002110134125744789,0.013933375742233522,0.011797628449856656
2025-10-28,-0.006375408888908196,0.009899674229183919,-0.016477667124041973,0.00024883378266249423,-0.007124966815987732,-0.010421359953012854,-0.006285428720847808,-0.009972138997912272,0.001348721269716746,-0.022227408562574658,-0.0049505340846965895,0.0026560392684344958
2025-10-29,-0.01698433461840354,0.007186458810958474,-0.00033274623069823317,-0.008252504221896828,0.0025860057366180467,0.007440441510068396,-0.010106547107005315,-0.02358795611128328,-0.019642938348910066,-0.02727916205005687,-0.002487581901339353,0.0004804859921407889
2025-10-30,0.0026876342362409655,-0.012297351942477719,-0.004217514173871839,-0.022579948009988193,-0.0025148223957549565,-0.005908427614804035,0.0022225544950376097,-0.0010446792845782982,-0.01339606613660882,0.0056581063990679414,-0.01694039607958664,-0.010998212886887737
2025-10-31,0.0026803562936255076,0.0009653851539981329,-0.006910379260805066,0.026438449918983364,0.00239181104712638,0.007315172987979679,-0.00034657764747680897,-0.002875796048340651,-0.005802397100272971,0.0004891577691876758,0.0042861598948824575,0.0032802000099823037
2025-11-03,-0.00420078167451754,0.0040907526328628485,0.0005611919055126258,0.009377784647605969,-0.00425643301582479,0.00011338378277336858,0.0013864698074530502,-0.007865653876314105,-0.006186610370166878,-0.001711502399205811,-0.010626216698861657,0.001876696652084675
2025-11-04,0.005177246562211968,-0.026398550515791208,-0.003589473928867992,-0.016599182020421988,-0.011593133201406092,-0.010778203363726924,0.004499975285442437,0.004095977062116951,-0.004932967096934249,0.0026940462412554655,-0.006866835217100409,-0.011853640515318009
2025-11-05,0.003433892360707347,0.00391229512801794,0.00022510644544548875,0.012176637917354682,0.003865964954676171,0.0026378208615092102,0.003859288184255627,-0.0006578275171945647,0.0059017970323549385,-0.00024422047417038684,0.005407304036922689,0.0034654938502332033
2025-11-06,-0.003612117311340368,-0.020095643505699257,-0.004389420677304856,-0.023106211624724704,-0.003981786981630209,0.009723123949084256,0.0019223317699754716,-0.004477381741273989,-0.004928517310415659,-0.004886463799655516,-0.008993094228375131,-0.010729329446956037
2025-11-07,0.007059685413198125,-0.003458205805945913,0.013904638034800021,0.0015711389665669095,0.004849759241969176,0.014387861706995686,0.0013704142588315538,0.014682630879075953,0.01202842196323517,0.01325820931386179,-0.0025800232543867763,0.0009844328728789709
2025-11-10,0.0035998717132370572,0.025576053427442957,-0.00033446541466064517,0.013143464489209888,0.005673993378885411,0.009046170771193074,0.007800702850052632,-0.003650130406758878,0.009438383564650099,-0.0007269926654496217,0.010436126493184261,0.015604319116647059
2025-11-11,0.004530788308764189,-0.008527069740130178,0.0005575999051263825,0.0024689803628215046,0.00025932569330699984,0.013060384940842162,0.02308528951445643,0.013083967216261705,0.010388908216361514,0.011154317761212562,0.008121477469532845,0.002289339276604352
2025-11-12,0.008645036478447388,0.003105766067702076,0.0023409097046549476,-0.006720925001874378,0.0009724687073640048,-0.013984497236568028,0.014202395651043975,-0.001420627552289444,0.007083328438278524,-0.007913893383847959,-0.005779264325874722,0.0005564170786802602
2025-11-13,-0.012856302664592256,-0.024938800425801433,-0.013790018245889324,-0.024964346785236735,-0.015480179565935615,0.00254846975994516,-0.0005235477667810962,0.0,-0.006579693485010529,-0.01305281931638913,-0.014180038455858579,-0.016593945359895557
2025-11-14,-0.010003808711995021,0.0054432555363443935,0.0009020366580529959,-0.004784454093794466,6.571914311548355e-05,0.017020265151661995,-0.005957931537464711,-0.0007759352114241613,-0.009135606244078387,0.002939020574582729,-0.005360540321115215,-0.000163772180045485
2025-11-17,-0.01906571819159575,-0.015651454027522105,0.00901311482804834,-0.00939844150456437,-0.00980183689641334,-0.01825687990957392,-0.0008561472153839622,-0.006342430571235069,-0.01521271442792671,-0.00659339419214755,-0.0013473230701485095,-0.00931643571527141
2025-11-18,-0.001554980843041287,-0.01625299737720376,-0.0037964002909576244,-0.01845045766246378,-0.004451282993102823,0.007969882287927277,0.005866847381485796,0.004298523123822617,0.0008193142823536004,0.0036872979560291785,0.005666405203124558,-0.008397553718616058
2025-11-19,0.003698680785312769,0.006952621724409136,-0.008406120752510238,4.4512360932280615e-05,0.003336697935520272,-0.012958466876246355,-0.0017039684923828569,-0.007652206797050476,0.0025724664541477704,-0.00783745214415843,-0.005545037437988065,0.0038633299932453458
2025-11-20,-0.008727657674881706,-0.03139131201890055,-0.005086517642121868,-0.014921369781978444,-0.016760887774337818,-0.011348473020255101,-0.005973866439515918,0.0071884479979544835,-0.01492880520322315,-0.0034559592384747484,-0.0109722418683047,-0.015242367922847166
2025-11-21,0.010956746789100524,0.003858192864836907,0.0014770551997387305,0.01962378791974917,0.012176041589120112,0.006301982312242549,0.021067256899465203,0.010900757088533997,0.022377484487657417,0.013128674043890065,0.017550356642568543,0.00996129221104658
2025-11-24,0.004257766087027992,0.023828612704802854,0.011344267510295047,0.013348131310628508,0.00247279732638761,-0.002795708454924384,0.004204164941128852,-0.011553369931167623,0.001968602112526918,0.001467043093780429,0.009919499480919303,0.014718458129947765
2025-11-25,0.012526493099088487,0.002681445285864781,-0.0038137723605964347,0.021399488284058688,0.012799964044641232,-0.00628007330090985,0.02260728598893147,0.013766170299442493,0.014909944016778143,0.008056582523941369,0.011414903770859075,0.009405944613086525
2025-11-26,0.007803578379976139,0.011837706066877507,0.013286726596881016,0.006855204014220462,0.005792611851541674,0.0075611075081383206,-0.0022045490140805146,0.010889108058652175,0.012299285279318006,0.0043593692482784,0.0013998059413522501,0.006903542517632921
2025-11-28,0.0071766280640459534,0.008598238483408904,0.007111850620234339,0.006212743754106187,0.005824525076372433,0.013104812903281138,-0.004860469891924013,0.005829464310827204,0.0057373981340451685,0.004822740579847107,0.008125187779449705,0.005458463854877582
2025-12-01,-0.008250541927131927,0.0004541909903621466,-0.023391760088708025,0.0005921077829618149,-0.014639732683168205,0.009618617018615883,-0.014969857360654482,-0.0010079569038327074,-0.0024608202970713977,-0.0139188020226938,-0.00467980928229339,-0.004565522464928917
2025-12-02,-0.0009454028054737273,0.010302020259084887,-0.007117853653281769,-0.0006762292914916923,0.008716151834921915,-0.012921572374207657,-0.005988877330073583,-0.0065582812812603475,-0.009082690955377948,-0.002433670470495919,0.003308643408610479,0.0018521605335179991
2025-12-03,0.013436839030421366,0.002385089741900659,-0.0031861790475731233,0.010784985354789667,0.009492144524190227,0.018748681373666365,0.004664420626855348,0.000761849623776234,0.007015909751475036,0.0019516670286172655,-0.0008678594757126623,0.0034628390228845785
2025-12-04,0.0020541075047821877,0.003724273589680971,-0.0020548493974483772,-0.0035566582519269696,0.0051875747334548805,0.0042469409809757774,-0.007609019966838493,-0.004820617070992794,-0.005843376890771967,-0.001704418022394516,0.005732714110338932,0.000731151162097321
2025-12-05,0.00037273467443466046,0.007317964296056134,-0.009379918975164547,0.005542959190678376,-0.002773928960171812,-0.004120710180495535,-0.004158388300679272,0.00012755904792705053,-0.003277947257629421,-0.00024386306606460906,0.011572607826960235,0.0018994238357272764
2025-12-08,-0.0037258140912420634,0.007025817410254653,-0.013394896691339753,-0.01453275432320067,-0.0012292170708727568,-0.010888419247331194,-0.011940676278326401,-0.008284523820276446,-0.013835400011170562,-0.0060990191791151505,-0.007427572166900598,-0.0030042012931831286
2025-12-09,-0.0037396754972160995,0.002641709920368829,0.0007022962982885517,-8.469383374254402e-05,-0.007319079463878331,0.006164792509404826,-0.009707336797721955,0.002313246828530957,-0.0020699326216082614,-0.005891122240377911,0.0011181556669224157,-0.0008630954932499213
2025-12-10,0.011448980967282196,0.004796738863375394,-0.00046783858029253444,0.014663422787225322,0.018269560835165066,0.010503183633785662,0.014537300198304681,0.0029492654645466576,0.019589903549954935,0.0019753766419932095,0.005842429229277357,0.006632175045054867
2025-12-11,0.018185116659178213,-0.005110031717793451,0.0072547553872877035,0.003926237664389376,0.010701113270840112,-0.004763947443033212,0.009464863187396144,0.007414901665463214,0.019891433114866075,0.005421383093024756,-0.0022209042505725307,0.002326892036534245
2025-12-12,0.0014580603575062856,-0.02892474625572028,-0.004879071141266067,0.004326762742300261,-0.006276571992436919,-0.009791174729660068,0.0031254402524583114,0.00786799898406021,0.0006649556546292068,-0.0012254843144342553,-0.0022258476450686127,-0.01075200956203659
2025-12-15,0.000727968756367936,-0.009673609498594082,0.009105675708413141,0.008533707132114321,0.0015949624247986183,-0.007031385113877686,0.013241659585221166,0.002770063002509149,-0.0006645137824319303,0.003926323058138115,0.00017160608833033386,-0.001510850004248554
2025-12-16,-0.006364882380945014,0.0018269977101972312,-0.004164759564550757,0.0016429060970435394,-0.005923984519323078,-0.030537736939311277,-0.013004454514754071,-0.004520379943468877,-0.0026594799020345228,-0.008799820103543854,0.0006862405371155234,-0.0027322728752857683
2025-12-17,-0.00018295406580959295,-0.022236129646084568,-0.006505699670167675,-0.0115640032740022,-0.016211644152576365,0.02214104531373695,-0.0018173999544797148,0.004667130174160983,0.004222100328897138,0.0044389239185380625,-0.007201079280838463,-0.01100356428531768
2025-12-18,-0.001647453327927817,0.015424244195988868,0.00982240588098282,0.015101138616222753,0.006513339669325324,-0.014515341210769028,0.00078021768314529,-0.005775206717261172,-0.0004425315507972094,-0.006137856876992975,0.005699053771740958,0.007551360600256851
2025-12-19,0.005500525833448622,0.02161948213509146,-0.01273730745455992,-0.00400519831352808,0.00860680602036168,0.0,0.0066922499855153195,-0.005177508319327284,0.004427702638109654,-0.003705515743531951,0.00042924381107956044,0.009063394238406408
2025-12-22,0.0122784157112803,0.005395401640550412,0.003710394275188156,0.006011044509293129,0.011086160282808732,0.01035257346760976,0.00659180408319604,-0.0034931300885258088,0.011808413067210255,0.007419465227514133,0.004442888125044453,0.006229818660208997
2025-12-23,0.0019884150548643564,0.005442105475013559,0.0035318291078971775,-0.0013894859640755097,-0.00038199331750987664,0.0065595593591267765,-0.0019961223064883793,-0.004750910269566755,0.0017517060839133958,-0.00024869107045788486,0.006257453460477569,0.004570524308344925
2025-12-24,0.005412238957069437,0.0023982041817813826,0.004458117290146113,0.0034377938630332228,0.003248623673211659,-0.0029213414793120007,0.005226074331906583,0.007869998261720967,0.001967296904462179,0.00647085439979822,0.005963014289636526,0.0035176469336466454
2025-12-26,-0.001973855544898484,0.001572045936863553,-0.0007008460903696889,-0.0044048329881282156,-0.001841204331704649,-0.003831401928949374,0.0016046928227184676,0.0014081469195958984,0.005890051038215605,0.0019782828589085533,-0.0010161140205084962,-0.00010148328648673655
2025-12-29,-0.005393681616094104,-0.004504134914436242,0.0018700529197686055,-0.00983210423662273,-0.0021627832481577736,0.00950230056941348,-0.0015380212541993288,0.0006389422986714521,-0.008024278689461206,0.002714660793601942,-0.000678185102252038,-0.003563592192175946
2025-12-30,-0.0025307985933361588,-0.0031534649945776927,0.002333157837627109,-0.004054609863041847,-0.0028686771298365166,0.007619869766409826,-0.0008343945987172585,-0.0016605839776246967,-0.0002186176286024244,0.0022152202882255168,0.0033929663805629673,-0.0012212056239845337
2025-12-31,-0.007430220180136615,-0.009903096023203717,-0.006284871584022356,-0.007892947496348168,-0.008310902620764948,-0.005560465199095144,-0.005652584186761511,-0.006014183421225949,-0.008309706953838258,-0.009086559588413423,-0.004818591971344377,-0.0074088956888227475
2026-01-02,0.002921316045747968,0.0022921124939148108,0.01147806287166464,-0.008877040262130653,0.018437334333803568,0.02102447521417261,0.004586505220410375,0.00012879272188848212,0.01697908647122759,0.0007435947877894034,-0.006965670967071125,0.0018330346379591411
2026-01-05,0.02184601609941672,0.002217545918676622,-0.011116198393011811,0.01647657121938706,0.011836942282320129,0.027163097868141417,-0.003022401016663623,-0.004376399818977528,0.009974052919036192,0.0012381799196496956,0.007271129883222649,0.006660178462529753
2026-01-06,0.004810323261373428,0.014036827117565709,0.00491792711182959,0.006400677998262383,0.01357526679222798,-0.02665822439662635,0.01967250735483228,0.0015514071281628183,0.019750859547030375,0.006678248071389392,-0.0035668308969459828,0.005947257666825578
2026-01-07,-0.014007128547516623,-0.000818254043004174,-0.024236766939132348,-0.0014041245438793926,-0.018824881153949424,-0.011174278340390975,0.00993101922998485,-0.010971870614039037,-0.017263145792123846,-0.013759229755740732,-0.0020455877580496384,-0.0032235029947706995
2026-01-08,0.005214891747526762,-0.015628141427414532,0.0028661372102480875,0.01670794953047139,0.007548655057794784,0.03146456113981588,-0.009645506363782586,0.023753565716928104,0.017566397065711614,0.007473788321514574,0.0033308200138870703,-0.00010151182144413351
2026-01-09,-0.003041158126318444,0.01324177379895719,0.012383757269960993,0.012121759374112084,0.01098824062788406,0.0025778480364855305,-0.005122721466825908,0.010326305990214779,0.015999961135271024,0.0014836881951854064,0.0036602040467736963,0.006613390447410161
2026-01-12,-0.007895215052145077,0.004379056011539317,0.001646848375636667,0.0008840871214015333,0.007657720297643111,-0.007070792363123246,0.00044501283826337,0.011734975684670967,0.0053874925506876,0.0029629802515491743,-0.003053190689701335,0.0015704331745678424
2026-01-13,-0.01917167096408412,-0.0021118849930809036,0.00634095932329215,-0.0024894852482204577,0.005147886579160765,0.014242539359952344,-0.004066599613600674,0.011598863305807505,0.004328164314723937,0.007631721126165392,-0.005614658888697166,-0.0019994282038833244
2026-01-14,-0.0014751671562841517,-0.012151782308395864,0.007467810887753279,-0.015779714991247307,0.00158537092919242,0.022553174507504048,0.007145607649105878,0.013808499484136316,0.00041048609256377766,0.011238639263341899,-0.0021387622711804832,-0.004915399780203944
2026-01-15,0.004062756138349499,0.005252323915753587,0.01019228380642434,0.003680975982770507,0.00919210098789014,-0.00936330416809461,-0.0057011574572108925,0.0017024822738345158,0.004307664877525985,0.0074898381479129306,-0.0036864978783311964,0.002723377547714678
2026-01-16,0.0012874387463437387,0.0010998255463636752,-0.005044635990956281,-0.003259944065480358,0.006755940883782285,0.0016803027111715885,-0.007772783492418944,-0.003156446108423805,-0.005718944172443563,0.012230100469170724,-0.008949402365077463,-0.0008379420888714462
2026-01-20,-0.022777279376513748,-0.02595799708597002,-0.009910201440012978,-0.02600169082673265,-0.02019164489997738,-0.0018871898071639581,-0.0021831677117262194,0.00304469081098957,-0.010065855838318094,-0.019189602839420616,-0.014760770864612804,-0.020356746879827692
2026-01-21,0.004887132912642533,0.013888995230790346,0.0013967081206684995,0.019140368208952596,0.017305665480144006,0.02415964978403573,0.018404123642326242,0.0009713248580276446,0.021788856560092773,0.0036230219379134176,0.010222925454391962,0.01154108059120329
2026-01-22,0.006546984218517071,0.0074403695115137225,-0.007206005636732127,0.010049430680538984,-0.00516950280106554,0.0032820983915551327,0.00018951937439348754,-0.002062120960520053,0.00568642383200757,-0.009867531929180662,0.014132494656123873,0.005223125056595945
2026-01-23,-0.013752104868407167,0.0014494649416672,-0.0035119828311107604,0.004159188861969643,-0.007734164084472028,0.005724744184957942,-0.005117122946865504,0.00777938157282998,0.009087313184712453,0.002673749456662211,0.006107501102365465,0.0003629217369318649
2026-01-26,0.00640666100176035,0.0068233619735385,0.007283799115094913,-0.006578427994285874,0.0009743293044366386,0.0006099330402331571,0.003937077894512919,-0.00156803694409835,0.0012005918065594035,-0.000727183047083857,0.006925445112521134,0.005078079295646409
2026-01-27,-0.007676456340965032,0.013485863104976792,0.013062798137083442,0.003024842749257184,0.00413679888416274,0.009142554438777317,-0.016761647160031812,0.004590547399539124,-0.0009993574900075686,0.0007277122270785696,-0.007387218094103698,0.0039842915730679
2026-01-28,-0.00018868434089847064,0.007970128368420815,-0.0023025359762901543,-0.007498563875645847,-0.005573766043268313,0.007650535140373282,-0.007333601813308999,-0.010101028868708894,-0.0006002143226835344,-0.009696994854778485,-0.0012831869037739363,-0.00010073765791229761
2026-01-29,0.010568026716180734,-0.015814420408687524,0.0,-0.004763111341651305,0.01047884088114226,0.009190834725848918,-0.0031753525623668954,-0.002308193312011042,0.0010010349905655858,0.012729446161739322,0.026038559001808625,-0.0019843514508082194
2026-01-30,-0.0020542104920153736,-0.0203581156214242,-0.0018463155948804655,-0.0001649680748850857,-0.00253219789505732,0.010690885180271392,0.005981155518347325,0.016802771160552732,-0.014600064504918575,0.0014504285220788837,0.0024209254774285593,-0.0029825340247910948
2026-02-02,0.011040430048067984,0.00959113454197924,-0.014566607559422629,0.0066023404171524636,0.012632864120171838,-0.019588598300518956,0.0061392255949348495,0.011854883189445165,0.007712663193021552,-0.011344439829361175,-0.0034144172762995417,0.004971300173138626
2026-02-03,-0.009254154869631659,-0.021891594403183556,0.014547273286517504,-0.008034881206661515,0.00841643233768341,0.03236758455504596,-0.010212507615963262,0.016212914963840586,0.021147979151876273,-0.00366213061851417,-0.01612768670004805,-0.008455418456572827
2026-02-04,0.008032952680657957,-0.0278716640845017,-0.00370022781430146,-0.007355936793947859,0.0026636323388355976,0.02245024419003161,0.012524280754882211,0.01304296739766464,0.023471378789228226,0.015927498205871027,-0.00798368759071888,-0.00484383887388995
2026-02-05,-0.012416583920577984,-0.018027813385087743,0.0004642126422340631,-0.02156535404646165,-0.006021533536396562,-0.011735750240910892,-0.007626786147196696,-0.0008047065698461031,-0.026787397163900106,-0.0055475789622007055,-0.005051339229694141,-0.012489370624430896
2026-02-06,0.018202275472163798,0.040551539369915846,0.005800458938396202,0.004084722182114975,0.02856790672109999,0.019919581248878826,0.018535285480328678,0.01173501530182719,0.019999978675706576,0.018433256364059236,-0.0038723515302533373,0.019184951600759614
2026-02-09,-0.005897547921743018,0.01573015611694384,0.0029988118722878987,-0.0037290909343508094,0.0030027604208877623,0.007323925659013408,-0.008813573545325637,-0.0057994510046319725,0.013007221961932158,0.006191924757328993,0.009675125958005015,0.004821764563112119
2026-02-10,-0.007230237312113363,-0.005580710956177293,0.016559426865739635,0.006635455584810268,0.001208953212539221,-0.0011185932329255133,-0.006333231835446984,-0.0032025387738879862,0.013989949277616764,0.013964425315443618,0.005989099578776358,-0.0026371350560441265
2026-02-11,-0.015126027958502486,0.002946313106232612,0.008823514234238106,-0.00481697383193147,0.0053476346183156664,0.02612911177057997,0.005922812815951639,0.01434306120285278,0.013419019436381907,-0.0009336821612088153,-0.00714404120460288,-0.00023116280847257364
2026-02-12,-0.01990901421167779,-0.02629919517718282,0.014801466422234011,-0.013841775771896825,-0.01195385397561799,-0.01818846470458846,-0.0015999728955038428,0.00916293234809551,-0.014733250331126602,0.0016354934204632077,-0.017988713013361135,-0.015448908452140975
2026-02-13,-0.0007737905419347157,0.002514095570572472,0.027624371225838606,0.0004305879722295014,0.00822000667204592,0.0068544130379570856,0.01070518332154169,0.003362845699057093,0.0090857932833881,0.014695587275421307,-0.0005233800403776634,0.0007046233276368774
2026-02-17,0.010648511007546269,-0.0005733251775241754,-0.002580672730775113,-0.0012050351043861873,0.005224807181936741,-0.011039521366952076,-0.0019027734032588395,-0.01463526205108756,-0.011442519101526272,0.010114942610627287,-0.0015709623314615895,0.0016134293041962788
2026-02-18,0.007471319058324433,0.010252517454173438,-0.016602015567275696,0.008445290738954503,-0.00022849511000311296,0.019162800014361325,0.0019064008520961462,-0.001814108333914377,0.006072137170574088,-0.013427332981141737,0.0016608359652821036,0.00503778587126491
2026-02-19,-0.008366616007349226,-0.004967746123466843,0.010962498855742187,-0.006665508923860197,0.007426824323430337,0.00730193369826404,-0.0026004407172621757,-0.004202557810837004,-0.0035836168438043714,-0.00346022771193788,0.00479973267108269,-0.002637439777890771
2026-02-20,0.0065196833359906226,0.0047785066910222,0.004771208688314932,0.010409472142550058,0.0050471679074513,-0.005436733953546935,-0.0027978472888741113,0.0025094234459299702,0.0024606901813357673,0.008333381907661863,0.014417255947497098,0.007231744186485312
2026-02-23,-0.03353029439040334,-0.01675185423566572,0.007554477180280461,-0.020945035570037907,-0.01354183417757393,0.0049198293872847465,0.010967939529379578,0.012288047767231136,0.0,0.001147878337169228,-0.01232876028338381,-0.010211295817177612
2026-02-24,0.004928108055219926,0.012994625095586132,0.011139711493812099,0.015218721703583515,0.012297771654024237,-0.000906697019862901,-0.004226127012501579,0.008654604861267456,0.0075529090337236315,0.002751589437094637,0.00693482364668907,0.007268496179203332
2026-02-25,0.017457845460122412,0.019170332781245136,0.0033897849750792464,0.002998103711869149,-0.0077974975202979024,-0.004174170258026244,-0.00025325177027668566,-0.008134579595016067,-0.005622163619427023,-0.006631671126375971,0.0029269671264340325,0.00843831937730477
2026-02-26,0.01214570604130416,-0.013985002004381797,-0.0038006758135605834,-0.0003416199615962068,0.006264221729566755,0.0032804840659281798,-0.002597707013126449,-0.001685200896586636,-0.001130819204979261,0.004373934184624062,0.001888443012000085,-0.0055543945075478
2026-02-27,-0.020380917243515873,-0.01595626224472846,0.011657505169345939,-0.0016232166310991003,0.0024900554906313044,0.015803781942906436,0.017659716778994028,0.012941682876083327,0.00773580699580978,0.004813141055124426,0.01139483418317444,-0.004801996079766391
2026-03-02,-0.0025277010175444037,0.005621128467472314,-0.0075424262488938965,-0.012322457981356227,0.009935655249440956,0.020028692245513957,-0.010424522714900464,-0.014442899978242107,-0.0029956371322187314,0.0018247693036512747,-0.0015247848224854144,0.0005685897092166936
2026-03-03,-0.0017543583316269595,-0.014619421815503575,-0.006333149518950143,-0.00918384852642773,-0.019340394161149743,-0.009116454895647719,-0.011291221608134117,-0.010934504445928028,-0.024600965144509823,-0.005009019463358855,0.0007634590168599242,-0.0088144503358204
2026-03-04,0.0056628837969752155,0.017018138582898246,0.0042490366673755275,0.017750986245907763,0.0030209979995243774,-0.005838669190409207,0.001977881890260047,-0.006610322983406358,-0.00038511719380551757,0.0013729170546934455,0.00703632820021749,0.007055426699429379
2026-03-05,-0.005242710815684504,0.0024313431059588275,-0.00782731555495364,0.0013747639952277346,-0.022219729159213664,0.005161096012298305,-0.01999366406595482,-0.02007798077842682,-0.020993751082888146,-0.009597774332657405,-0.0029463361783145237,-0.005575600235334877
2026-03-06,-0.012883049126740764,-0.02061640024005673,-0.0034115502754430427,-0.018103910769395215,-0.012321284672251243,0.001593485825562846,-0.007861723573932111,0.004331964993685045,-0.019083230733284662,-0.010382989556227962,-0.008274249216032592,-0.013107084633170007
2026-03-09,-0.004745872793504691,0.01799118740321637,0.0023534491172292338,0.0013107062586257268,0.0058844321782904885,-0.0044193453913429215,0.010216056956759978,0.0022150005993668564,0.00260726555533064,0.002098403489968703,0.00085131414066697,0.008759940630667318
2026-03-10,-0.0053646620053463545,0.0,-0.006189972368537688,-0.0013089905565107918,-0.005381950115201928,-0.012784102711190237,-0.007195741015175061,-0.002907985880991615,-0.0022004225586819137,-0.0013960964102412987,-0.0015311403676538937,-0.0016071064194473905
2026-03-11,-0.008389928488647613,0.004793892815639911,-0.008376357619979569,-0.0026214794514899387,-0.0031173030528854895,0.024820143909912273,-0.001958629823284208,-0.013182592730084375,-0.0008019672833433633,-0.011882462135404226,-0.0032373425105107767,-0.0012550721328115078
2026-03-12,-0.01631746224174757,-0.01844329344883755,0.007147596361887443,-0.022954227108319514,-0.025075144433338803,0.009301502916976734,-0.017599034590258134,-0.004019326082247088,-0.003210212304139315,-0.006366460038670474,-0.014786340925155184,-0.015184929448649576
2026-03-13,0.0012287860265423056,-0.007544898923255938,0.009892370957426122,-0.005918193723480902,-0.003570724717407714,0.003303791310672377,-0.0024641398677107684,0.005816050285094354,-0.009863164711351513,0.002610392386240612,-0.007113722769917619,-0.005660153274538393
2026-03-16,0.008386084616542222,0.01447359476036758,0.00638836108296803,0.012087263499096723,0.008563649714762311,0.003466304520049812,0.008144741896533025,0.0028322240471010396,0.004269211706786402,0.007810604553244227,0.007689006348178928,0.010176873245252516
2026-03-17,0.005273976499765132,0.005476264505581474,-0.0027506272470626536,0.008734396000657396,0.0026496938465121467,0.010535318072347533,-0.009072235884655111,-0.0032949597134719344,0.0024291232578605992,0.0032879781768284655,0.00034678811791599706,0.0026305491982852036
2026-03-18,-0.01190477207163776,-0.011322795250814477,-0.008487172163709311,-0.02306060453269232,-0.007927982441141235,-0.0013672742001452631,-0.01670668543030418,-0.02432105477887847,-0.02100164549599548,-0.016385832661067967,-0.014821848484844469,-0.013953630828001051
2026-03-19,0.0004084243212834071,0.003406669981755872,-0.004065850783019798,-0.007868339400610158,-0.006780481055234655,0.015916473477574522,-0.003602117699229801,-0.008107458010659263,-0.01526392661650322,-0.0023798945651575254,-0.00457509261921063,-0.0024643625774001254
2026-03-20,0.001837080564033311,-0.022682865840796484,-0.04061026667041023,-0.017866896106857877,-0.01456785841009145,-0.0008423260603851457,-0.008730561183783236,-0.008295778332882198,-0.01591960450285157,-0.03172697981727002,-0.008043091823992654,-0.014335866992629342
2026-03-23,0.00903144263186495,0.013528500163203061,0.009923275163066902,0.02414350207083249,0.011369801432428162,0.011964345353624672,0.00024185425549116957,0.00426793038259321,0.016633859516631766,0.007465375324108958,0.007481656874321896,0.010500055284356824
2026-03-24,0.00020294079233451612,-0.005841619567746648,0.006922731754925193,-0.0039957111950097435,0.005826490167991416,0.020291793886514142,0.00013804802631556257,-0.0008622986960287182,0.018927467402900744,-0.008123977456921727,-0.014018250138855048,-0.0033568197458091475
2026-03-25,0.001217553053938225,0.004480425991677084,0.0035484660591780237,0.009573380853252322,0.006707347442892031,-0.004437863936955999,0.010014615828535911,0.00493161957311572,0.019814259445007032,-0.0004964644339775504,0.002789533429935931,0.005572814791767078
2026-03-26,-0.005877631645813675,-0.031149474605142613,0.0017680019058685659,-0.017158885834333226,-0.023198074311625794,0.015684353573719667,-0.0034190244859961805,-0.004539371125139691,-0.0064764533641344935,0.0004967110333395919,-0.023600150541264187,-0.017858712243157604
2026-03-27,-0.025280260055233317,-0.019471640037826976,0.005735632272493074,-0.02894424480468727,-0.012835657075389584,0.01690509028220566,-0.017016747536800603,0.00788759822217533,-0.003666723319790899,-0.0069497379903696865,-0.016266854730755287,-0.01705191879256185
2026-03-30,0.011503876701398852,-0.018626877683128873,0.00723837641359415,-0.00018923416729954567,-0.016268877204192123,-0.009590841100200476,0.0039090824867755725,0.0012228040700015264,0.00368021765970572,0.004998811707418227,0.008594892658706943,-0.003343469515220132
2026-03-31,0.0208850116808863,0.04235289028843359,-0.0006532749482434097,0.0314215666200679,0.03269269631211036,-0.011297617086887035,0.01939918597630297,0.0012214044706517768,0.01792630689514807,0.015419104442474074,0.026861764387462683,0.02906792539862124
2026-04-01,0.0014178631841892386,0.015124214295739735,0.004794093492101359,0.00752429534042931,0.0166944036596941,-0.03738162364587416,0.007639312551771749,-0.006343124135526845,0.009805801890634624,0.002939013490867337,0.0034277383923122517,0.00753442967227369
2026-04-02,0.0018203416481625823,0.008005383803204369,0.004988108584257578,-0.015027342663501586,-0.004013717301683539,0.004748192363981385,-0.006227538151296397,0.005278703332496804,-0.0009908555671316321,0.016117205515326027,0.004135225739303028,0.0009005422726844348
2026-04-06,0.0070664924704768595,0.005809162751932773,-0.003668560070703597,0.008229304841380403,0.0051291319564115145,0.007257395698970992,-0.003610153528089355,0.00940295270220326,-0.0037690312493638967,0.003604807853170966,0.000537158986391173,0.004726703240241825
2026-04-07,0.0,0.004752082407700975,0.002165902763538341,-0.011647144339029802,-0.00200475681381751,0.008042884395897731,0.001982605291920736,-0.01693690980882001,-0.002787776085251492,-0.0009577924441473984,0.0005368706015229652,0.0004400691374961685
2026-04-08,0.026463498090075976,0.030997728405821157,0.011022247607580304,0.028301042941047072,0.03749695875102699,-0.03507317566656176,0.021150245701466064,0.018705333330560237,0.033346669962468045,0.017257899263248166,0.017796425761132717,0.0254696046172882
2026-04-09,0.002539080417746087,0.0026819089317573486,0.007909456707913431,0.017325409036325512,0.010267495514039826,-0.01240308435648807,-0.0022716232234767375,0.00809373298782945,-0.0015459382422310375,0.006833141894256656,0.004041846149875461,0.005769096571727417
2026-04-10,-0.010909858921113513,0.0038712371947600133,-0.004029746452964944,0.0013305152610547655,-0.003891019128808293,-0.00680271197018345,-0.013527144194295238,-0.012941852617613048,0.005612499233948576,0.002106337392761448,-0.002800438109414105,-0.0006617946789001516
2026-04-13,0.017530057472928462,0.020964881573912963,-0.012137989534812044,0.009123879990996286,0.0070544870231346035,0.002985572354025079,0.0044803644884297,-0.009955041058085645,0.00442651766240898,0.0046706815853843064,0.007635011823601712,0.009772337225445238
2026-04-14,0.0023228455157677796,0.016001645939937914,0.0017245545652406769,0.02212081618158379,0.0035895414997011432,-0.020311629914970153,0.005811938581316456,-0.0009810398551445276,-0.0034489260348061768,0.009530415169018314,0.015154120374771596,0.012184915010662545
2026-04-15,0.007531845239613366,0.01595243792008727,-0.009683722775398529,0.014943336489913861,-0.012518106759998204,-0.0033959760856039356,-0.007122206552537147,-0.0050325072869940035,-0.012113018025048383,-0.00046048136029575026,0.006863449601033134,0.00789104262604634
2026-04-16,-0.002683531166589037,0.011443812110388585,0.007170742556177334,-0.004653967156564298,-0.0049655439379018285,0.014705955312417807,-0.007850041880442249,0.004564476428149833,0.007201248101076141,0.009214490543638654,0.012525569169851147,0.0024573146961406334
2026-04-17,0.007687904565567116,0.015326927626174713,-0.004099217445466374,0.023633459122913925,0.01866964217559386,-0.027571610524797507,0.01493762729922632,0.012648912991999994,0.002512094151442046,0.015293243620466246,0.002272113989738589,0.012085709684531931
2026-04-20,0.003814625803651772,0.0013604284087540552,-0.00888214189387393,-0.004484669633209815,0.002247681725587647,0.0009087359673338735,-0.009274237820861564,-0.0008489135174012397,0.006746292022898004,0.0035971490653590177,-0.0029386964264807025,-0.0019997769579219726
2026-04-21,-0.006270221329226389,0.0008411434806931961,-0.017486291842773727,-0.007508120830172493,-0.014145984000512257,0.014526993273658917,-0.010174973320740022,-0.006675581988637713,-0.008807196246958693,-0.01926527881880491,-0.013389427349040472,-0.006546877598048839
2026-04-22,-0.0017207972436795727,0.021979440413443463,-0.0017798016638698178,-0.0003362543272744656,-0.002333261390140562,0.011992131554121155,0.0031523923427136946,0.0032991599091900525,0.0011589688062103587,-0.007309240273046358,0.0061453786916767505,0.010126679110719516
2026-04-23,-0.0078529121631421,-0.014232362254205988,0.027189705751371473,-0.010005918729823149,0.01771526966312842,0.007782068114994711,-0.000956335945510367,0.016685003154424782,-0.0003858510923582248,0.011504884267597104,-0.004156793640979761,-0.0038807172806204493
2026-04-24,-0.0073359081348346455,0.02810576683563437,0.0019526792428439244,0.00806870606580068,-0.009191769947136441,-0.0019304769368390096,-0.014086498259309521,-0.002994710436936776,0.0021230371218512456,-0.0029571735926201548,-0.015759368986663302,0.0077492429694283604
2026-04-27,0.007584651161509415,0.002184469328896821,0.0002164768656145455,-0.007161600819477143,0.00023192384241843556,-0.0017583489653164586,-0.004993680036473047,-0.01069332877728546,-0.0026964234170173684,-0.007757267713927818,0.0023368124122957745,0.0017229416659827468
2026-04-28,0.0007719662182026354,-0.016939593170045897,0.001299078767808437,-0.007043357727411048,-0.008869052200291772,0.016557973312188112,0.0026486796183071704,0.008987133913660017,-0.007338693927961604,0.00965729746976729,-0.0005180956668536796,-0.004865980739709008
2026-04-29,0.0013500464646036825,0.007982162756139832,-0.01232432376795567,-0.0014529373160675485,-0.006141076937556167,0.022873022246524544,-0.0069521441282788254,-0.0019258536630473166,-0.00856033458859684,-0.006148937423230305,-0.003974037644318695,-0.0001546344034137892
2026-04-30,0.004044752619349445,0.0024511728932865573,0.02561292316282726,0.012923649024770834,0.027364256652144148,0.010503163263831716,0.02205275975750376,0.016763084932382988,0.010007893850625837,0.017415322732824867,0.010582015847712123,0.009949685183250345
2026-05-01,-0.004028458501274534,0.014858901495832244,-0.006403397839033542,0.002365852812524105,-0.009279434899692851,-0.013411656401884797,-0.005685316533115881,-0.0016604808296153406,-0.002331522381975093,-0.0018018583321603998,0.0018023744624160454,0.00276905737155686
2026-05-04,-0.006548475061389447,0.0011120571991711792,-0.0038668488410711355,-0.0076708251525891,-0.011447750463926543,0.009175924364450694,-0.0029623810964231057,-0.0074848199334283105,-0.013631846635163591,-0.005415159006912917,-0.00531187211347095,-0.0036633809509297732
2026-05-05,0.0001938521267477178,0.022091903048241157,0.0,0.00297309370651333,0.008363598561583085,0.0010102697386560333,0.003938421604898323,0.006224490893807166,0.01737403154322692,0.0020416536809915176,-0.004048234899350578,0.008022242913074518
2026-05-06,0.004845883295737874,0.02656523824457202,-0.014233318899961822,0.015245232502081318,0.025868550928013656,-0.04121108980787924,0.0006881443508295337,0.002141292397452421,0.017077478093074916,0.012904766439191473,0.014875041750655793,0.013899418730159985
2026-05-07,-0.005594107327611564,-0.0019995840002731136,-0.012907492357372652,8.341647877241343e-05,-0.01622663303267069,-0.01842102779736332,-0.0046766696605587965,-0.0030863386901732737,-0.019271121036585348,-0.007599401433387776,0.00025564831552404854,-0.0030660889376450395
2026-05-08,-0.006013581555983527,0.03435678042702439,-0.00886522454181271,0.002669295979641939,-0.004597690236466279,-0.0044682919995550074,-0.008499135577918482,0.0023815411079297633,0.0036965115038667395,0.00022516728941579522,-0.003748441706293293,0.008256054754597786
2026-05-11,-0.0011709799579689983,0.01344569412264418,0.009391780042008024,-0.0069050687244244235,0.010623531249776441,0.026391346602815613,-0.0031361382199355248,-0.009622261640790164,0.012986923345824408,0.0036027321079525887,-0.011629935499502198,0.0022775635209937306
2026-05-12,0.007815585335672504,-0.015066310764828228,0.0011076620463903453,-0.009047547382476373,-0.003941881282679138,0.0069966897331321665,0.019644902855511903,0.01283438691639116,-0.0022961310861595585,0.00022448115497963883,0.0024225689581722776,-0.0015148976832113359
2026-05-13,-0.011438537149696892,0.009417841440786834,-0.01150697346378926,0.0036351420894056297,-0.0041870796854123205,0.001042208092970176,0.005896417742067062,0.0033159395184714224,-0.001534301437174812,-0.008299795319133607,0.007768014969434134,0.005594852718878274
2026-05-14,0.005883530731048303,0.014984400373903917,0.0051489071581849455,-0.00042118691903281213,0.005126147599290087,0.007634946638444662,-0.0005453081612678545,0.003068942759919313,-0.007491406351647023,-0.006785791131329599,0.002997591038987446,0.007894249484761584
2026-05-15,-0.0037044633282461437,-0.018050159910438568,-0.022939940408277182,-0.018033184909911015,-0.017821352244417388,0.02359216197536207,-0.010434342888505532,-0.004000995864486545,-0.02651446071861896,-0.015486183557402722,-0.008795159089675542,-0.012029288059682064
2026-05-18,0.012524498460460665,-0.010779521388210256,0.001595654191965723,-0.0018020860769989433,-0.0037922229844606914,0.0191790434698913,0.004272819069830236,0.014886605730816349,-0.0015903509573886865,0.012028705960979602,0.00775329268981384,-0.0007035134425675826
2026-05-19,-0.012369575728295001,-0.00642350012897297,0.009103298215668909,-0.011090120744809306,-0.011771590087368722,0.011720066041833288,0.010980048008129684,0.0022118676195619358,-0.02349664310252242,0.004342795703540014,-0.00965983300353146,-0.006660884222331576
2026-05-20,0.010958889332208122,0.022512121983062405,0.003834034331932301,0.025297749193406327,0.011793240461504206,-0.024310725220016427,-0.0012896922101737207,-0.006621047411739522,0.013866240754648818,0.011151593004644633,0.0021579646213443215,0.010249029332388027
2026-05-21,0.0013550117427929553,0.008242102500676696,0.011008801452061956,0.006443914653521343,-0.0011714375307978475,-0.011203955906614271,0.006932518775571772,-0.010056022096946116,0.006033770478143463,0.00157553995653692,0.0,0.0019831294549137457
2026-05-22,0.004059534511445362,0.01002233382004114,0.007777671232128691,0.0040438440540711,0.007271520416560984,0.0060882717530663655,0.011744860563143389,0.0016537067022670549,0.005397824198036805,0.001348313751710739,-0.005512462039562238,0.003931565762728351
2026-05-26,-0.001732797866781488,0.026331900373299133,-0.0004408777293171129,0.00226547689414347,0.014728984599569062,-0.02756772868289903,-0.00920669386623274,-0.013797303864103938,0.01391932701655052,0.0033662456240102223,0.0007794992879763818,0.006638589859918387
2026-05-27,-0.008293121474133192,-0.0038350062732669388,-0.004191540848594744,0.017580590184682388,0.0,-0.01486592519908081,0.0018853426041813837,0.011359618490399237,0.003726159107241722,-0.0017892790605721354,0.006144549433138469,-0.000173263723814987
2026-05-28,-0.002917127710174605,0.013121573333043868,-0.011298169882733577,0.004195755025214298,-0.0028686542827530692,-0.0007018990174222361,0.014046765211363388,-0.0017734396955115805,0.003516988039771851,-0.0049294451552558405,0.003526507295828374,0.005516626676954184
2026-05-29,0.006046423384630684,0.022317395287870356,-0.004705445575640788,-0.009749210723154822,-0.0038549745903126986,-0.01158909735911795,-0.009345274161461248,-0.018003025071625434,-0.004088772548915265,-0.009457323420808739,-0.008399677691970253,0.002491413132097442
2026-06-01,-0.00290807876511745,0.024814100186359767,-0.029716300484194713,-0.02217262014878474,-0.004216496658847824,0.01794274857852307,-0.010905236666860163,-0.010613959197008804,-0.004496614794415876,-0.016367345717664294,-0.0006915327536861637,0.0027230637662387647
2026-06-02,0.0005832525245248465,0.012515404968047594,0.018561524392079587,-0.005076584389524075,0.01038287229773327,0.011518309160279738,-0.009740212282451588,-0.0024381545621792178,0.011783228775077648,0.005084380384328568,-0.017645527317045273,0.0013579961566574372
2026-06-03,-0.011465211220248128,-0.009989501650979227,-0.0043280764502077185,-0.0073134983800982045,-0.0008037620242684618,0.012939941436158398,0.007855246388791315,0.00403277819888892,0.002135136155527073,0.000459757544257533,-0.01311969336755392,-0.00701716271996522
2026-06-04,0.025948483355990426,-0.015593921063700944,0.0052619925272345824,0.0045403916066477645,0.012122990055144056,0.0006813358606874154,0.030701401773151504,-0.0014606341289633562,-0.00019378412033688175,0.020455203746770234,0.009189874362827588,0.003778634283035931
2026-06-05,0.0021076702252686985,-0.06662526794232948,0.009330898145143651,-0.02046738828985417,-0.011239884937144007,-0.018383019677271517,0.006115216520245159,0.017064909056976996,-0.01917855508867583,0.006756665402448014,-0.012730974360396274,-0.025809369612244448
2026-06-08,-0.006309711883938474,0.021519703157107717,-0.018714770601469755,0.0046143125552828845,-0.00315753588025125,0.011444477060611469,-0.0023528509110861684,-0.004434373609165654,-0.013233321049097468,-0.014988833981129712,-0.00519390901915362,0.002264222440912178
2026-06-09,0.009428503851667713,-0.018514446487218672,0.010569842238790761,0.004159842907795808,0.01134595984579101,-0.016115206955891637,0.01257793186302636,0.012399193091579663,0.016213074782919445,0.02134918426392174,0.0035107057037639944,-0.002935437064612745
2026-06-10,-0.004384318263429665,-0.0229020368239764,0.00045478586176384006,-0.020540327278749104,-0.033826927429019715,0.014985213625156257,-0.011127646530571189,0.016527975151995555,-0.023045184374974825,0.0004447121103057228,-0.004216003412105596,-0.015765592933211114
2026-06-11,0.007467026131513288,0.03725298693858181,0.001136360562739247,0.024759968793821363,0.03235878054544039,-0.01939915916001489,0.008112446223346392,-0.0025734777409182064,0.03266134554318989,-0.0015560143349702127,0.009999140054523847,0.016996857394830034
2026-06-12,0.013683022953955737,0.008678553878987083,0.010896643985297327,0.002579509232642163,0.005880725469671111,0.007528023498814651,-0.0018171689343482456,0.006450113852036754,0.018742695483695115,0.009795243247855412,-0.004191937581309868,0.005408207317551872
2026-06-15,0.004124458310496459,0.03782466999690581,0.004716012864674823,0.016895346774274955,0.014189955629527962,-0.03475238655856139,-0.005981368159746814,-0.0039616556562490635,0.006132574350850684,-0.008156905089510058,0.0048365271631682916,0.017634009390668393
2026-06-16,0.014749824195841255,-0.02789509151533598,0.007152451105024271,-0.0009277061049753899,0.006548110678736618,-0.0034203604371415564,0.0003270914632136357,0.0012867095761588399,0.004190487665203246,0.002444957660791891,0.0011587385179547827,-0.005961575485861181
2026-06-17,-0.005519801952303616,-0.003432732600348376,-0.013315627896491322,-0.025071775386422912,-0.0013900651843954392,-0.012463925512246954,-0.014580923705685533,-0.022315653647182465,-0.013277676860839027,-0.025055388253611754,-0.027777809937164166,-0.01248789492983049
2026-06-18,-0.008880674514815556,0.030355234262014363,0.006747620147946165,0.014460197356249482,0.007294033119451537,-0.016462319337327003,-0.008692272444105198,-0.004541095426350172,-0.0040368964013657305,-0.00250176237458255,0.0022893791175533362,0.010396979807429707
2026-06-22,0.005938245250672214,0.004905488430143157,0.005486179226624088,-0.016993568451017182,0.007391971942213749,0.012643986326684953,0.008847480418207265,-0.006600072931428391,5.8088459559790806e-05,0.012442796869103878,-0.021123790815122057,-0.0031469282666526377
2026-06-23,0.0033519609426151398,-0.04142592614062923,0.007826441515369709,-0.010266228293994706,-0.02007705772278945,0.007399143563086685,0.01412764995121174,0.018739363711469226,-0.014529252528456382,0.014084482631472106,0.003836758659676809,-0.014522012225013592
2026-06-24,-0.0029695590987430798,-0.006189257693348993,0.010428249919804289,0.011515449490102858,0.011563361706202535,-0.01634225862303018,0.007688352503913531,0.00860011001200367,0.005700824093109569,-0.0029122103470587968,-0.006805218144716352,-0.0004635003677893046
2026-06-25,-0.005026069464414196,0.008303765348920189,0.006807148712376421,-0.014947433955546319,0.021696844002278448,0.009706934118461685,0.01486794058395935,-0.005921364111126759,0.013291640093900048,0.001797390116188513,-0.009010691535790483,0.0014456368287247834
2026-06-26,0.002245068852608334,-0.018746310757788986,0.007633637960007933,0.0089987144789756,-0.015859212722044713,-0.004621926405892984,0.030264032045907108,0.009173178707063911,-0.004629661993834189,0.014577293645539058,0.005682879936687257,-0.007231332133985857
2026-06-29,0.0028001031684419253,0.023742493717997526,-0.0038961104373005373,0.024044766406916773,0.008609258194630875,-0.00482909213960514,0.002494755921226721,-0.004013650591019102,-0.018217028188100115,-0.007073463696925519,0.01601051933844566,0.01647481275894025
2026-06-30,-0.002047665820029243,0.027560544250158303,-0.014776190752102902,0.0013660863128652778,0.013514999425165541,-0.008771952307599862,-0.012940162747121176,-0.0154083561625874,0.0033557438640865467,-0.019812988110576635,-0.006952169253751417,0.007786815227913024
2026-07-01,0.021824252110144382,-0.02571913208791443,-0.012571673862062926,0.006906527686089348,-0.010095530747288528,-0.005648639307341163,0.0055463860060001036,0.00276878966869587,0.0037379228775258344,0.0034068028625391378,0.02436292987273725,-0.0013525036475483532
2026-07-02,0.015334066654002054,-0.027098367156627057,0.022112974171253352,-0.008214019996521604,0.0029995803333715543,0.00776367802973521,0.02632576397003228,0.02028805222205876,0.019404113188691285,0.011317338083889128,-0.0012757371275169405,-0.0013140507435593918
2026-07-06,0.00934916338996139,0.016501528582748337,-0.01005242791401495,0.007599038326306928,0.008971746308677364,-0.0016910964021714658,-0.010870885059126145,-0.010471813295901189,-0.0005767886995768912,-0.008728723970112817,0.005565699077045183,0.008727392224116226
2026-07-07,-0.001603137755011863,-0.02391466183625479,0.008830055907631529,-0.005253815230562453,-0.01713727483089189,0.02842082234474863,0.015312395805962442,0.009036886444942382,-0.009041962771108247,0.013547041357381051,0.007349583207717059,-0.004751890339538711
2026-07-08,-0.019268475130385432,0.012389782963771578,-0.007439828159994555,-0.017803870421307155,-0.010746828936245456,0.017569529560692576,-0.013013861334689292,-0.005538548401162635,-0.02620847443430685,-0.016484693112742033,-0.014051500682432883,-0.0030894091522385425
2026-07-09,0.01036928655933056,0.021775150716296654,-0.005070536577193918,0.013443151616114868,0.0038244232812825185,-0.014028755408328375,-0.0008010158987553639,-0.014101225856297583,0.001993590000504142,0.001811959537771024,0.009592573182350517,0.008465256756416295
2026-07-10,0.003060824021300812,0.0023198956656149683,0.006204271497230129,0.0033376071436990173,0.004472406580884547,0.004742833594999496,-0.008201281655495385,0.011057762404873328,0.012534840611909015,0.004974027198282993,0.010225293924299939,0.004310118179872147
2026-07-13,0.006462046603262328,-0.024222198458220046,0.006826720421332144,-0.010235388690782443,-0.008520245532975146,0.030137977346184286,0.0035439401715806618,0.005587179932987851,-0.0060915221519300955,0.005624296866344247,-0.00044789548576840144,-0.007656140611366324
2026-07-14,0.0019618443187134904,0.01290818818208117,-0.0006562246980115205,-0.001206475254600825,0.0004435429019262749,0.0037010764585923006,-0.019329721239012554,-0.013831401106483177,0.0011861913092481302,-0.004921727448504387,-0.0012545872770218791,0.0035506379166867497
2026-07-15,0.006763991919740642,-0.011109864613768616,-0.01028665835264686,0.009490927175488162,-0.002161260162061973,-0.00790168142073655,0.0,0.000599413244490199,-0.0027646009347515044,0.0017986023353870895,0.017317185805505897,0.003963630921285599
2026-07-16,0.0033592401360638124,-0.022359276999959765,0.005528527051112508,0.002905951605902679,0.0004998130573745652,0.00920354792502076,0.02217455249543243,0.028033979916969765,0.007722760191058109,0.020197434547681414,-0.006438487786407654,-0.005418616825605738
2026-07-17,-0.008634390809987624,-0.010872058856015498,-0.006597823701425698,-0.016192210293011877,-0.004107633968615132,0.011574883235944355,-0.004388174910232023,-0.007225208423577323,-0.007074093430325168,-0.0008799145695761457,-0.01775410539644373,-0.009897199757215702
2026-07-20,-0.003910369935465452,0.0006834693233070954,-0.005091865210533841,-0.0071898978993523155,-0.007190282139179938,0.004507599170554766,-0.01142216388180417,-0.0038737154783117234,-0.009895112053809552,-0.00418314914946194,0.00135563961871088,-0.0016143534967409945
2026-07-21,0.0012491023140726032,0.02885431604180555,-0.00044504802792288967,0.0022685815796688047,0.003031712102656403,0.009665194797447985,0.006279434850863463,-0.009427327904829474,0.0013991544379805543,-0.0006632496042556779,-0.006949496852461712,0.008341327043244195
2026-07-22,-0.001069352568852877,-0.002821078162847823,0.022484465213730154,-0.007399722148443311,0.0010634861609293278,0.011965825007512088,-0.005117050385140431,0.003806801143447114,0.014371282288063059,-0.004203593765468194,-0.007543413980395819,-0.001162766737217713
2026-07-23,-0.003925020677973512,-0.010096007550252084,0.0056607515742581604,-0.046132210679693975,0.017277026739949797,0.003040545656351812,0.012607475744620844,-0.013865823738195449,-0.010428941016913273,-0.001332982911155689,-0.03498168316465056,-0.012349253784127878
2026-07-24,0.008597519729425018,-0.014401749001851094,0.0021650203895120512,0.005976475846926954,0.003957355232723003,0.004041728855717297,0.006999534599379187,0.011056341534283032,0.019288076920801256,0.022246940668007475,0.008730364607311802,0.0010159657563921787
2026-07-27,0.010122530295205712,-0.008983407932626752,-0.013177805104491735,0.013070035900898835,0.002956275458811941,-0.021133819927986575,0.005105410191748039,0.01462027097455576,0.0025361114391730943,-0.004134982334091597,0.012793984678338921,0.00021661654234961247
2026-07-28,0.012658182005721885,-0.018416561432382683,-0.003502623606462252,0.014796166304837044,-0.0038754992735000604,-0.013536684497347573,0.02362301563362923,0.0199156154649327,0.018486101852937864,0.005463286913678811,0.018669835021966952,0.0023947666975516757
2026-07-29,-0.015972190856196944,-0.026418780235082928,-0.013400716261362078,-0.007734732580165771,-0.03194696506967376,0.018759802619067623,-0.0060982246034343435,0.0034459345298729627,-0.011463478646769332,-0.0010867037358083254,-0.0014588860708137918,-0.015387445003102407
2026-07-30,0.00564572500178695,0.054991823260780226,-0.00556668895233603,0.006988610115862048,0.009792797982999923,0.005285550733651112,-0.016361893231620295,-0.021634608246837495,-0.0019327848004299097,-0.01436031028197049,-0.02675554970340388,0.01676574369337569
2026-07-31,-0.0010526556717721514,-0.002162349247493256,-0.006941365301168512,0.032921051413253855,0.008128241231029065,0.01000678700389046,-0.005932003396274865,-0.004913983420460899,-0.023431431037452932,-0.005077252673509114,0.015575117322161214,0.007199869193782904
2026-08-03,0.007727475448161547,0.015340673447306274,0.0002255273184801343,0.01826171774880203,0.018460895194754023,-0.012762356528465246,-0.0019070904507768605,-0.002234008637138074,0.0115010512164897,0.002440661439902181,0.028640045595924146,0.014242990614400597
2026-08-04,0.008713837411861602,0.04976410326028491,-0.005635707767363329,0.0006767771903755104,0.017689398174243864,-0.004592625507041981,-0.0008629153409042134,0.006009923786970406,0.019407992766956816,-0.00022138415588546234,0.006287090000545392,0.01802895214665101
2026-08-05,0.002073236518146393,-0.005296898163213992,-0.010201785461636304,0.002958817071706976,-0.0002681748637637371,-0.020676675922891796,0.012708189272233827,-0.0004685593796462939,0.012307680570162294,0.0006642150810349801,-0.010442682607861076,-0.0019965624761277834
2026-08-06,-0.003275838391534225,-0.0031197989329764253,-0.006413164916982295,-0.004551592366026758,-0.008532393585200415,0.014831590538352923,0.0017665282630578982,-0.0025782399622902297,-0.008928594721745897,-0.008628304935078823,0.002796045376695089,-0.0015978064697251826
2026-08-07,-0.0036326395810629686,0.01424485708501222,0.00530197179744607,0.014902643175022101,0.0022732094686752635,-0.011348002908247556,0.007479451203189713,0.00011752010526078216,0.013226039210731289,0.003793755048769887,0.0006296068954134704,0.0061153280785064545
2026-08-10,0.003645883762727342,-0.008777963961105972,-0.011006639200146995,-0.0015852030739088585,-0.003132015310536751,0.04660870095957881,0.016658678703747043,-0.00199724850627625,0.006053720982393429,-0.012894575861718272,0.0052134996049859605,-0.0002974431285415191
2026-08-11,-0.00017301740171016267,-0.0012344942962989602,0.01159285851188252,-0.0035932172788096794,0.005958780110276507,0.012462612100310855,-0.002552884874956529,-0.003060559342860758,0.0011282695176135782,-0.007207200086191579,-0.005007647132424298,-0.003195199981383512
2026-08-12,0.0020761061153755644,0.014885293820046774,0.004813180823553198,-0.011321691532261258,0.0009693480750054828,0.0016412025869068092,0.002559418776439726,0.004605022770170164,-0.012396690958014212,0.009301266569441413,-0.008987148648955334,0.0025046088948632583
2026-08-13,0.0058701685658923974,0.010113330805552767,0.004562061182557864,0.004750170171287094,-0.0004842457193631189,0.0004916040405413824,-0.0003561954270014933,0.010813330384879194,-0.0051350408589032615,0.014160423233314567,0.02067658001361483,0.006977515074108265
2026-08-14,-0.0017164173876079714,-0.003983906005157634,0.006130800457555763,-0.00211059524222057,0.0038753498397205988,0.013920708401636173,-0.005998394918256156,0.0010464690452398617,0.004396855977789382,0.003324501982044703,0.003553921684928074,-0.0019797506799419384
2026-08-17,-0.00997245560314819,0.0016315605828389756,-0.0029338989863718634,-0.012267317983748471,-0.0010186434411707523,0.01082219326916345,-0.0019118842968576244,-0.016378163464902618,-0.005709920666786439,-0.009719430577861288,-0.018857877919146948,-0.004727362317670902
2026-08-18,0.004515427462056465,-0.024695313294227472,-0.0036215447330670836,-0.0033404658642264273,-0.014759552876222659,0.01757747590181813,0.016043056730450367,0.010628265501126721,-0.008805568231050276,-0.0044613150740696605,-0.0030680052231267796,-0.00675574496080833
2026-08-19,-0.006224076926034661,-0.010666931255380319,0.0,0.019164624577534317,-0.008825027571717214,-0.0015703277896021994,0.03505565956528667,0.011217563261658015,0.014291264888222965,0.008066336583817835,0.007603152718748563,0.0020977847370853286
2026-08-20,-0.009220577305457889,-0.0029404992808078623,-0.005679236651527808,-0.01610587816591902,-0.011981273494614975,0.002673767915216896,-0.018727193893982697,-0.014097541111583567,-0.0019040801208443092,0.0020004478601958198,-0.005749186052847244,-0.008399827926766523
2026-08-21,0.009306387571495378,0.0011468675482151358,-0.02284669841310516,0.011484370366694252,0.0026700546038347373,-0.0017254997702206287,0.012935760400454965,0.0078527680654219,0.021365944023354455,0.0,0.006505251343674301,0.004091229991858514
2026-08-24,0.012874072448853191,-0.017784051880715857,0.010521411225698607,0.002372533610030869,-0.006934812760055475,-0.008328076435888287,0.00045814816911993184,0.01697870823052794,0.0007471220553481039,0.005545696314230852,0.008258511277772218,-0.0029384361156037375
2026-08-25,0.001545863117500046,0.009386294988956045,0.002082372745162653,-0.0029586313988723134,-0.0033519894051152743,-0.016637604609503365,0.0033771971848712834,-0.010634652231334085,0.0,0.0006617864126430284,0.007656700611540224,0.003195939766817757
2026-08-26,-0.0008575381680699934,0.006052552060519911,0.004617800551849571,-0.006697696537283249,0.010874453518938676,0.0059619549419476225,-0.009983456369602406,-0.0028895054288011757,0.0016796628371607003,-0.005952390964078957,-0.00503622277157878,0.00022200767959623668
2026-08-27,-0.006522438454611534,0.03155767002859644,-0.007584418043843133,-0.010925284812920988,-0.008539388474021248,-0.0022425018254698115,-0.011294177313044385,-0.01379384326320543,-0.008198223248004122,-0.009536489326250397,-0.010656220066940336,0.006552844629756693
2026-08-28,0.003800922632101411,-0.015481672018960002,-0.010421509026379394,0.011477406477203411,-0.009284136654230668,0.006261027194032653,-0.0024478270454785234,0.004348790658493584,-0.0009393056075620576,-0.004030459153398613,0.014181798310069604,-0.0022694869107554583
2026-08-31,-0.006712554214991062,0.004362095686057943,-0.011701380888286095,-0.005289674527982902,-0.01134692623778677,0.02042116740690547,-0.0036224022126135624,-0.005500217765873949,-0.00921402173100605,-0.008318321395966555,-0.013541010781693896,-0.002989548034258882
2026-09-01,-0.00883726095345616,-0.015335123916094151,0.007814393431963884,-0.017154130395576783,-0.013704157416539742,0.012664127113635182,0.006626040385240062,0.0031771785408429842,-0.011766918733045584,-0.0015869347960922875,-0.0052036769766624635,-0.006870413937474118
2026-09-02,0.008041941928971008,-0.00021778090974589048,0.002584511092692976,0.0023562639068839264,0.0002894867885985253,0.005094979900543306,0.007456158868465623,0.003284443158907635,0.016900347095694546,-0.007039086440657094,0.013888897489847896,0.004436916429827686
2026-09-03,0.015608767399594381,0.012908469708063475,0.008436855537846455,0.013929988382543224,0.010302111308442496,-0.0073732064330211955,0.0017924114718921302,-0.0031567478886923572,-0.006232329108589174,0.011891160832540937,0.008539397794954384,0.010468417941536634
2026-09-04,-0.007855240580300404,0.007044133731219926,0.0011620509685412728,-0.013309251541716138,0.004067407904430498,-0.00866612757948082,-0.010446713701831145,-0.007975607414239305,-0.0034207584346169773,-0.007231631521451232,-0.011906848710744655,-0.0038542322600894074
2026-09-08,-0.013769350397089597,0.003150343559036095,0.008588647078887623,-0.008006315977894363,-0.004849695229049433,0.011083345481292639,-0.025196804562987674,-0.0066210117742355745,-0.009534706580738517,-0.0006828768287838738,-0.004552371166540725,-0.005492178930014524
2026-09-09,-0.004188444449652051,0.0,-0.011737678418304531,-0.013422219562854942,-0.015078574191160432,0.0083372077121322,-0.003290869596655921,-0.011544794454459661,-0.010589126908018831,-0.011161769053195658,-0.006187184655502942,-0.004647717444469568
2026-09-10,-0.0033298709574722807,-0.01410546636162624,-0.009781047563519718,-0.004446025289618127,-0.007218058576378694,-0.005818362695191537,-0.005522860840633026,0.0004815567087683714,-0.012259215325893469,-0.008293034130775867,0.006045277974159324,-0.005994275703456675
2026-09-11,0.006681925008832357,0.013227496663942073,-0.0030574098474991374,0.008931761416374417,0.010671310658829869,0.0032342381562551203,-0.0018109564476994633,0.0034902025310969975,0.0037431530277582947,0.00859463271642169,0.009865457167005376,0.008524301461116268
2026-09-14,-0.0038428160821506463,-0.018063619239750195,-0.013446560581065081,-0.0009738014451408095,-0.014155610086009407,-0.009364455266613003,0.014453310237220851,0.012473026502584972,-0.009028441169470103,-0.006909241126479615,0.02193606797668668,-0.004461653484890693
2026-09-15,-0.003156238979986181,-0.0029302870073248943,-0.011956002000207633,-0.01745681211643868,-0.006355479425731447,0.021695359559313454,-0.0005364908369038801,-0.008173357343965737,0.0047533740501317645,-0.0011595370663048943,-0.009037984863869974,-0.004586752409134642
2026-09-16,-0.016182905780799728,0.0010340000921804648,0.0,-0.006313103946443466,-0.0008291346436943847,-0.028818466814564014,0.0006560933314379014,-0.004777278273520813,-0.007293493696500342,-0.006036645539248653,-0.00903270008176027,-0.0044098804847823025
2026-09-17,-0.0008939609652732772,0.022454221971794253,0.008954475668379924,0.010982021066629155,0.0017781268509906578,0.0070280272718390435,0.0061989226896832506,0.0019200291515559798,0.006949929902287488,0.003036609419477143,-0.00575222589273372,0.011338753705953053
2026-09-18,-0.0003579179917926334,0.00818892143419303,-0.014152078964327464,-0.003231893458336965,0.004378471789928007,-0.0026365662141604185,-0.0024879934542948456,-0.008264400882337819,-0.014198332064776609,-0.009548203552039447,-0.013707173444083898,0.0012869590529585029
2026-09-21,0.0007160922858981955,0.02768987252634192,-0.010705563091104042,0.010807931107178259,0.0013549085569311003,-0.02876688764348867,0.0036818998719327922,-0.01062807790311815,-0.005601171926240434,0.0014108011994635739,0.03555638054520194,0.015504992215651825
